Date,Open,High,Low,Close,Volume,Dividends,Stock Splits
2021-05-17 00:00:00-04:00,123.61802565600583,123.72524895126948,122.00968366381709,123.0819091796875,74244600,0.0,0.0
2021-05-18 00:00:00-04:00,123.36460169987382,123.78374532662899,121.62954445690447,121.6977767944336,63342900,0.0,0.0
2021-05-19 00:00:00-04:00,120.050447495282,121.76600548369002,119.75801895076617,121.54181671142578,92612000,0.0,0.0
2021-05-20 00:00:00-04:00,122.06818662946591,124.49531683623646,121.94146411990351,124.09566497802734,76857100,0.0,0.0
2021-05-21 00:00:00-04:00,124.59279439116175,124.76825004025154,122.04869119774337,122.26313781738281,79295400,0.0,0.0
2021-05-24 00:00:00-04:00,122.82848472896345,124.70975612799803,122.76025239580743,123.89096069335938,63092900,0.0,0.0
2021-05-25 00:00:00-04:00,124.59280739844195,125.08019086281091,123.13067931563903,123.69603729248047,72009500,0.0,0.0
2021-05-26 00:00:00-04:00,123.75449350065962,124.17363709199465,123.22812661130169,123.64727020263672,56575900,0.0,0.0
2021-05-27 00:00:00-04:00,123.24765937855402,124.41735893784336,121.92199591174959,122.116943359375,94625600,0.0,0.0
2021-05-28 00:00:00-04:00,122.39959761550023,122.62379382802953,121.4053539348129,121.46383666992188,71311100,0.0,0.0
2021-06-01 00:00:00-04:00,121.92199367561527,122.18517346875952,120.81077688364034,121.1421890258789,67637100,0.0,0.0
2021-06-02 00:00:00-04:00,121.14217571934485,122.07793673418138,120.91798692698966,121.90248107910156,59278900,0.0,0.0
2021-06-03 00:00:00-04:00,121.53208465063497,121.69779071261881,120.02121601385367,120.42086791992188,76229200,0.0,0.0
2021-06-04 00:00:00-04:00,120.93747667465416,122.97471215998662,120.72303005127523,122.7115249633789,75169300,0.0,0.0
2021-06-07 00:00:00-04:00,122.98443979955707,123.13065406520676,121.67827588309044,122.72126007080078,71057600,0.0,0.0
2021-06-08 00:00:00-04:00,123.4035896495703,125.21663622404847,123.02343700167279,123.54005432128906,74403800,0.0,0.0
2021-06-09 00:00:00-04:00,123.99818609803275,124.52455300706954,123.32560491924683,123.92020416259766,56877900,0.0,0.0
2021-06-10 00:00:00-04:00,123.81297704481983,124.95344236430199,122.7602506959565,122.92595672607422,71186400,0.0,0.0
2021-06-11 00:00:00-04:00,123.33536251537065,124.22239035571975,122.91621888119515,124.13465881347656,53522400,0.0,0.0
2021-06-14 00:00:00-04:00,124.59280941543645,127.24412880162201,123.86174536220003,127.1856460571289,96906500,0.0,0.0
2021-06-15 00:00:00-04:00,126.65926509447159,127.30260492232891,126.12314857125716,126.36683654785156,62746300,0.0,0.0
2021-06-16 00:00:00-04:00,127.07839160028391,127.58526671760069,125.21662690472674,126.86394500732422,91815000,0.0,0.0
2021-06-17 00:00:00-04:00,126.52279301183641,129.20336059736883,126.37657131032402,128.46253967285156,96721700,0.0,0.0
2021-06-18 00:00:00-04:00,127.40984859905477,128.18963835001367,126.95171393992158,127.1661605834961,108953300,0.0,0.0
2021-06-21 00:00:00-04:00,127.01018237446559,129.06690958900398,125.9477063159808,128.95968627929688,79663300,0.0,0.0
2021-06-22 00:00:00-04:00,128.7940225179483,130.69478647451197,128.29688933993518,130.59730529785156,74783600,0.0,0.0
2021-06-23 00:00:00-04:00,130.39256533356104,130.92868185123652,129.8661909803765,130.32432556152344,60214200,0.0,0.0
2021-06-24 00:00:00-04:00,131.05539194095186,131.240597184488,129.5737648661965,130.04165649414062,68711000,0.0,0.0
2021-06-25 00:00:00-04:00,130.09039090512184,130.50952706925113,129.45679326652197,129.7492218017578,70783700,0.0,0.0
2021-06-28 00:00:00-04:00,130.04165459260284,131.83519451956099,129.98317185834844,131.37705993652344,62111300,0.0,0.0
2021-06-29 00:00:00-04:00,131.3965550234282,133.0438880631515,130.9579196567259,132.88792419433594,64556100,0.0,0.0
2021-06-30 00:00:00-04:00,132.7319215611561,133.940618881177,132.4394931109139,133.50198364257812,63261400,0.0,0.0
2021-07-01 00:00:00-04:00,133.1510868534501,133.86265142282898,132.33228412965926,133.80416870117188,52485800,0.0,0.0
2021-07-02 00:00:00-04:00,134.41828334809892,136.46526832234767,134.27207651002422,136.42628479003906,78852600,0.0,0.0
2021-07-06 00:00:00-04:00,136.53351700878477,139.53574001915328,136.53351700878477,138.4342803955078,108181800,0.0,0.0
2021-07-07 00:00:00-04:00,139.91586805219615,141.231788943126,139.05809657469072,140.9198760986328,104911600,0.0,0.0
2021-07-08 00:00:00-04:00,138.0053823208354,140.42276298269945,137.11835448019005,139.62347412109375,105575500,0.0,0.0
2021-07-09 00:00:00-04:00,139.14579827567587,141.97257211610253,139.0483171610971,141.4462127685547,99890800,0.0,0.0
2021-07-12 00:00:00-04:00,142.51853271745705,142.62575605967336,140.36432370512543,140.85169982910156,76299700,0.0,0.0
2021-07-13 00:00:00-04:00,140.39350901995923,143.7369156295679,140.00361422588887,141.96286010742188,100827100,0.0,0.0
2021-07-14 00:00:00-04:00,144.36078433286042,145.79367103404422,143.95137538377713,145.38426208496094,127050800,0.0,0.0
2021-07-15 00:00:00-04:00,145.47196100861444,146.21276700697837,143.37623575739534,144.73114013671875,106820300,0.0,0.0
2021-07-16 00:00:00-04:00,144.7116829108476,145.97884856339024,142.1968210625346,142.69393920898438,93251400,0.0,0.0
2021-07-19 00:00:00-04:00,140.12058929133983,140.43251704679776,138.0931035014654,138.85340881347656,121434600,0.0,0.0
2021-07-20 00:00:00-04:00,139.83792120496685,143.38601770583355,139.35054523026795,142.45999145507812,96350000,0.0,0.0
2021-07-21 00:00:00-04:00,141.85563485293181,142.44049190950972,140.97836414159778,141.72891235351562,74993500,0.0,0.0
2021-07-22 00:00:00-04:00,142.25534043105876,144.45827507929783,142.1286178837598,143.0936279296875,77338200,0.0,0.0
2021-07-23 00:00:00-04:00,143.82463382519293,144.96509166825837,143.210535419876,144.8091278076172,71447400,0.0,0.0
2021-07-26 00:00:00-04:00,144.52647939059113,146.04709009069717,143.97086362595675,145.22830200195312,72434100,0.0,0.0
2021-07-27 00:00:00-04:00,145.35500444699645,145.4427434254304,141.87514775749966,143.06434631347656,104818600,0.0,0.0
2021-07-28 00:00:00-04:00,141.15382825419624,143.25929604709813,138.94113715127986,141.3195343017578,118931200,0.0,0.0
2021-07-29 00:00:00-04:00,141.03684881635502,142.8498878684949,140.92962551695572,141.96286010742188,56699500,0.0,0.0
2021-07-30 00:00:00-04:00,140.73463322642874,142.6353957698728,140.47144614394318,142.17726135253906,70440600,0.0,0.0
2021-08-02 00:00:00-04:00,142.66462813296513,143.2397279402483,141.5826533882071,141.84584045410156,62880000,0.0,0.0
2021-08-03 00:00:00-04:00,142.12856645538005,144.30225894055675,141.51446802349406,143.63943481445312,64786600,0.0,0.0
2021-08-04 00:00:00-04:00,143.55170433223327,144.05856456840556,142.5866946784069,143.23977661132812,56368300,0.0,0.0
2021-08-05 00:00:00-04:00,143.2690486927029,144.10733603044793,142.4795019309908,143.34703063964844,46397700,0.0,0.0
2021-08-06 00:00:00-04:00,142.86869219057516,143.61060825982952,142.16581806356817,142.66368103027344,54126800,0.22,0.0
2021-08-09 00:00:00-04:00,142.72222158501236,143.210327688173,142.0584044347056,142.61483764648438,48908700,0.0,0.0
2021-08-10 00:00:00-04:00,142.95653516321173,144.19632898598317,141.84365370926938,142.1365203857422,69023100,0.0,0.0
2021-08-11 00:00:00-04:00,142.5757719782956,143.22983226015378,142.06813754468416,142.39028930664062,48493500,0.0,0.0
2021-08-12 00:00:00-04:00,142.71245110077322,145.50441833818107,142.37077090309373,145.3482208251953,72282600,0.0,0.0
2021-08-13 00:00:00-04:00,145.42637130499,145.88519235268876,144.74302556240244,145.55328369140625,59375000,0.0,0.0
2021-08-16 00:00:00-04:00,145.00659283395282,147.59356480078714,142.9858407795006,147.5252227783203,103296000,0.0,0.0
2021-08-17 00:00:00-04:00,146.65633624046745,148.07184077376138,145.54345506788576,146.61729431152344,92229700,0.0,0.0
2021-08-18 00:00:00-04:00,146.2366215497856,147.13473517673972,142.67343732669485,142.87844848632812,86326000,0.0,0.0
2021-08-19 00:00:00-04:00,141.5800847276963,144.4794367790495,141.06269334170713,143.21035766601562,86960300,0.0,0.0
2021-08-20 00:00:00-04:00,143.93275769698107,144.96754045087513,143.28845394220284,144.6649169921875,60549600,0.0,0.0
2021-08-23 00:00:00-04:00,144.78202147056598,146.61730507779947,144.3720141553827,146.1487274169922,60131800,0.0,0.0
2021-08-24 00:00:00-04:00,145.89494350289067,147.27140659304087,145.60207679709836,146.06089782714844,48606400,0.0,0.0
2021-08-25 00:00:00-04:00,146.24636116832204,146.74423897086186,144.28417982272728,144.8308563232422,58991300,0.0,0.0
2021-08-26 00:00:00-04:00,144.82107882892396,145.57275146160703,144.00104929973693,144.03033447265625,48597200,0.0,0.0
2021-08-27 00:00:00-04:00,143.97178711441077,145.21158091727293,143.33725507209095,145.06515502929688,55802400,0.0,0.0
2021-08-30 00:00:00-04:00,145.45559594581775,149.8387934277518,145.07487384085252,149.4775848388672,90956700,0.0,0.0
2021-08-31 00:00:00-04:00,149.02862681778208,149.1652959930352,147.69120535728086,148.21836853027344,86453100,0.0,0.0
2021-09-01 00:00:00-04:00,149.1945515081308,151.2934023311897,148.71620204197066,148.8821563720703,80313700,0.0,0.0
2021-09-02 00:00:00-04:00,150.20979354918074,151.0395800272227,148.77476016459727,149.99502563476562,71115500,0.0,0.0
2021-09-03 00:00:00-04:00,150.10241459437898,150.95172951907767,149.44835406806936,150.62957763671875,57808700,0.0,0.0
2021-09-07 00:00:00-04:00,151.28359099093745,153.51911015556547,150.71738618296104,152.96267700195312,82278300,0.0,0.0
2021-09-08 00:00:00-04:00,153.24578484904103,153.30435519689405,150.31714828986404,151.42027282714844,74420200,0.0,0.0
2021-09-09 00:00:00-04:00,151.79123351222952,152.39648028234163,150.28785845020124,150.40501403808594,57305700,0.0,0.0
2021-09-10 00:00:00-04:00,151.3128888573864,151.7814665359228,145.16274910531013,145.42633056640625,140893200,0.0,0.0
2021-09-13 00:00:00-04:00,147.04686479158386,147.81806596111582,145.21158088499752,145.9925537109375,102404300,0.0,0.0
2021-09-14 00:00:00-04:00,146.7735062300835,147.4763801866019,143.4153339702326,144.59654235839844,109296300,0.0,0.0
2021-09-15 00:00:00-04:00,145.02610332343372,145.8851749521173,142.88819590848047,145.48492431640625,83281300,0.0,0.0
2021-09-16 00:00:00-04:00,144.9089297875281,145.42632102057476,143.71794980690362,145.25059509277344,68034100,0.0,0.0
2021-09-17 00:00:00-04:00,145.27994241453277,145.27994241453277,142.29271983680104,142.58558654785156,129868800,0.0,0.0
2021-09-20 00:00:00-04:00,140.37935348466607,141.39460787991925,137.909537174392,139.53981018066406,123478900,0.0,0.0
2021-09-21 00:00:00-04:00,140.50624891873463,141.16032435989862,139.38361057442205,140.0181427001953,75834000,0.0,0.0
2021-09-22 00:00:00-04:00,141.0138481925674,142.94674416241062,140.28168904837355,142.38055419921875,76404300,0.0,0.0
2021-09-23 00:00:00-04:00,143.16150856090553,143.58128753921014,142.17553963315416,143.3372344970703,64838200,0.0,0.0
2021-09-24 00:00:00-04:00,142.1950877231893,143.96202960944674,142.09746053449825,143.42510986328125,53477900,0.0,0.0
2021-09-27 00:00:00-04:00,142.00959923062172,142.48794860245857,140.39885495340664,141.91197204589844,74150700,0.0,0.0
2021-09-28 00:00:00-04:00,139.84239196001295,141.30671020043195,138.3195033733077,138.53427124023438,108972300,0.0,0.0
2021-09-29 00:00:00-04:00,139.08095132289213,141.01384728022984,138.65141557774692,139.43238830566406,74602000,0.0,0.0
2021-09-30 00:00:00-04:00,140.2426707272125,140.9455448156453,137.9192805517919,138.13404846191406,89056700,0.0,0.0
2021-10-01 00:00:00-04:00,138.52453927839463,139.52028013802934,135.80091312494108,139.25669860839844,94639600,0.0,0.0
2021-10-04 00:00:00-04:00,138.3878720570302,138.82717957779718,134.98090012736012,135.8302001953125,98322000,0.0,0.0
2021-10-05 00:00:00-04:00,136.17189733013998,138.85648190904183,136.044984928838,137.75335693359375,80861100,0.0,0.0
2021-10-06 00:00:00-04:00,136.15233067899587,138.76857249312508,135.07849119061893,138.6221466064453,83221100,0.0,0.0
2021-10-07 00:00:00-04:00,139.6569450430087,140.78935501402486,139.32503639848235,139.8814697265625,61732700,0.0,0.0
2021-10-08 00:00:00-04:00,140.60382633425183,140.75025218963773,139.16879336821262,139.50070190429688,58773200,0.0,0.0
2021-10-11 00:00:00-04:00,138.88572424122802,141.36529686032225,138.43666004151856,139.41287231445312,64452200,0.0,0.0
2021-10-12 00:00:00-04:00,139.82288519545196,139.84241361250955,137.68497785008697,138.143798828125,73035900,0.0,0.0
2021-10-13 00:00:00-04:00,137.8802114942071,138.03639411972742,135.88873033671427,137.5580596923828,78762700,0.0,0.0
2021-10-14 00:00:00-04:00,138.72955687137625,140.45745714105692,138.14382342191217,140.34030151367188,69907100,0.0,0.0
2021-10-15 00:00:00-04:00,140.35005282323274,141.45316264244676,140.0962280805495,141.39459228515625,67940300,0.0,0.0
2021-10-18 00:00:00-04:00,140.03763996851194,143.34699879821167,139.75454497889402,143.06390380859375,85589200,0.0,0.0
2021-10-19 00:00:00-04:00,143.51294222106137,145.62156403141842,143.0638929755576,145.2213134765625,76378900,0.0,0.0
2021-10-20 00:00:00-04:00,145.16276563549152,146.18779152686344,144.59656071553547,145.70944213867188,58418800,0.0,0.0
2021-10-21 00:00:00-04:00,145.27016433537898,146.0804224119474,144.35252229936606,145.92422485351562,61421000,0.0,0.0
2021-10-22 00:00:00-04:00,146.129212114762,146.60754657748723,145.10418628692474,145.1529998779297,58883400,0.0,0.0
2021-10-25 00:00:00-04:00,145.14325947301697,145.8168484447923,144.1084766625064,145.10421752929688,50720600,0.0,0.0
2021-10-26 00:00:00-04:00,145.77776213009912,147.25183711393476,145.465367092144,145.76800537109375,60893400,0.0,0.0
2021-10-27 00:00:00-04:00,145.80705169170784,146.168245431377,144.95775186240334,145.30918884277344,56094900,0.0,0.0
2021-10-28 00:00:00-04:00,146.25612076250718,149.52642273545615,146.15849358297356,148.94070434570312,100077900,0.0,0.0
2021-10-29 00:00:00-04:00,143.718003300801,146.37330245291255,142.92727357091124,146.23663330078125,124953200,0.0,0.0
2021-11-01 00:00:00-04:00,145.44586537540286,146.13896771640327,144.28417043944881,145.4165802001953,74588300,0.0,0.0
2021-11-02 00:00:00-04:00,145.12373606469237,147.96451766703325,145.11396440756303,146.45138549804688,69122000,0.0,0.0
2021-11-03 00:00:00-04:00,146.81254373991754,148.35496071493105,146.256110563663,147.88638305664062,54511500,0.0,0.0
2021-11-04 00:00:00-04:00,147.97425010568048,148.80402155525002,147.05660823548425,147.36900329589844,60394600,0.0,0.0
2021-11-05 00:00:00-04:00,148.49328605752575,148.79635114627666,146.7042085245969,147.8969268798828,65463900,0.22,0.0
2021-11-08 00:00:00-05:00,148.02402320404659,148.18044870579655,146.80197694204415,147.07571411132812,55020900,0.0,0.0
2021-11-09 00:00:00-05:00,146.84107977637362,148.0435691533501,146.70421118808,147.43743896484375,56787900,0.0,0.0
2021-11-10 00:00:00-05:00,146.66510417552323,146.7726448402154,144.54363371528353,144.612060546875,65187100,0.0,0.0
2021-11-11 00:00:00-05:00,145.6288070022433,146.0882826457482,144.37741797894228,144.56317138671875,41000000,0.0,0.0
2021-11-12 00:00:00-05:00,145.11066161989166,147.03660782102534,144.18190939663026,146.6357879638672,63804000,0.0,0.0
2021-11-15 00:00:00-05:00,147.00728981052836,148.483531417499,146.08830852560698,146.64556884765625,59222800,0.0,0.0
2021-11-16 00:00:00-05:00,146.58689139053743,148.1022316953491,146.00030323462437,147.62318420410156,59256200,0.0,0.0
2021-11-17 00:00:00-05:00,147.6232038564801,151.53375230300938,147.61343285568483,150.05752563476562,88807000,0.0,0.0
2021-11-18 00:00:00-05:00,150.2726099643279,155.12168178008048,149.627365877677,154.33956909179688,137827700,0.0,0.0
2021-11-19 00:00:00-05:00,154.12448394226502,157.41913113659675,153.02953515610952,156.9596405029297,117305600,0.0,0.0
2021-11-22 00:00:00-05:00,158.0643575600625,161.99446283900974,157.39957149925132,157.41912841796875,117467900,0.0,0.0
2021-11-23 00:00:00-05:00,157.51687668201387,158.18167763297342,155.5029467463392,157.80039978027344,96041900,0.0,0.0
2021-11-24 00:00:00-05:00,157.15516717862224,158.51408217991857,156.06998937776268,158.3185577392578,69463600,0.0,0.0
2021-11-26 00:00:00-05:00,156.00155632601601,156.8618668141861,152.8633347292546,153.3032684326172,76959800,0.0,0.0
2021-11-29 00:00:00-05:00,155.80603121042097,157.5853380225465,155.23899986098183,156.65658569335938,88748200,0.0,0.0
2021-11-30 00:00:00-05:00,156.41214364910118,161.81847488073362,156.3437019010155,161.6033935546875,174048100,0.0,0.0
2021-12-01 00:00:00-05:00,163.73466976035556,166.49161375206606,160.8506430799377,161.0852813720703,152052500,0.0,0.0
2021-12-02 00:00:00-05:00,155.1901268526862,160.52801734787488,154.27114554315142,160.0978546142578,136739200,0.0,0.0
2021-12-03 00:00:00-05:00,160.3520514474846,161.271032766341,156.14820866843903,158.22079467773438,118023100,0.0,0.0
2021-12-06 00:00:00-05:00,160.61599065605895,164.12571914002814,160.6062196554979,161.6229705810547,107497000,0.0,0.0
2021-12-07 00:00:00-05:00,165.2988995417756,167.74299254141582,164.57544264356054,167.3519287109375,120405400,0.0,0.0
2021-12-08 00:00:00-05:00,168.28069194116756,172.02504411674911,166.882663021836,171.1647186279297,116998900,0.0,0.0
2021-12-09 00:00:00-05:00,170.9985205283445,172.7973693361273,170.03065436230736,170.65634155273438,108923700,0.0,0.0
2021-12-10 00:00:00-05:00,171.29182418696914,175.61297891700764,170.78344865474102,175.43699645996094,115402700,0.0,0.0
2021-12-13 00:00:00-05:00,177.06966076335496,178.05708397110837,171.60467190567383,171.8099822998047,153237000,0.0,0.0
2021-12-14 00:00:00-05:00,171.3308817563336,173.76520322122326,168.35887188331523,170.43145751953125,139380400,0.0,0.0
2021-12-15 00:00:00-05:00,171.19399748026692,175.48582285763158,168.45661118755606,175.29029846191406,131063300,0.0,0.0
2021-12-16 00:00:00-05:00,175.27076132354634,177.08916675225177,166.9315188519041,168.40774536132812,150185800,0.0,0.0
2021-12-17 00:00:00-05:00,166.12984262332955,169.59068583995455,165.89521929851176,167.3127899169922,195432700,0.0,0.0
2021-12-20 00:00:00-05:00,164.51677542044033,166.76534380811088,163.71512072913166,165.9539031982422,107499100,0.0,0.0
2021-12-21 00:00:00-05:00,167.72340078083394,169.3267248588515,165.33796412188073,169.12142944335938,91185900,0.0,0.0
2021-12-22 00:00:00-05:00,169.17031112645324,171.9272548095711,168.300214735498,171.71217346191406,92135300,0.0,0.0
2021-12-23 00:00:00-05:00,171.9174985527305,172.8951357013555,171.35046721642092,172.33787536621094,68356600,0.0,0.0
2021-12-27 00:00:00-05:00,173.12976761664484,176.38530127238838,173.11022561335014,176.2973175048828,74919600,0.0,0.0
2021-12-28 00:00:00-05:00,176.13111784462515,177.27495155456995,174.5375644683696,175.2805633544922,79144300,0.0,0.0
2021-12-29 00:00:00-05:00,175.31963018526795,176.59056116138325,174.15623986676752,175.36851501464844,62348900,0.0,0.0
2021-12-30 00:00:00-05:00,175.45649254440238,176.531899082473,174.10734887256012,174.2148895263672,59773000,0.0,0.0
2021-12-31 00:00:00-05:00,174.10734418937602,175.22184960905506,173.29590380839542,173.59898376464844,64062300,0.0,0.0
2022-01-03 00:00:00-05:00,173.8532266687499,178.79029755777358,173.73591497728762,177.9397430419922,104487900,0.0,0.0
2022-01-04 00:00:00-05:00,178.5458811499138,178.8489462858369,175.1143651356069,175.681396484375,99310400,0.0,0.0
2022-01-05 00:00:00-05:00,175.59339039534856,176.14086475419518,170.73453308424857,171.00827026367188,94537600,0.0,0.0
2022-01-06 00:00:00-05:00,168.83795333412328,171.37981619996555,167.80166021603034,168.1536102294922,96904000,0.0,0.0
2022-01-07 00:00:00-05:00,169.0236630282213,170.2457092977057,167.2052575825263,168.31976318359375,86709100,0.0,0.0
2022-01-10 00:00:00-05:00,165.29888813158135,168.64240533418686,164.40923476090865,168.33934020996094,106765600,0.0,0.0
2022-01-11 00:00:00-05:00,168.46644539148625,171.26247339503044,166.99998962694013,171.1647186279297,76138300,0.0,0.0
2022-01-12 00:00:00-05:00,172.18144710369126,173.21774007794218,170.91053076473975,171.60464477539062,74805200,0.0,0.0
2022-01-13 00:00:00-05:00,171.84905393496265,172.6702655459411,167.94827640647682,168.33934020996094,84505800,0.0,0.0
2022-01-14 00:00:00-05:00,167.50833831927105,169.89377524696252,167.26392904254132,169.1996612548828,80440800,0.0,0.0
2022-01-18 00:00:00-05:00,167.6745127192973,168.68147761318977,165.62148401611884,166.0027618408203,90956700,0.0,0.0
2022-01-19 00:00:00-05:00,166.19831524532339,167.25416515581253,162.22911080921511,162.5126190185547,94815000,0.0,0.0
2022-01-20 00:00:00-05:00,163.24583471657064,165.8854518373375,160.50844792121475,160.83106994628906,91420500,0.0,0.0
2022-01-21 00:00:00-05:00,160.74312175844747,162.61041256635795,158.67053547305395,158.778076171875,122848900,0.0,0.0
2022-01-24 00:00:00-05:00,156.44148123567246,158.67049246380245,151.2404450916643,158.0056915283203,162294600,0.0,0.0
2022-01-25 00:00:00-05:00,155.424720331175,159.1201868610098,153.50856023591945,156.2068328857422,115798400,0.0,0.0
2022-01-26 00:00:00-05:00,159.84369205931444,160.71378862428045,154.2907195812304,156.118896484375,108275300,0.0,0.0
2022-01-27 00:00:00-05:00,158.817126094803,160.17604091465265,154.7403816352541,155.65936279296875,121954600,0.0,0.0
2022-01-28 00:00:00-05:00,162.00425626677838,166.54049197821774,159.15932862262193,166.52093505859375,179935700,0.0,0.0
2022-01-31 00:00:00-05:00,166.3547651867335,171.08652609979308,165.71929199639752,170.87144470214844,115541600,0.0,0.0
2022-02-01 00:00:00-05:00,170.1186120178827,170.93005253238587,168.4566320719076,170.7052001953125,86213900,0.0,0.0
2022-02-02 00:00:00-05:00,170.84207875406224,171.94681342176997,169.45383589849953,171.90769958496094,84914300,0.0,0.0
2022-02-03 00:00:00-05:00,170.57810026310062,172.2987509371964,168.27087633720052,169.03343200683594,89418100,0.0,0.0
2022-02-04 00:00:00-05:00,168.05457472378333,170.4234840013588,167.07569202403184,168.7495880126953,82465400,0.22,0.0
2022-02-07 00:00:00-05:00,169.20964451994723,170.27662295458384,167.3399751947351,168.0349884033203,77251200,0.0,0.0
2022-02-08 00:00:00-05:00,168.1035042386361,171.64706939744136,167.80983647215697,171.13804626464844,74829200,0.0,0.0
2022-02-09 00:00:00-05:00,172.33232573026677,172.91964646810396,171.2066015104205,172.55746459960938,71285000,0.0,0.0
2022-02-10 00:00:00-05:00,170.462637822063,171.7743370940817,167.92733513885554,168.48529052734375,90865900,0.0,0.0
2022-02-11 00:00:00-05:00,168.6908451580762,169.42500712943504,164.49143031742815,165.07876586914062,98670700,0.0,0.0
2022-02-14 00:00:00-05:00,163.83556797241158,165.99890498473425,163.04267549502603,165.31369018554688,86185500,0.0,0.0
2022-02-15 00:00:00-05:00,167.3595849608588,169.29776862360237,166.65478818594016,169.14114379882812,62527400,0.0,0.0
2022-02-16 00:00:00-05:00,168.22100455291906,169.67953027359678,166.45901263665095,168.90621948242188,61177400,0.0,0.0
2022-02-17 00:00:00-05:00,167.41828169802858,168.27970312361404,164.91234475439344,165.31369018554688,69589300,0.0,0.0
2022-02-18 00:00:00-05:00,166.23383213199764,166.93861378532614,162.68048390268257,163.7670440673828,82772700,0.0,0.0
2022-02-22 00:00:00-05:00,161.49605730830203,163.16995323151656,158.72581758393332,160.85000610351562,91162800,0.0,0.0
2022-02-23 00:00:00-05:00,162.04423283731927,162.6413518716535,156.37650867254357,156.68975830078125,90009200,0.0,0.0
2022-02-24 00:00:00-05:00,149.3579234730035,159.4110529381091,148.7901697172211,159.30337524414062,141147500,0.0,0.0
2022-02-25 00:00:00-05:00,160.38010876655954,161.6330771993794,157.472826482258,161.36878967285156,91974200,0.0,0.0
2022-02-28 00:00:00-05:00,159.61659142915732,161.92675492011216,158.99989062280463,161.63308715820312,95056600,0.0,0.0
2022-03-01 00:00:00-05:00,161.2219862371019,163.08187242749526,158.54964050687724,159.753662109375,83474400,0.0,0.0
2022-03-02 00:00:00-05:00,160.91852050375005,163.82580321014547,159.50892707803538,163.04269409179688,79724800,0.0,0.0
2022-03-03 00:00:00-05:00,164.91235266773373,165.3430634011942,162.05401727070716,162.7196502685547,76678400,0.0,0.0
2022-03-04 00:00:00-05:00,161.01642127862274,162.0540345545001,158.67689221468046,159.7242889404297,83737200,0.0,0.0
2022-03-07 00:00:00-05:00,159.91026569329455,161.53521443024337,155.68148559760553,155.93600463867188,96418800,0.0,0.0
2022-03-08 00:00:00-05:00,155.46614292973925,159.44040392728598,152.50991327214726,154.1152801513672,131148300,0.0,0.0
2022-03-09 00:00:00-05:00,158.06998280822745,159.95923428896205,156.04370327606966,159.50894165039062,91454900,0.0,0.0
2022-03-10 00:00:00-05:00,156.81701649151432,157.00300660733848,152.6861300144377,155.17250061035156,105342000,0.0,0.0
2022-03-11 00:00:00-05:00,155.5738603413947,155.91647534911107,151.23741603499275,151.46255493164062,96970100,0.0,0.0
2022-03-14 00:00:00-04:00,148.2517595892854,150.86537421208124,146.9302771053436,147.4392852783203,108732100,0.0,0.0
2022-03-15 00:00:00-04:00,147.71337523300835,152.28477002224423,147.2043670461277,151.8148956298828,92964300,0.0,0.0
2022-03-16 00:00:00-04:00,153.73353879751855,156.6212399212536,151.19823606106897,156.2198944091797,102300200,0.0,0.0
2022-03-17 00:00:00-04:00,155.26055517399735,157.6000837703935,154.30125449850178,157.2281036376953,75615400,0.0,0.0
2022-03-18 00:00:00-04:00,157.12042735161046,161.00659213717293,156.38626546421042,160.51715087890625,123511700,0.0,0.0
2022-03-21 00:00:00-04:00,160.0571133745572,162.8371517415441,159.5676719986422,161.88763427734375,95811400,0.0,0.0
2022-03-22 00:00:00-04:00,162.01484532225444,165.8422796739602,161.42752475473955,165.2549591064453,81532000,0.0,0.0
2022-03-23 00:00:00-04:00,164.44251031244588,168.99430889731204,164.1096788423283,166.61563110351562,98062700,0.0,0.0
2022-03-24 00:00:00-04:00,167.44765777264146,170.46261801995993,166.61561651162776,170.39410400390625,90131400,0.0,0.0
2022-03-25 00:00:00-04:00,170.20812239603873,171.57855215101324,169.1019802060181,171.03038024902344,80546200,0.0,0.0
2022-03-28 00:00:00-04:00,168.53425457976377,172.01907505501657,168.3678462915148,171.89183044433594,90371900,0.0,0.0
2022-03-29 00:00:00-04:00,172.95877935054617,175.22977935165113,172.6161644453855,175.18084716796875,100589400,0.0,0.0
2022-03-30 00:00:00-04:00,174.77948791199498,175.8171010585222,172.96854916161706,174.01596069335938,92633200,0.0,0.0
2022-03-31 00:00:00-04:00,174.0845012718467,174.27049138056105,170.7171422878286,170.92271423339844,103049300,0.0,0.0
2022-04-01 00:00:00-04:00,170.35492714540266,171.18698327855927,168.30906622272897,170.62901306152344,78751300,0.0,0.0
2022-04-04 00:00:00-04:00,170.88352814533914,174.72074581921223,170.75626863844195,174.6717987060547,76468400,0.0,0.0
2022-04-05 00:00:00-04:00,173.7516656886956,174.53477477488693,170.73670541562527,171.36318969726562,73401800,0.0,0.0
2022-04-06 00:00:00-04:00,168.72019203962893,169.96337702443967,166.53728819844997,168.20138549804688,89058800,0.0,0.0
2022-04-07 00:00:00-04:00,167.5455515170426,169.69909027693134,166.26321768469555,168.50485229492188,77594700,0.0,0.0
2022-04-08 00:00:00-04:00,168.15248323813117,168.15248323813117,165.6269638660641,166.4981689453125,76575500,0.0,0.0
2022-04-11 00:00:00-04:00,165.1472853633742,165.46052001953282,162.0050657338506,162.24978637695312,72246700,0.0,0.0
2022-04-12 00:00:00-04:00,164.47190526932062,166.28282963086016,163.12104211859076,164.1195068359375,79265200,0.0,0.0
2022-04-13 00:00:00-04:00,163.8551587010773,167.42807423573976,163.24825626550125,166.8015899658203,70618900,0.0,0.0
2022-04-14 00:00:00-04:00,167.0169140968793,167.65319663324865,161.55474838858942,161.79946899414062,75329400,0.0,0.0
2022-04-18 00:00:00-04:00,160.45842830966066,163.0818413516457,160.11582837374732,161.5841522216797,69023900,0.0,0.0
2022-04-19 00:00:00-04:00,161.53519893963082,164.2760730051198,160.4486387361769,163.86492919921875,67723800,0.0,0.0
2022-04-20 00:00:00-04:00,165.1962520760154,165.3137281661249,162.59243524088046,163.6985626220703,67929800,0.0,0.0
2022-04-21 00:00:00-04:00,165.34307817395856,167.90774603308134,162.4064301142371,162.90565490722656,87227800,0.0,0.0
2022-04-22 00:00:00-04:00,162.94482378114378,164.3250370614869,158.08955892864606,158.37342834472656,84882400,0.0,0.0
2022-04-25 00:00:00-04:00,157.71758646013552,159.72429911751857,155.11376965466397,159.4404296875,96046400,0.0,0.0
2022-04-26 00:00:00-04:00,158.8236916294158,158.91178747297153,153.41047239469103,153.48878479003906,95623200,0.0,0.0
2022-04-27 00:00:00-04:00,152.61762090114706,156.41567600749497,152.0988142121799,153.26368713378906,88063200,0.0,0.0
2022-04-28 00:00:00-04:00,155.88707729102597,161.04579354437072,155.57382764277364,160.1843719482422,130216800,0.0,0.0
2022-04-29 00:00:00-04:00,158.42236732431553,162.69029635210208,153.92929946524063,154.3208465576172,131747600,0.0,0.0
2022-05-02 00:00:00-04:00,153.40072515321864,154.8886162063275,150.03336604127583,154.62432861328125,123055300,0.0,0.0
2022-05-03 00:00:00-04:00,154.81025192073247,157.31620351399488,153.0189101995976,156.11216735839844,88966500,0.0,0.0
2022-05-04 00:00:00-04:00,156.29820309411934,162.96439206944154,155.89685759161674,162.5141143798828,108256500,0.0,0.0
2022-05-05 00:00:00-04:00,160.38993331507154,160.61507214954577,151.67786848905013,153.45944213867188,130525300,0.0,0.0
2022-05-06 00:00:00-04:00,152.93986371222095,156.3023722983105,151.14587460582203,154.18487548828125,116124600,0.23,0.0
2022-05-09 00:00:00-04:00,151.8811126841976,152.76341048572758,148.50882129057032,149.06759643554688,131577900,0.0,0.0
2022-05-10 00:00:00-04:00,152.45950928453797,153.65550196924158,149.92046680625165,151.46937561035156,115366700,0.0,0.0
2022-05-11 00:00:00-04:00,150.4792343504193,152.39085681137783,142.94056542836282,143.6169891357422,142689800,0.0,0.0
2022-05-12 00:00:00-04:00,139.96040581157675,143.3228989996902,136.06853101088905,139.75453186035156,182602000,0.0,0.0
2022-05-13 00:00:00-04:00,141.74458368466105,145.18551933414366,140.29371306035543,144.21499633789062,113990900,0.0,0.0
2022-05-16 00:00:00-04:00,142.68570084334092,144.61693408926746,141.34265112461745,142.67588806152344,86643800,0.0,0.0
2022-05-17 00:00:00-04:00,145.9305738468132,146.8226694807634,143.7934664467187,146.3031005859375,78336300,0.0,0.0
2022-05-18 00:00:00-04:00,143.9601314929513,144.46008977155722,137.14688920750964,138.04879760742188,109742900,0.0,0.0
2022-05-19 00:00:00-04:00,137.1273056487035,138.87227582415818,133.91185397987616,134.6470947265625,136095600,0.0,0.0
2022-05-20 00:00:00-04:00,136.3528207232791,137.93113785871375,130.00034593006458,134.88233947753906,137426100,0.0,0.0
2022-05-23 00:00:00-04:00,135.07840236616943,140.4407585737006,134.941158046499,140.29371643066406,117726300,0.0,0.0
2022-05-24 00:00:00-04:00,138.03898075989613,139.17615657107172,134.62746828487894,137.59783935546875,104132700,0.0,0.0
2022-05-25 00:00:00-04:00,135.70580258630076,138.99968110716551,135.61757730341805,137.7546844482422,92482700,0.0,0.0
2022-05-26 00:00:00-04:00,134.68631051667606,141.4995389264538,134.44123025043575,140.9505615234375,90601500,0.0,0.0
2022-05-27 00:00:00-04:00,142.52887188890233,146.7344424649416,142.40142537012454,146.6952362060547,90978500,0.0,0.0
2022-05-31 00:00:00-04:00,146.1364342695409,147.69514080945274,143.9503080341332,145.91094970703125,103718400,0.0,0.0
2022-06-01 00:00:00-04:00,146.95010821381516,148.75391017683245,144.773794451972,145.78353881835938,74286600,0.0,0.0
2022-06-02 00:00:00-04:00,144.9208398093746,148.2931460840145,143.96992734384497,148.2343292236328,72348100,0.0,0.0
2022-06-03 00:00:00-04:00,144.00911981753086,145.05807025566116,141.61714962601158,142.51904296875,88570300,0.0,0.0
2022-06-06 00:00:00-04:00,144.13659949613532,145.64630225545608,142.04851092055418,143.2641143798828,71598400,0.0,0.0
2022-06-07 00:00:00-04:00,141.50933876771822,146.06782531945106,141.26425852389363,145.78353881835938,67808200,0.0,0.0
2022-06-08 00:00:00-04:00,145.65608826850138,146.92069570984725,144.5581335933167,145.0482940673828,53950200,0.0,0.0
2022-06-09 00:00:00-04:00,144.1855888973648,145.03846322934638,139.7251261469218,139.8329620361328,69473000,0.0,0.0
2022-06-10 00:00:00-04:00,137.51936981142111,137.98991950159612,134.36273634609168,134.43136596679688,91437900,0.0,0.0
2022-06-13 00:00:00-04:00,130.25522177759234,132.53937106937602,128.85337019356888,129.2847137451172,122207100,0.0,0.0
2022-06-14 00:00:00-04:00,130.51014411570253,131.25518271689248,128.89260543359612,130.1474151611328,84784300,0.0,0.0
2022-06-15 00:00:00-04:00,131.64729675078482,134.63727870714717,129.55922325217023,132.76486206054688,91533000,0.0,0.0
2022-06-16 00:00:00-04:00,129.48077097128098,129.78466802101963,126.50058741056863,127.50051879882812,108123900,0.0,0.0
2022-06-17 00:00:00-04:00,127.51033981148552,130.4611001773296,127.25544681769559,128.97100830078125,134520300,0.0,0.0
2022-06-21 00:00:00-04:00,130.79441426737327,134.36278178825876,130.69639115129178,133.19619750976562,81000500,0.0,0.0
2022-06-22 00:00:00-04:00,132.13743964836019,135.04899374439105,131.27476747959807,132.68643188476562,73409200,0.0,0.0
2022-06-23 00:00:00-04:00,134.1275183400123,135.86267563561398,132.96093402675356,135.54898071289062,72433800,0.0,0.0
2022-06-24 00:00:00-04:00,137.14690930909833,139.1173641987572,137.01947774401722,138.87228393554688,89116800,0.0,0.0
2022-06-27 00:00:00-04:00,139.8918112487565,140.666273257268,138.1958600157244,138.87228393554688,70207900,0.0,0.0
2022-06-28 00:00:00-04:00,139.3330131628478,140.59762053174873,134.61767206581916,134.7353057861328,67083400,0.0,0.0
2022-06-29 00:00:00-04:00,134.75493953918553,137.90176176618252,133.9804775247322,136.49009704589844,66242400,0.0,0.0
2022-06-30 00:00:00-04:00,134.5490335635321,135.64698810352084,131.1375212724895,134.0294647216797,98964500,0.0,0.0
2022-07-01 00:00:00-04:00,133.36285690870372,136.3038197907336,132.9903451154339,136.19598388671875,71051600,0.0,0.0
2022-07-05 00:00:00-04:00,135.05879144662464,138.82321946775843,134.23531066321448,138.77420043945312,73353800,0.0,0.0
2022-07-06 00:00:00-04:00,138.56835645511603,141.28383440664965,138.30366564043456,140.10745239257812,74064300,0.0,0.0
2022-07-07 00:00:00-04:00,140.47017616296918,143.66603189279604,140.4603783389641,143.469970703125,66253700,0.0,0.0
2022-07-08 00:00:00-04:00,142.4013924960781,144.646335480772,142.14651447587394,144.1463623046875,64547800,0.0,0.0
2022-07-11 00:00:00-04:00,142.80336382609462,143.75427642973983,140.95055766241197,142.01910400390625,63141600,0.0,0.0
2022-07-12 00:00:00-04:00,142.89155544175705,145.5286208059207,142.19553604555907,142.98959350585938,77588800,0.0,0.0
2022-07-13 00:00:00-04:00,140.1760748610569,143.5679764107693,139.32318560371215,142.6268768310547,71185600,0.0,0.0
2022-07-14 00:00:00-04:00,141.244640047542,146.01879814456234,140.4309718883509,145.54824829101562,78140700,0.0,0.0
2022-07-15 00:00:00-04:00,146.83242773695906,147.8911758482325,145.2835192940871,147.21475219726562,76259900,0.0,0.0
2022-07-18 00:00:00-04:00,147.77358792071823,148.58725611818477,143.8130828380742,144.17581176757812,81420900,0.0,0.0
2022-07-19 00:00:00-04:00,145.0090375439563,148.25389669881054,144.01891901249385,148.02842712402344,82982400,0.0,0.0
2022-07-20 00:00:00-04:00,148.14609070693865,150.6949310490213,147.41085002655058,150.02830505371094,64823400,0.0,0.0
2022-07-21 00:00:00-04:00,151.45956799212024,152.50851845862235,148.94994906470606,152.2928466796875,65086600,0.0,0.0
2022-07-22 00:00:00-04:00,152.33211406152478,153.20459935061118,150.39108223068928,151.0576934814453,66675400,0.0,0.0
2022-07-25 00:00:00-04:00,150.97924722556508,151.9889767618816,149.28329591095286,149.9401092529297,53623900,0.0,0.0
2022-07-26 00:00:00-04:00,149.26360788799056,150.07727577401758,147.83234820105542,148.61660766601562,55138700,0.0,0.0
2022-07-27 00:00:00-04:00,149.57738561961435,154.23391054533735,149.16565257909815,153.70452880859375,78620700,0.0,0.0
2022-07-28 00:00:00-04:00,153.89075014754778,154.53776544520662,151.37133354934207,154.25347900390625,81378700,0.0,0.0
2022-07-29 00:00:00-04:00,158.0669387195233,160.409904944982,156.36117506106663,159.3119354248047,101786900,0.0,0.0
2022-08-01 00:00:00-04:00,157.84148924790597,160.37071938994356,157.72385550686172,158.33164978027344,67829400,0.0,0.0
2022-08-02 00:00:00-04:00,156.94940053816907,159.21393969022574,156.48864846428177,156.8611602783203,59907000,0.0,0.0
2022-08-03 00:00:00-04:00,157.67481177613547,163.311657015849,157.58658648416494,162.8607177734375,82507500,0.0,0.0
2022-08-04 00:00:00-04:00,162.7430888021846,163.89987539598906,161.19417977979222,162.54702758789062,55474100,0.0,0.0
2022-08-05 00:00:00-04:00,160.22041274781424,162.81205403488926,160.01425282506756,162.3212127685547,56697000,0.23,0.0
2022-08-08 00:00:00-04:00,163.32251461167718,164.7361398246356,161.19226535966965,161.84999084472656,60276900,0.0,0.0
2022-08-09 00:00:00-04:00,161.0155852740051,162.78261696114208,160.25968547297944,161.8990936279297,63135500,0.0,0.0
2022-08-10 00:00:00-04:00,164.60853143111325,166.23812814464867,163.8428202002786,166.1399688720703,70170500,0.0,0.0
2022-08-11 00:00:00-04:00,166.94496643142614,167.8579391801427,165.10922447830612,165.4037322998047,57149200,0.0,0.0
2022-08-12 00:00:00-04:00,166.70936592550703,169.01631131920942,166.2970460032489,168.94760131835938,68039400,0.0,0.0
2022-08-15 00:00:00-04:00,168.37818541775778,170.21392688656005,168.21130119143814,170.01759338378906,54091700,0.0,0.0
2022-08-16 00:00:00-04:00,169.61512926108554,170.52810192661653,168.51564947224608,169.8605499267578,56377100,0.0,0.0
2022-08-17 00:00:00-04:00,169.6053281206725,172.9234055360259,169.40899457207655,171.35272216796875,79542000,0.0,0.0
2022-08-18 00:00:00-04:00,170.5673396933382,171.69626861182405,169.94887490568271,170.9600067138672,62290100,0.0,0.0
2022-08-19 00:00:00-04:00,169.86053968443733,170.55754092380556,168.1720444080825,168.37820434570312,70346300,0.0,0.0
2022-08-22 00:00:00-04:00,166.58172694573366,166.74861119438174,164.07843325743647,164.5005645751953,69026800,0.0,0.0
2022-08-23 00:00:00-04:00,164.0195474098714,165.61969500518398,163.597416059393,164.1667938232422,54147100,0.0,0.0
2022-08-24 00:00:00-04:00,164.2551282502834,165.03065085876125,163.20472075222654,164.46127319335938,53841500,0.0,0.0
2022-08-25 00:00:00-04:00,165.688378388784,167.02346724627097,165.2662620854037,166.9154815673828,51218200,0.0,0.0
2022-08-26 00:00:00-04:00,167.44560000363606,167.91680343416758,160.56399573070382,160.62289428710938,78961000,0.0,0.0
2022-08-29 00:00:00-04:00,158.19815240165843,159.91609703205498,156.89252766433086,158.4239501953125,73314000,0.0,0.0
2022-08-30 00:00:00-04:00,159.1601794345339,159.58229569538483,154.83095626158936,155.99916076660156,77906200,0.0,0.0
2022-08-31 00:00:00-04:00,157.3735291899389,157.63858767600124,154.2615972644816,154.3401336669922,87991100,0.0,0.0
2022-09-01 00:00:00-04:00,153.77079140207798,155.5181855673853,151.8368751102563,155.06661987304688,74229900,0.0,0.0
2022-09-02 00:00:00-04:00,156.82379496598037,157.42262194968552,152.13135334781393,152.95596313476562,76957800,0.0,0.0
2022-09-06 00:00:00-04:00,153.60386838160778,154.21250676362826,150.8747921160952,151.69940185546875,73714800,0.0,0.0
2022-09-07 00:00:00-04:00,151.98409298992328,153.80019664109167,150.7962505650505,153.10321044921875,87449600,0.0,0.0
2022-09-08 00:00:00-04:00,151.8074024718103,153.49589780674214,149.88329791132227,151.63070678710938,84923800,0.0,0.0
2022-09-09 00:00:00-04:00,152.62220516793604,154.92916542303703,151.91539245059826,154.48739624023438,68028800,0.0,0.0
2022-09-12 00:00:00-04:00,156.6667134786447,161.2511691580026,156.38203213199495,160.43637084960938,104956000,0.0,0.0
2022-09-13 00:00:00-04:00,156.97104316313002,157.59931943362142,150.56065692569356,151.0220489501953,122656600,0.0,0.0
2022-09-14 00:00:00-04:00,151.95462406702927,154.22232317214238,150.79624593389804,152.46510314941406,87965400,0.0,0.0
2022-09-15 00:00:00-04:00,151.81719923234522,152.39640331677907,148.6071081028978,149.57896423339844,90481100,0.0,0.0
2022-09-16 00:00:00-04:00,148.44021232229758,148.5776472684102,145.65222273370736,147.93954467773438,162278800,0.0,0.0
2022-09-19 00:00:00-04:00,146.57500265714634,151.72883546494634,146.36885773323408,151.65029907226562,81474200,0.0,0.0
2022-09-20 00:00:00-04:00,150.59011171978128,155.18439428665013,150.27598106267698,154.0260009765625,107689800,0.0,0.0
2022-09-21 00:00:00-04:00,154.45795295017905,155.8323177224437,150.78646922639234,150.90426635742188,101696800,0.0,0.0
2022-09-22 00:00:00-04:00,149.58880860884872,151.64052177438083,148.14573389948876,149.9422149658203,86652500,0.0,0.0
2022-09-23 00:00:00-04:00,148.42061851178616,148.69548848555903,145.83878806603744,147.67453002929688,96029900,0.0,0.0
2022-09-26 00:00:00-04:00,146.91860212230296,150.95331767501642,146.898964278694,148.00827026367188,93339400,0.0,0.0
2022-09-27 00:00:00-04:00,149.9421927062511,151.88591989139582,147.20329010150107,148.98013305664062,84442700,0.0,0.0
2022-09-28 00:00:00-04:00,144.93563790031018,147.88068609523327,142.18692325585735,147.0953369140625,146691400,0.0,0.0
2022-09-29 00:00:00-04:00,143.42383363893248,144.03247205665744,138.1031007730531,139.87013244628906,128138200,0.0,0.0
2022-09-30 00:00:00-04:00,138.69208635531004,140.47875548865403,135.47216932618974,135.6685028076172,124925300,0.0,0.0
2022-10-03 00:00:00-04:00,135.67834355315813,140.44932105441077,135.16786446408517,139.84066772460938,114311700,0.0,0.0
2022-10-04 00:00:00-04:00,142.37343574191996,143.5416405102459,141.61753589548164,143.42384338378906,87830100,0.0,0.0
2022-10-05 00:00:00-04:00,141.43101553965928,144.6803824609242,140.39041942925496,143.71832275390625,79471000,0.0,0.0
2022-10-06 00:00:00-04:00,143.13915751475957,144.83746445591814,142.55996829483985,142.76611328125,68402200,0.0,0.0
2022-10-07 00:00:00-04:00,139.9290453992253,140.47880029356153,136.8956494527264,137.52392578125,85925600,0.0,0.0
2022-10-10 00:00:00-04:00,137.84786987304688,139.29094450363405,136.03176603772727,137.84786987304688,74899000,0.0,0.0
2022-10-11 00:00:00-04:00,137.33739611427865,138.76084793369003,135.68817645989057,136.4342498779297,77033700,0.0,0.0
2022-10-12 00:00:00-04:00,136.58150689181417,137.78897231294513,135.62927355780315,135.80596923828125,70433700,0.0,0.0
2022-10-13 00:00:00-04:00,132.51732843397534,140.95978909716513,131.90867508719168,140.37078857421875,113224000,0.0,0.0
2022-10-14 00:00:00-04:00,141.66661609125816,141.87277603175662,135.65872326737428,135.84524536132812,88598000,0.0,0.0
2022-10-17 00:00:00-04:00,138.4859408048433,140.28240638195203,137.70059190346555,139.8013916015625,85250900,0.0,0.0
2022-10-18 00:00:00-04:00,142.8249846575733,144.01281203046764,138.03436952113134,141.11685180664062,99136600,0.0,0.0
2022-10-19 00:00:00-04:00,139.09461918905455,142.29489928414645,138.90809708603376,141.22486877441406,61758300,0.0,0.0
2022-10-20 00:00:00-04:00,140.40025572638473,143.21768011702426,140.0370229627389,140.7634735107422,64522000,0.0,0.0
2022-10-21 00:00:00-04:00,140.2530052619691,145.14179598739213,140.03703386545854,144.57241821289062,86548600,0.0,0.0
2022-10-24 00:00:00-04:00,144.4938810962025,147.47818995640918,143.32567626964715,146.7124786376953,75981900,0.0,0.0
2022-10-25 00:00:00-04:00,147.34074408565283,149.69679141311283,146.62411995147127,149.54953002929688,74732300,0.0,0.0
2022-10-26 00:00:00-04:00,148.19482861119383,149.2059606049606,145.32830191392304,146.61431884765625,88194300,0.0,0.0
2022-10-27 00:00:00-04:00,145.35775035197634,146.31979510961392,141.48991849585923,142.14764404296875,109180200,0.0,0.0
2022-10-28 00:00:00-04:00,145.4853431294892,154.61499335183578,145.11231396636444,152.88723754882812,164762400,0.0,0.0
2022-10-31 00:00:00-04:00,150.35449330723716,151.4147121907347,149.1372016307876,150.53118896484375,97943200,0.0,0.0
2022-11-01 00:00:00-04:00,152.2393339638939,152.60255171953904,146.3983256985316,147.89047241210938,80379300,0.0,0.0
2022-11-02 00:00:00-04:00,146.22162239502856,149.3826416112209,142.34397906464244,142.37342834472656,93604600,0.0,0.0
2022-11-03 00:00:00-04:00,139.45786491513846,140.18431562523062,136.20849704009387,136.33612060546875,97918500,0.0,0.0
2022-11-04 00:00:00-04:00,139.71867839937045,140.28900066971147,132.13735779737468,136.0706024169922,140814800,0.23,0.0
2022-11-07 00:00:00-05:00,134.82180210827255,136.82775039724396,133.40583154940404,136.60159301757812,83374600,0.0,0.0
2022-11-08 00:00:00-05:00,138.06672226567503,139.069688836373,135.19545550623369,137.17190551757812,89908500,0.0,0.0
2022-11-09 00:00:00-05:00,136.18861111865357,136.23777968306217,132.34386044564616,132.6191864013672,74917800,0.0,0.0
2022-11-10 00:00:00-05:00,138.88283878011893,144.4188690185547,137.17187238968415,144.4188690185547,118854000,0.0,0.0
2022-11-11 00:00:00-05:00,143.38645323831483,147.5065147597333,141.96063992686575,147.20169067382812,93979700,0.0,0.0
2022-11-14 00:00:00-05:00,146.48386123047396,147.77199641885335,144.96955367768106,145.8053741455078,73374100,0.0,0.0
2022-11-15 00:00:00-05:00,149.67960607049233,151.02673737922098,146.08068410249945,147.53598022460938,89868300,0.0,0.0
2022-11-16 00:00:00-05:00,146.6411761367448,147.36881668355312,144.83187247009243,146.3068389892578,64218300,0.0,0.0
2022-11-17 00:00:00-05:00,143.98622301357588,148.9519465811487,143.71089713297823,148.2046356201172,80389400,0.0,0.0
2022-11-18 00:00:00-05:00,149.76811828911318,150.15160903599656,147.46717380781297,148.76513671875,74829600,0.0,0.0
2022-11-21 00:00:00-05:00,147.65399909356225,147.8604860232478,145.2547175972566,145.5398712158203,58724100,0.0,0.0
2022-11-22 00:00:00-05:00,145.65788443814483,147.909660354169,144.47789906303868,147.6736602783203,51804100,0.0,0.0
2022-11-23 00:00:00-05:00,146.95582360996656,149.29610855403772,146.8476588015229,148.54879760742188,58301400,0.0,0.0
2022-11-25 00:00:00-05:00,145.83487333926465,146.3953678932279,144.66473067745702,145.63821411132812,35195900,0.0,0.0
2022-11-28 00:00:00-05:00,142.7177546502144,144.19272111621666,140.9871327315936,141.8131103515625,69246000,0.0,0.0
2022-11-29 00:00:00-05:00,141.8819361067611,142.39326202258005,138.00770341068628,138.8140106201172,83763800,0.0,0.0
2022-11-30 00:00:00-05:00,139.04019702693043,146.23804217919428,138.20439151332914,145.55955505371094,111380900,0.0,0.0
2022-12-01 00:00:00-05:00,145.73656252403373,146.64120704597443,144.16325857031342,145.8348846435547,71250400,0.0,0.0
2022-12-02 00:00:00-05:00,143.5240993516398,145.53004745802465,143.2192602974079,145.3432159423828,65447400,0.0,0.0
2022-12-05 00:00:00-05:00,145.3038811249747,148.4013049961633,143.33725898348703,144.1829071044922,68826400,0.0,0.0
2022-12-06 00:00:00-05:00,144.615540296504,144.84169760083205,139.5514801929375,140.52496337890625,64727200,0.0,0.0
2022-12-07 00:00:00-05:00,139.8169835109002,140.97728320609625,137.6635301739463,138.5878448486328,69721100,0.0,0.0
2022-12-08 00:00:00-05:00,139.9841640195035,141.12480845757423,138.7451974772698,140.26931762695312,62128300,0.0,0.0
2022-12-09 00:00:00-05:00,139.96447961702353,143.14058484738695,138.5485094221092,139.78749084472656,76097000,0.0,0.0
2022-12-12 00:00:00-05:00,140.31847817047847,142.0884409898644,138.7058487137347,142.07861328125,70462700,0.0,0.0
2022-12-13 00:00:00-05:00,147.00500937638787,147.4671667934874,141.83279839446703,143.04226684570312,93886200,0.0,0.0
2022-12-14 00:00:00-05:00,142.9242927483946,144.2124280542218,138.80421630941913,140.82000732421875,82291200,0.0,0.0
2022-12-15 00:00:00-05:00,138.75501875197617,139.43350575702271,133.7597969655739,134.22195434570312,98931900,0.0,0.0
2022-12-16 00:00:00-05:00,134.4087776749108,135.35274779526193,131.49817062820333,132.26515197753906,160156900,0.0,0.0
2022-12-19 00:00:00-05:00,132.8551509782634,132.94364536804903,129.12840885731634,130.16087341308594,79592600,0.0,0.0
2022-12-20 00:00:00-05:00,129.19726991624464,131.02622951755586,127.72230297983688,130.0920867919922,77432800,0.0,0.0
2022-12-21 00:00:00-05:00,130.76068907847488,134.52677190815584,130.53453175568677,133.18946838378906,85928000,0.0,0.0
2022-12-22 00:00:00-05:00,132.10785363301125,132.31434056379908,128.12544063659777,130.02322387695312,77852100,0.0,0.0
2022-12-23 00:00:00-05:00,128.73506338957282,130.21002976434445,127.47642661676507,129.6593780517578,63814900,0.0,0.0
2022-12-27 00:00:00-05:00,129.18740783707491,129.2169059676245,126.57179689801647,127.85993194580078,69007800,0.0,0.0
2022-12-28 00:00:00-05:00,127.50594763388183,128.84325132058044,123.76936998157427,123.93653106689453,85438400,0.0,0.0
2022-12-29 00:00:00-05:00,125.85399366425621,128.30243635978945,125.59833816334043,127.44696044921875,75703700,0.0,0.0
2022-12-30 00:00:00-05:00,126.26698977683235,127.78128236285382,125.30334153820444,127.76161193847656,77034200,0.0,0.0
2023-01-03 00:00:00-05:00,128.10576937065363,128.7154174535332,122.09773792777466,122.98271942138672,112117500,0.0,0.0
2023-01-04 00:00:00-05:00,124.77234386397704,126.51280869797894,122.99255318811515,124.25119018554688,89113600,0.0,0.0
2023-01-05 00:00:00-05:00,125.0083349534918,125.63765344479737,122.67789249421179,122.93354797363281,80962700,0.0,0.0
2023-01-06 00:00:00-05:00,123.907033324828,128.115596113896,122.80572219640975,127.45677947998047,87754700,0.0,0.0
2023-01-09 00:00:00-05:00,128.2925949020793,131.18353181246084,127.72227268810083,127.9779281616211,70790800,0.0,0.0
2023-01-10 00:00:00-05:00,128.0860756971166,129.06938662217883,125.9817909176488,128.54823303222656,63896200,0.0,0.0
2023-01-11 00:00:00-05:00,129.05959971999454,131.2818777117784,128.2827904454057,131.26222229003906,69458900,0.0,0.0
2023-01-12 00:00:00-05:00,131.64572074057682,132.0193688291939,129.24643878440378,131.18356323242188,71379600,0.0,0.0
2023-01-13 00:00:00-05:00,129.8265664212103,132.6683349676498,129.46274610687883,132.51100158691406,57809700,0.0,0.0
2023-01-17 00:00:00-05:00,132.57984966159466,134.99878678874634,131.89153482883353,133.67132568359375,63646600,0.0,0.0
2023-01-18 00:00:00-05:00,134.53662257229425,136.29674271738915,132.7764874230637,132.9534912109375,69672800,0.0,0.0
2023-01-19 00:00:00-05:00,131.84235433638028,133.9761376268957,131.53753029546903,133.0124969482422,58280400,0.0,0.0
2023-01-20 00:00:00-05:00,133.02230476612493,135.71658218378784,131.97999755468973,135.56907653808594,80223600,0.0,0.0
2023-01-23 00:00:00-05:00,135.81491475833332,140.92814412125819,135.59858513124948,138.75502014160156,81760300,0.0,0.0
2023-01-24 00:00:00-05:00,137.9683697007518,140.77081216801105,137.95854199183503,140.1513214111328,66435100,0.0,0.0
2023-01-25 00:00:00-05:00,138.53869500355867,140.0529874380773,136.49340619294276,139.4925079345703,65799300,0.0,0.0
2023-01-26 00:00:00-05:00,140.78065564701856,141.8426334902846,139.53184628445516,141.55747985839844,54105100,0.0,0.0
2023-01-27 00:00:00-05:00,140.77085209552519,144.77292136359273,140.69218538947123,143.49461364746094,70555800,0.0,0.0
2023-01-30 00:00:00-05:00,142.54079133466578,143.12094131391822,140.46600420175812,140.61349487304688,64015300,0.0,0.0
2023-01-31 00:00:00-05:00,140.31848180314623,141.93111130163894,139.9054929686203,141.88194274902344,65874500,0.0,0.0
2023-02-01 00:00:00-05:00,141.56730384751015,144.16324461699494,138.961535368266,143.0029296875,77663600,0.0,0.0
2023-02-02 00:00:00-05:00,146.4149930473278,148.65694079146772,145.69718026187857,148.30296325683594,118339000,0.0,0.0
2023-02-03 00:00:00-05:00,145.5595602225663,154.75352622762708,145.3629009773319,151.9215850830078,154357300,0.0,0.0
2023-02-06 00:00:00-05:00,150.02377712562708,150.54493079230497,148.26364190831887,149.19778442382812,69858300,0.0,0.0
2023-02-07 00:00:00-05:00,148.12595929659778,152.63935290701122,148.12595929659778,152.06903076171875,83322600,0.0,0.0
2023-02-08 00:00:00-05:00,151.31194020980092,152.00025508514892,148.6471601159277,149.3846435546875,64120100,0.0,0.0
2023-02-09 00:00:00-05:00,151.21356571138807,151.75438976697808,147.9096401221254,148.3521270751953,56007100,0.0,0.0
2023-02-10 00:00:00-05:00,147.19007494553122,149.04151212756338,146.95371454850684,148.71652221679688,57450700,0.23,0.0
2023-02-13 00:00:00-05:00,148.6574172040706,151.9171435900277,148.62787403653363,151.5133819580078,62199000,0.0,0.0
2023-02-14 00:00:00-05:00,149.8096612758476,151.43461079325414,148.56880303013764,150.87326049804688,61707600,0.0,0.0
2023-02-15 00:00:00-05:00,150.78463194852628,153.13833305811258,150.5581292969133,152.97091674804688,65573800,0.0,0.0
2023-02-16 00:00:00-05:00,151.17855953849067,153.95573796607766,151.02100096105386,151.3755340576172,68167900,0.0,0.0
2023-02-17 00:00:00-05:00,150.03619479649413,150.6763169294936,148.55897600306773,150.233154296875,59144100,0.0,0.0
2023-02-21 00:00:00-05:00,147.91879277519925,149.0020922304812,146.1559855092862,146.22491455078125,58867200,0.0,0.0
2023-02-22 00:00:00-05:00,146.60902132895072,147.67262055430007,144.9250004924314,146.64842224121094,51011300,0.0,0.0
2023-02-23 00:00:00-05:00,147.81048914517564,148.05669224456878,145.00378282832062,147.13096618652344,48394200,0.0,0.0
2023-02-24 00:00:00-05:00,144.87574571223192,144.95453250364176,143.50685714395402,144.48182678222656,55469600,0.0,0.0
2023-02-27 00:00:00-05:00,145.46667494315656,146.90449291595675,145.2106140512802,145.67347717285156,44998500,0.0,0.0
2023-02-28 00:00:00-05:00,144.8167162027043,146.81588485970732,144.600056198069,145.17124938964844,50547000,0.0,0.0
2023-03-01 00:00:00-05:00,144.600022862706,144.99394185647634,142.80765687884437,143.1031036376953,55479000,0.0,0.0
2023-03-02 00:00:00-05:00,142.1872382713636,144.48185327566276,141.7145174362223,143.69400024414062,52238100,0.0,0.0
2023-03-03 00:00:00-05:00,145.79162671403117,148.81500811176437,145.09241829817535,148.73622131347656,70732300,0.0,0.0
2023-03-06 00:00:00-05:00,151.4542972077173,153.92618602775224,151.1293223291666,151.4936981201172,87558000,0.0,0.0
2023-03-07 00:00:00-05:00,151.36567408118486,151.69066400049135,148.83471383986452,149.29757690429688,56182000,0.0,0.0
2023-03-08 00:00:00-05:00,150.48917721139935,151.1391569879468,149.5240652876753,150.5482635498047,47204800,0.0,0.0
2023-03-09 00:00:00-05:00,151.2277963802791,152.1929083670859,147.9483691410299,148.3029022216797,53833600,0.0,0.0
2023-03-10 00:00:00-05:00,147.92869544727571,148.64760438030467,145.3681768808884,146.24465942382812,68572400,0.0,0.0
2023-03-13 00:00:00-04:00,145.56508833410462,150.81413914374863,145.45675839142748,148.1846923828125,84457100,0.0,0.0
2023-03-14 00:00:00-04:00,148.98242012042218,151.07021762009597,147.82034869008896,150.27252197265625,73695900,0.0,0.0
2023-03-15 00:00:00-04:00,148.8937927615987,150.92250395033966,147.64307677577528,150.6664581298828,77167900,0.0,0.0
2023-03-16 00:00:00-04:00,149.84907174243986,154.08376844517147,149.33696504123728,153.4830322265625,76161100,0.0,0.0
2023-03-17 00:00:00-04:00,153.70954970993674,154.35952962100535,151.9368840556802,152.6459503173828,98944600,0.0,0.0
2023-03-20 00:00:00-04:00,152.71487589238697,155.42311016638172,151.80883520237765,155.0094757080078,73641400,0.0,0.0
2023-03-21 00:00:00-04:00,154.93069227015488,156.9790888157361,154.1625247817563,156.8609161376953,73938300,0.0,0.0
2023-03-22 00:00:00-04:00,156.88062840402722,159.67749219321786,155.41325242402124,155.43295288085938,75701800,0.0,0.0
2023-03-23 00:00:00-04:00,156.41776312286146,159.0964541870748,155.28521978995877,156.5162353515625,67622100,0.0,0.0
2023-03-24 00:00:00-04:00,156.44731907052963,157.9048374069247,155.4526638252611,157.8162078857422,59196500,0.0,0.0
2023-03-27 00:00:00-04:00,157.5109061704178,158.32830230982592,155.47233717929535,155.87611389160156,52390300,0.0,0.0
2023-03-28 00:00:00-04:00,155.57079288605044,156.08289946543738,153.61101109186916,155.25564575195312,45992200,0.0,0.0
2023-03-29 00:00:00-04:00,156.94954647836764,158.60403911493316,156.92986104995282,158.3282928466797,51305700,0.0,0.0
2023-03-30 00:00:00-04:00,159.07676882534926,160.0024950198449,158.8207229739758,159.8941650390625,49501700,0.0,0.0
2023-03-31 00:00:00-04:00,159.972908545837,162.49402556851254,159.45095924162882,162.39553833007812,68749800,0.0,0.0
2023-04-03 00:00:00-04:00,161.775178500926,163.76448923786776,161.72593486293172,163.6463165283203,56976200,0.0,0.0
2023-04-04 00:00:00-04:00,164.06975594835677,164.30610131295074,162.60238002597387,163.11448669433594,46278300,0.0,0.0
2023-04-05 00:00:00-04:00,162.23803059475318,162.54332009164784,159.34267919173706,161.2729034423828,51511700,0.0,0.0
2023-04-06 00:00:00-04:00,159.963052724609,162.4546416380935,159.5395906537556,162.15919494628906,45390100,0.0,0.0
2023-04-10 00:00:00-04:00,158.96841666370352,159.56915283203125,157.64877164706385,159.56915283203125,47716900,0.0,0.0
2023-04-11 00:00:00-04:00,159.88429605818737,159.8941387722609,158.0722298566841,158.3578338623047,47644200,0.0,0.0
2023-04-12 00:00:00-04:00,158.77147274218814,159.59871163720814,157.35334033527027,157.66848754882812,50133100,0.0,0.0
2023-04-13 00:00:00-04:00,159.1752417539843,163.28190788405584,158.96842452673738,163.04554748535156,68445600,0.0,0.0
2023-04-14 00:00:00-04:00,162.09027277975596,163.794009087704,161.33197803499354,162.70086669921875,49386500,0.0,0.0
2023-04-17 00:00:00-04:00,162.58269264644778,162.87813940299813,161.53879379674336,162.72056579589844,41516200,0.0,0.0
2023-04-18 00:00:00-04:00,163.57736611842117,164.86746811951792,163.13418846133288,163.94174194335938,49923000,0.0,0.0
2023-04-19 00:00:00-04:00,163.2819130529251,165.60607111909823,163.02585218946155,165.08412170410156,47720200,0.0,0.0
2023-04-20 00:00:00-04:00,163.56748026442403,165.3204450523275,163.04553091898333,164.1189727783203,52456400,0.0,0.0
2023-04-21 00:00:00-04:00,162.54333712378204,163.9220688758568,161.9918444229521,162.5137939453125,58337300,0.0,0.0
2023-04-24 00:00:00-04:00,162.49405610505224,163.0849495926161,161.40091367199096,162.8190460205078,41949600,0.0,0.0
2023-04-25 00:00:00-04:00,162.68117729099055,163.78416246885476,161.24334444666383,161.28274536132812,48714100,0.0,0.0
2023-04-26 00:00:00-04:00,160.58353763858076,162.76982277852977,160.327491776325,161.2729034423828,45498800,0.0,0.0
2023-04-27 00:00:00-04:00,162.68115222078845,165.99996498511996,162.68115222078845,165.8522491455078,64902300,0.0,0.0
2023-04-28 00:00:00-04:00,165.93106728858945,167.27041291997128,165.33033104891717,167.1029815673828,55275900,0.0,0.0
2023-05-01 00:00:00-04:00,166.70905380019818,167.86128258741087,166.07877442017465,167.01434326171875,52472900,0.0,0.0
2023-05-02 00:00:00-04:00,167.50674796522142,167.76280882251325,164.9954731830596,165.98028564453125,48425700,0.0,0.0
2023-05-03 00:00:00-04:00,166.9256982160475,168.32412999077732,164.62124085601573,164.90682983398438,65136000,0.0,0.0
2023-05-04 00:00:00-04:00,162.38573893481126,164.50307988258416,161.81454585901537,163.27206420898438,81235400,0.0,0.0
2023-05-05 00:00:00-04:00,168.38322333782398,171.65280778469676,168.1665634032941,170.93389892578125,113453200,0.0,0.0
2023-05-08 00:00:00-04:00,169.86044681233003,171.20965008439242,169.49607101524845,170.86495971679688,55962800,0.0,0.0
2023-05-09 00:00:00-04:00,170.42181373691182,170.90436226614003,168.9938385535857,169.1612548828125,45326900,0.0,0.0
2023-05-10 00:00:00-04:00,170.3922648627901,171.38692008917508,169.28926463206565,170.92405700683594,53724500,0.0,0.0
2023-05-11 00:00:00-04:00,171.20961699732078,171.93836845064925,169.55512459046415,171.1111297607422,49514700,0.0,0.0
2023-05-12 00:00:00-04:00,171.2196142676148,171.6535334613317,168.63584185680983,170.18414306640625,45533100,0.24,0.0
2023-05-15 00:00:00-04:00,170.766027969497,170.8153397179057,169.0993901889802,169.69110107421875,37266700,0.0,0.0
2023-05-16 00:00:00-04:00,169.61220528633143,170.74630026056693,169.4248296710781,169.69110107421875,42110300,0.0,0.0
2023-05-17 00:00:00-04:00,169.3360585337975,170.53917778241149,168.06388478776768,170.30250549316406,57951600,0.0,0.0
2023-05-18 00:00:00-04:00,170.60822168470452,172.8172584115987,170.1940301198803,172.6298828125,65496700,0.0,0.0
2023-05-19 00:00:00-04:00,173.95134816577144,173.95134816577144,172.5213979143073,172.7383575439453,55809500,0.0,0.0
2023-05-22 00:00:00-04:00,171.5746815829952,172.2945999966471,171.05201016081833,171.79164123535156,43570900,0.0,0.0
2023-05-23 00:00:00-04:00,170.7364116817252,170.9829553293692,168.9119826700276,169.1881103515625,50747300,0.0,0.0
2023-05-24 00:00:00-04:00,168.7246024757336,170.03621645106807,168.16249079935005,169.4642333984375,45143500,0.0,0.0
2023-05-25 00:00:00-04:00,170.02637505144457,171.49576564962197,169.31632809947834,170.59835815429688,56058300,0.0,0.0
2023-05-26 00:00:00-04:00,170.92379413047703,173.33991896491864,170.71669083708804,173.00460815429688,54835000,0.0,0.0
2023-05-30 00:00:00-04:00,174.51345913931758,176.51539231960112,174.12885165758402,174.8487548828125,55964400,0.0,0.0
2023-05-31 00:00:00-04:00,174.87834951174753,176.87042648421155,174.3162227478627,174.79945373535156,99625300,0.0,0.0
2023-06-01 00:00:00-04:00,175.24321733975688,177.62975798334406,174.4838587106697,177.6001739501953,68901800,0.0,0.0
2023-06-02 00:00:00-04:00,178.52721426739677,179.2668453318801,176.781680741823,178.4483184814453,61996900,0.0,0.0
2023-06-05 00:00:00-04:00,180.10504889865823,182.3929658521557,175.57849662924414,177.0972137451172,121946500,0.0,0.0
2023-06-06 00:00:00-04:00,177.4818174892389,177.6297376380402,174.97692595213158,176.73233032226562,64848400,0.0,0.0
2023-06-07 00:00:00-04:00,175.97299569419778,178.70470351330488,174.8684849721747,175.361572265625,61944600,0.0,0.0
2023-06-08 00:00:00-04:00,175.44046308150416,178.33981894141047,175.0065588784877,178.0735626220703,50214900,0.0,0.0
2023-06-09 00:00:00-04:00,178.99070336218668,179.71060666093933,178.13273621096323,178.4581756591797,48900000,0.0,0.0
2023-06-12 00:00:00-04:00,178.7638742754878,181.34764691680866,178.468018885392,181.2490234375,54274900,0.0,0.0
2023-06-13 00:00:00-04:00,180.27273686584886,181.60406367252176,179.91771337450308,180.7756805419922,54929100,0.0,0.0
2023-06-14 00:00:00-04:00,180.8348467124019,181.84074910193183,179.50351991974284,181.40682983398438,57462900,0.0,0.0
2023-06-15 00:00:00-04:00,181.4166932611595,183.94129793003785,181.23917400121888,183.43833923339844,65433200,0.0,0.0
2023-06-16 00:00:00-04:00,184.14840773628853,184.40482280312972,181.72242626645283,182.36343383789062,101256200,0.0,0.0
2023-06-20 00:00:00-04:00,181.86043752572817,183.52707478677846,181.86043752572817,182.45213317871094,49799100,0.0,0.0
2023-06-21 00:00:00-04:00,182.3436478270068,182.84660642171352,180.06558727963176,181.41665649414062,49515700,0.0,0.0
2023-06-22 00:00:00-04:00,181.19974867789384,184.4639845971855,181.13070922445527,184.4146728515625,51245300,0.0,0.0
2023-06-23 00:00:00-04:00,182.98470820219737,184.96691381940127,182.45216546765664,184.0990753173828,53117000,0.0,0.0
2023-06-26 00:00:00-04:00,184.2470331308546,185.4501675478517,182.66914748789137,182.70860290527344,48088700,0.0,0.0
2023-06-27 00:00:00-04:00,183.31997931240525,185.78541559077308,183.10301971608257,185.45997619628906,50730800,0.0,0.0
2023-06-28 00:00:00-04:00,185.33178721386028,187.27455239917202,185.00636283468697,186.633544921875,51216800,0.0,0.0
2023-06-29 00:00:00-04:00,186.4658826988121,187.4422009047134,186.32781886596203,186.9688262939453,46347300,0.0,0.0
2023-06-30 00:00:00-04:00,188.9806243235532,191.79121262094537,188.61572952588827,191.28826904296875,85213200,0.0,0.0
2023-07-03 00:00:00-04:00,191.10093714903454,191.19956064074086,189.10885998965753,189.7991943359375,31458200,0.0,0.0
2023-07-05 00:00:00-04:00,188.92148652956726,190.31198136153697,187.98460856583768,188.68479919433594,46920300,0.0,0.0
2023-07-06 00:00:00-04:00,187.21536187872596,189.36523009534062,186.5842108059987,189.1581268310547,45094300,0.0,0.0
2023-07-07 00:00:00-04:00,188.76366516963594,190.00623962579556,187.6098428072387,188.0437469482422,46815000,0.0,0.0
2023-07-10 00:00:00-04:00,186.6434031135775,187.36332142042107,184.4540942539423,186.0023956298828,59922200,0.0,0.0
2023-07-11 00:00:00-04:00,186.5447914459214,186.68285528837708,184.02018687082855,185.47972106933594,46638100,0.0,0.0
2023-07-12 00:00:00-04:00,187.05759515232103,189.04967210294507,185.86433228601203,187.1463623046875,60750200,0.0,0.0
2023-07-13 00:00:00-04:00,187.8662603208446,188.54672319895087,187.15621340871894,187.90570068359375,41342300,0.0,0.0
2023-07-14 00:00:00-04:00,187.59998771190843,188.53685056119244,187.00829198764853,188.0536346435547,41616200,0.0,0.0
2023-07-17 00:00:00-04:00,189.24688249449068,191.63343805134278,189.15813040004866,191.30799865722656,50520200,0.0,0.0
2023-07-18 00:00:00-04:00,190.67688432979497,191.6433313227349,189.75973403360663,191.05162048339844,48288200,0.0,0.0
2023-07-19 00:00:00-04:00,190.4303301514657,195.48939585264796,189.9865395225249,192.40267944335938,80507300,0.0,0.0
2023-07-20 00:00:00-04:00,192.39279363664537,193.75371936128715,189.83860510668907,190.45989990234375,59581200,0.0,0.0
2023-07-21 00:00:00-04:00,191.4164870851642,192.2744541324422,188.58615588066942,189.28634643554688,71951700,0.0,0.0
2023-07-24 00:00:00-04:00,190.73605347791477,192.2153155367517,189.59208720760122,190.08517456054688,45377800,0.0,0.0
2023-07-25 00:00:00-04:00,190.65714646634552,191.75180092732498,190.25281124926505,190.94313049316406,37283200,0.0,0.0
2023-07-26 00:00:00-04:00,190.99241694846552,192.93518195125802,190.64726489612826,191.81094360351562,47471900,0.0,0.0
2023-07-27 00:00:00-04:00,193.3099522093675,194.47363103189025,189.8879250921341,190.5486602783203,47460200,0.0,0.0
2023-07-28 00:00:00-04:00,191.97860770429688,193.91151654263126,191.4559363697747,193.12257385253906,48291400,0.0,0.0
2023-07-31 00:00:00-04:00,193.34938604539337,193.77344894031904,192.56044337061044,193.73399353027344,38824100,0.0,0.0
2023-08-01 00:00:00-04:00,193.52688862020202,194.0101044929012,192.58015448246934,192.9055938720703,35175100,0.0,0.0
2023-08-02 00:00:00-04:00,192.34350758944402,192.48157144604934,189.19762292480593,189.9175262451172,50389300,0.0,0.0
2023-08-03 00:00:00-04:00,188.92148694956984,189.71041463976601,188.0536484329567,188.52700805664062,61235200,0.0,0.0
2023-08-04 00:00:00-04:00,182.95510234495143,184.78938756590674,179.4048680308995,179.47390747070312,115956800,0.0,0.0
2023-08-07 00:00:00-04:00,179.61200164257014,180.59817633552169,174.8980878140883,176.37734985351562,97576100,0.0,0.0
2023-08-08 00:00:00-04:00,177.20572916857282,177.77771228390873,175.12490000933562,177.314208984375,67823000,0.0,0.0
2023-08-09 00:00:00-04:00,178.36941190145535,178.42857997538025,174.5627769846933,175.72647094726562,60378500,0.0,0.0
2023-08-10 00:00:00-04:00,176.99859377509202,178.25103959448677,175.1445959609342,175.5094757080078,54686900,0.0,0.0
2023-08-11 00:00:00-04:00,175.10465717699176,176.38840355314576,174.34427296435433,175.5687713623047,52036700,0.24,0.0
2023-08-14 00:00:00-04:00,175.74649049543365,177.44500246999712,175.09473274674426,177.21788024902344,43675600,0.0,0.0
2023-08-15 00:00:00-04:00,176.64514364841483,177.23763842738072,174.8380051896738,175.23300170898438,43622600,0.0,0.0
2023-08-16 00:00:00-04:00,174.9169842350172,176.30935657463468,174.29485048513217,174.36398315429688,46964900,0.0,0.0
2023-08-17 00:00:00-04:00,174.92689581745674,175.29226839022536,171.31261851419777,171.8261260986328,66062900,0.0,0.0
2023-08-18 00:00:00-04:00,170.14735612669347,172.9123770667114,169.8116075662743,172.30999755859375,61172200,0.0,0.0
2023-08-21 00:00:00-04:00,172.88274314562352,173.92949746098708,171.56935789788312,173.6431121826172,46311900,0.0,0.0
2023-08-22 00:00:00-04:00,174.84785755399471,175.46010661888187,174.04797988711957,175.01573181152344,42038900,0.0,0.0
2023-08-23 00:00:00-04:00,176.28963972003098,179.2817827873095,176.10201110060572,178.85714721679688,52722800,0.0,0.0
2023-08-24 00:00:00-04:00,178.41277199096436,178.8374075605793,173.8109887437673,174.17637634277344,54945800,0.0,0.0
2023-08-25 00:00:00-04:00,175.16386577811136,176.91174101480664,173.62335841851225,176.3784942626953,51449600,0.0,0.0
2023-08-28 00:00:00-04:00,177.83999456976295,178.33374768816518,176.31924159506977,177.93875122070312,43820700,0.0,0.0
2023-08-29 00:00:00-04:00,177.45488030453177,182.58991008586239,177.2573820568172,181.8196563720703,53003900,0.0,0.0
2023-08-30 00:00:00-04:00,182.62940848986258,185.50305529692773,182.43191025327192,185.3055419921875,60813900,0.0,0.0
2023-08-31 00:00:00-04:00,185.4931573920971,186.75716409811676,185.13765456426975,185.5227813720703,60794500,0.0,0.0
2023-09-01 00:00:00-04:00,187.1225500051064,187.54717042646476,185.92766090669275,187.09292602539062,45766500,0.0,0.0
2023-09-05 00:00:00-04:00,185.92766852324166,187.60642607121574,185.26604116890505,187.32992553710938,45280000,0.0,0.0
2023-09-06 00:00:00-04:00,186.04618648324464,186.4905763861184,179.20277485131902,180.62478637695312,81755800,0.0,0.0
2023-09-07 00:00:00-04:00,172.99134398653018,175.98350189646143,171.37183427986267,175.34161376953125,112488800,0.0,0.0
2023-09-08 00:00:00-04:00,176.12176201867752,177.98814840122637,175.56874581023814,175.95387268066406,65551300,0.0,0.0
2023-09-11 00:00:00-04:00,177.82027676778657,178.0473990105972,175.12437356668377,177.119140625,58953100,0.0,0.0
2023-09-12 00:00:00-04:00,177.2475449582567,177.87954850785982,172.6358914674074,174.09739685058594,90370200,0.0,0.0
2023-09-13 00:00:00-04:00,174.30474566083996,175.0848841389881,171.80635572558617,172.0334930419922,84267900,0.0,0.0
2023-09-14 00:00:00-04:00,171.82610607332606,173.89987544974738,171.41135521167203,173.54437255859375,60895800,0.0,0.0
2023-09-15 00:00:00-04:00,174.27510652680778,174.29486087176767,171.6483512368518,172.82347106933594,109259500,0.0,0.0
2023-09-18 00:00:00-04:00,174.2751007250675,177.13887792290447,173.9689761950564,175.74649047851562,67257600,0.0,0.0
2023-09-19 00:00:00-04:00,175.3021409914078,177.38578010579235,174.91701409671836,176.83277893066406,51826900,0.0,0.0
2023-09-20 00:00:00-04:00,177.02035765272817,177.45486279571944,173.20858308214417,173.29747009277344,58436200,0.0,0.0
2023-09-21 00:00:00-04:00,172.36922214048295,174.0973581099587,171.6878404044714,171.7569580078125,63149100,0.0,0.0
2023-09-22 00:00:00-04:00,172.48772049861157,174.86761425499944,171.87547142547365,172.60621643066406,56725400,0.0,0.0
2023-09-25 00:00:00-04:00,172.02357992644104,174.75897636563758,171.97420160197885,173.88009643554688,46172700,0.0,0.0
2023-09-26 00:00:00-04:00,172.63583748924898,173.01107959102313,169.51531434646242,169.8115692138672,64588900,0.0,0.0
2023-09-27 00:00:00-04:00,170.46331542744704,170.87806622328196,166.93792612877573,168.30067443847656,66921800,0.0,0.0
2023-09-28 00:00:00-04:00,167.2243401117975,169.8807348967939,165.52582779726043,168.55747985839844,56294400,0.0,0.0
2023-09-29 00:00:00-04:00,169.870831028669,170.90771561508154,168.21181267677895,169.07095336914062,51861100,0.0,0.0
2023-10-02 00:00:00-04:00,169.0808338409062,172.12235512412923,168.79444856905252,171.5792236328125,52164500,0.0,0.0
2023-10-03 00:00:00-04:00,170.1078434596355,171.46073744550782,168.6858469308082,170.24609375,49594600,0.0,0.0
2023-10-04 00:00:00-04:00,168.95244285882518,172.03347264460572,168.83394692911625,171.49034118652344,53020300,0.0,0.0
2023-10-05 00:00:00-04:00,171.6187292983148,173.25799352598938,170.52259660006877,172.72474670410156,48527900,0.0,0.0
2023-10-06 00:00:00-04:00,171.6286058875163,175.76625988669193,171.0163417068709,175.2725067138672,57266700,0.0,0.0
2023-10-09 00:00:00-04:00,174.6009972191987,176.81301689163445,173.60362121945622,176.75376892089844,42390800,0.0,0.0
2023-10-10 00:00:00-04:00,175.87489990900735,177.47465549196244,175.72676490471198,176.16127014160156,43698000,0.0,0.0
2023-10-11 00:00:00-04:00,175.9736487921809,177.60304349794123,175.38115395493855,177.5536651611328,47551100,0.0,0.0
2023-10-12 00:00:00-04:00,177.82026707710477,180.06189553412176,176.80312172309905,178.4522705078125,56743100,0.0,0.0
2023-10-13 00:00:00-04:00,179.15340788479125,179.65703072033497,175.91438812346496,176.6155242919922,51427100,0.0,0.0
2023-10-16 00:00:00-04:00,174.54176320804768,176.8426550206093,174.3047562379969,176.48715209960938,52517000,0.0,0.0
2023-10-17 00:00:00-04:00,174.44298390478113,176.19087429527403,172.61610626933813,174.93673706054688,57549400,0.0,0.0
2023-10-18 00:00:00-04:00,173.3863659573123,175.36137864838344,172.9222367694585,173.6431121826172,54764400,0.0,0.0
2023-10-19 00:00:00-04:00,173.84062376512662,175.6181383369893,173.0012523479638,173.26788330078125,59302900,0.0,0.0
2023-10-20 00:00:00-04:00,173.11969488643376,173.22832116198327,170.4830553633475,170.72006225585938,64244000,0.0,0.0
2023-10-23 00:00:00-04:00,168.77472302133776,171.8359838309846,167.80695589693704,170.83860778808594,55980100,0.0,0.0
2023-10-24 00:00:00-04:00,170.88794448829165,171.50019348742782,169.30792860053273,171.2730712890625,43816600,0.0,0.0
2023-10-25 00:00:00-04:00,169.73259505065448,170.89784530264086,168.51795139973865,168.96234130859375,57157000,0.0,0.0
2023-10-26 00:00:00-04:00,168.2414494672427,169.2388405091802,163.600172706508,164.804931640625,70625300,0.0,0.0
2023-10-27 00:00:00-04:00,164.82468576422622,166.8490767618186,164.7456834493569,166.11831665039062,58499100,0.0,0.0
2023-10-30 00:00:00-04:00,166.90832288755587,169.03145545417337,166.7601878982554,168.16244506835938,51131000,0.0,0.0
2023-10-31 00:00:00-04:00,167.23420217717043,168.76482492650203,165.80230595130433,168.63645935058594,44846000,0.0,0.0
2023-11-01 00:00:00-04:00,168.86353825678444,172.05317864922037,167.9945280919016,171.7964324951172,56934900,0.0,0.0
2023-11-02 00:00:00-04:00,173.32709544733643,175.55885407348563,173.2678474852133,175.3514862060547,77334800,0.0,0.0
2023-11-03 00:00:00-04:00,172.06311427874405,174.61088250590672,171.18423421755685,174.4429931640625,79829200,0.0,0.0
2023-11-06 00:00:00-05:00,174.17636920813592,177.18825142381783,174.00849494223715,176.99075317382812,63841300,0.0,0.0
2023-11-07 00:00:00-05:00,176.9413698079054,180.1606499568927,176.73400192517136,179.54840087890625,70530000,0.0,0.0
2023-11-08 00:00:00-05:00,180.07179468790036,181.15804266662394,179.3212801943679,180.60504150390625,49340300,0.0,0.0
2023-11-09 00:00:00-05:00,180.67417400336535,181.81966995293175,179.53853262491765,180.13104248046875,53763500,0.0,0.0
2023-11-10 00:00:00-05:00,181.9108804268445,184.48178544542026,181.475802800193,184.3136749267578,66133400,0.24,0.0
2023-11-13 00:00:00-05:00,183.74018560328048,183.94782669363863,182.1482051958573,182.73159790039062,43627500,0.0,0.0
2023-11-14 00:00:00-05:00,185.59912547957174,186.00454008995078,184.21480130754796,185.342041015625,60108400,0.0,0.0
2023-11-15 00:00:00-05:00,185.7474572062222,187.3789832148446,185.67823345303117,185.90565490722656,53790500,0.0,0.0
2023-11-16 00:00:00-05:00,187.4482222334322,188.82266388785246,186.5385061665612,187.58665466308594,54412900,0.0,0.0
2023-11-17 00:00:00-05:00,188.1206090057824,188.24915879673333,186.45941980581802,187.56687927246094,50922700,0.0,0.0
2023-11-20 00:00:00-05:00,187.76460727588125,189.76200213676566,187.75472463510502,189.30714416503906,46505100,0.0,0.0
2023-11-21 00:00:00-05:00,189.2676114417462,189.37638084971888,187.61630503925363,188.5062255859375,38134500,0.0,0.0
2023-11-22 00:00:00-05:00,189.3467095850447,190.77057938008178,188.6940931656517,189.16871643066406,39617700,0.0,0.0
2023-11-24 00:00:00-05:00,188.7336553269539,188.76331834061182,187.13179223741543,187.84373474121094,24048300,0.0,0.0
2023-11-27 00:00:00-05:00,187.79430602014355,188.53591159550703,186.78571821300812,187.66575622558594,40552600,0.0,0.0
2023-11-28 00:00:00-05:00,187.65584993609482,188.9413024556769,187.2800983304318,188.26890563964844,38415400,0.0,0.0
2023-11-29 00:00:00-05:00,188.76331653900834,189.93999969621768,186.85492560121705,187.2504425048828,43014200,0.0,0.0
2023-11-30 00:00:00-05:00,187.71515943504943,188.18979776505014,186.08363355367433,187.8239288330078,48794400,0.0,0.0
2023-12-01 00:00:00-05:00,188.19969953750024,189.4159283197641,187.11200544734405,189.09951782226562,45704800,0.0,0.0
2023-12-04 00:00:00-05:00,187.85363103881406,187.92285480104985,185.35194945178898,187.30978393554688,43389500,0.0,0.0
2023-12-05 00:00:00-05:00,188.08104861869373,192.22413865175915,188.05137051787239,191.25511169433594,66628400,0.0,0.0
2023-12-06 00:00:00-05:00,192.2735994925461,192.5801273781731,189.95979375458376,190.16744995117188,41089700,0.0,0.0
2023-12-07 00:00:00-05:00,191.46276025185608,192.81742141001197,191.42319951100376,192.09559631347656,47477700,0.0,0.0
2023-12-08 00:00:00-05:00,192.02637677770835,193.79635031367135,191.50231010992096,193.5194854736328,53406400,0.0,0.0
2023-12-11 00:00:00-05:00,190.948598334338,191.32434997590968,189.27751140798418,191.01780700683594,60943700,0.0,0.0
2023-12-12 00:00:00-05:00,190.9189094878757,192.54055280703432,189.57413099725628,192.53067016601562,52696900,0.0,0.0
2023-12-13 00:00:00-05:00,192.90639105920806,195.78382360297798,192.6690869899489,195.74427795410156,70404200,0.0,0.0
2023-12-14 00:00:00-05:00,195.80365011321348,197.38573293709894,193.96446770304377,195.89263916015625,66831600,0.0,0.0
2023-12-15 00:00:00-05:00,195.3190970971854,196.17935458626624,194.79503045579114,195.35865783691406,128538400,0.0,0.0
2023-12-18 00:00:00-05:00,193.8952224343076,194.4291868327445,192.21425301938103,193.6974639892578,55751900,0.0,0.0
2023-12-19 00:00:00-05:00,193.96444926391277,194.7456004150459,193.69746706046115,194.7357177734375,40714100,0.0,0.0
2023-12-20 00:00:00-05:00,194.69613029502625,195.46739869863922,192.64930725097656,192.64930725097656,52242800,0.0,0.0
2023-12-21 00:00:00-05:00,193.9050960501454,194.8741228719849,191.33419132020353,192.5009765625,46482500,0.0,0.0
2023-12-22 00:00:00-05:00,192.9953923922105,193.22282892375426,190.81013681243016,191.43309020996094,37149600,0.0,0.0
2023-12-26 00:00:00-05:00,191.44298138124012,191.719846217368,190.6717128965979,190.88925170898438,28919300,0.0,0.0
2023-12-27 00:00:00-05:00,190.33551208827305,191.3342019743918,188.9511728919884,190.9881134033203,48087700,0.0,0.0
2023-12-28 00:00:00-05:00,191.96704448132198,192.48122849088116,191.00790021395272,191.41331481933594,34049900,0.0,0.0
2023-12-29 00:00:00-05:00,191.72973752393827,192.2241411947973,189.5840274029703,190.3750762939453,42672100,0.0,0.0
2024-01-02 00:00:00-05:00,185.05528848269014,186.33085840634024,181.83178197139316,183.56219482421875,82488700,0.0,0.0
2024-01-03 00:00:00-05:00,182.15809638511382,183.79952025374087,181.37693010719954,182.18775939941406,58414500,0.0,0.0
2024-01-04 00:00:00-05:00,180.1112512492328,181.04073256447913,178.85547678867908,179.8739471435547,71983600,0.0,0.0
2024-01-05 00:00:00-05:00,179.953076851374,180.7144477397177,178.15344001418788,179.15213012695312,62379700,0.0,0.0
2024-01-08 00:00:00-05:00,180.0519005320401,183.52262348166371,179.46850790157933,183.48306274414062,59144500,0.0,0.0
2024-01-09 00:00:00-05:00,181.86141829199212,183.0776469225398,180.68473531069785,183.06776428222656,42841800,0.0,0.0
2024-01-10 00:00:00-05:00,182.28664662503843,184.31368968460146,181.86145160567418,184.10604858398438,46792900,0.0,0.0
2024-01-11 00:00:00-05:00,184.4521049955326,184.9564063690912,181.5647895230864,183.5127410888672,49128400,0.0,0.0
2024-01-12 00:00:00-05:00,183.9774674403319,184.64986419021457,183.1172099941003,183.8390350341797,40477800,0.0,0.0
2024-01-16 00:00:00-05:00,180.1211286782067,182.19761480887055,178.90488492167398,181.57467651367188,65603000,0.0,0.0
2024-01-17 00:00:00-05:00,179.24110807963172,180.8825167727283,178.281963767062,180.63531494140625,47317400,0.0,0.0
2024-01-18 00:00:00-05:00,184.0071435872404,187.02300881659582,183.75005912545993,186.5187225341797,78005800,0.0,0.0
2024-01-19 00:00:00-05:00,187.21090309791916,189.80157360580037,186.70661676571424,189.4159393310547,68903000,0.0,0.0
2024-01-22 00:00:00-05:00,190.14766376550878,193.143748944668,190.1081030206995,191.71986389160156,60133900,0.0,0.0
2024-01-23 00:00:00-05:00,192.83720939883855,193.55903452389106,191.66052626402544,192.9954071044922,42355600,0.0,0.0
2024-01-24 00:00:00-05:00,193.23272951111284,194.18199120084623,192.16481576816378,192.32302856445312,53631300,0.0,0.0
2024-01-25 00:00:00-05:00,193.03497008475262,194.07322080915367,190.94858599423335,191.99671936035156,54822100,0.0,0.0
2024-01-26 00:00:00-05:00,192.09559590318426,192.58010181757646,189.7916731135176,190.26629638671875,44594000,0.0,0.0
2024-01-29 00:00:00-05:00,189.86089500402176,190.04877081575225,187.45810037105477,189.5840301513672,47145600,0.0,0.0
2024-01-30 00:00:00-05:00,188.80288370915284,189.65325866018404,185.37172089064353,185.93533325195312,55859400,0.0,0.0
2024-01-31 00:00:00-05:00,184.94649475418208,185.0058358609704,182.28661602120093,182.33604431152344,55467800,0.0,0.0
2024-02-01 00:00:00-05:00,181.93066720224104,184.85752846784007,181.76257176566293,184.76853942871094,64885400,0.0,0.0
2024-02-02 00:00:00-05:00,177.84689023760967,185.23328233515724,177.2437171517322,183.7698516845703,102551700,0.0,0.0
2024-02-05 00:00:00-05:00,186.04410163536497,187.13179578344227,183.75995901240586,185.57936096191406,69668800,0.0,0.0
2024-02-06 00:00:00-05:00,184.76853636353553,187.19111127921153,184.67954732588265,187.1812286376953,43490800,0.0,0.0
2024-02-07 00:00:00-05:00,188.5061913180627,188.91160586389853,186.49891404419196,187.2899627685547,53439000,0.0,0.0
2024-02-08 00:00:00-05:00,187.27021997882892,187.418535043408,185.2530596605407,186.2122039794922,40962000,0.0,0.0
2024-02-09 00:00:00-05:00,186.77652244170517,188.10322646586073,186.13298359451971,186.97454833984375,45155200,0.24,0.0
2024-02-12 00:00:00-05:00,186.54881961012742,186.79633688725167,184.93500212895557,185.2914276123047,41781900,0.0,0.0
2024-02-13 00:00:00-05:00,183.92510799252145,184.36074073565214,181.68754255866872,183.2023468017578,56529500,0.0,0.0
2024-02-14 00:00:00-05:00,183.47959151637605,183.68749754312392,180.6281880058035,182.32119750976562,54630500,0.0,0.0
2024-02-15 00:00:00-05:00,181.727184392981,182.65785175424014,179.54903541760635,182.0341033935547,65434500,0.0,0.0
2024-02-16 00:00:00-05:00,181.59848912459182,183.01429592290478,179.8658680410646,180.49951171875,49752500,0.0,0.0
2024-02-20 00:00:00-05:00,179.98463913307552,180.61828269677792,178.21242224791314,179.75692749023438,53665600,0.0,0.0
2024-02-21 00:00:00-05:00,180.13318356154335,181.07374623255754,178.8658962581704,180.50941467285156,41371400,0.0,0.0
2024-02-22 00:00:00-05:00,181.65785591778803,183.12316891523534,180.6479964148563,182.5390167236328,52292200,0.0,0.0
2024-02-23 00:00:00-05:00,183.17267506039363,183.20237592421455,180.42028422645075,180.70741271972656,45119700,0.0,0.0
2024-02-26 00:00:00-05:00,180.43019254491847,180.9450175834942,178.85597124394113,179.3609161376953,40867400,0.0,0.0
2024-02-27 00:00:00-05:00,179.30151026553332,182.09349711935678,177.77679547469845,180.81631469726562,54318900,0.0,0.0
2024-02-28 00:00:00-05:00,180.69748823755316,181.30143093346823,178.34113428414614,179.61831665039062,48953900,0.0,0.0
2024-02-29 00:00:00-05:00,179.4698267249393,180.75691955299587,177.74710108364005,178.95498657226562,136682600,0.0,0.0
2024-03-01 00:00:00-05:00,177.76688526684862,178.73714862022334,175.6184374307493,177.87579345703125,73563100,0.0,0.0
2024-03-04 00:00:00-05:00,174.40064432483445,175.14319605787904,172.06408093389737,173.361083984375,81510100,0.0,0.0
2024-03-05 00:00:00-05:00,169.06417026385637,170.3314573247722,167.9354922531265,168.43052673339844,95132400,0.0,0.0
2024-03-06 00:00:00-05:00,169.36119643359416,169.53941670485264,167.00482743895031,167.44046020507812,68587700,0.0,0.0
2024-03-07 00:00:00-05:00,167.47017484778516,169.0344857697736,166.81674075207243,167.32167053222656,71765100,0.0,0.0
2024-03-08 00:00:00-05:00,167.32166963491963,171.9749911536114,167.26226790901475,169.03448486328125,76267000,0.0,0.0
2024-03-11 00:00:00-04:00,171.22253935977105,172.64824117092596,170.34137853305091,171.034423828125,60139500,0.0,0.0
2024-03-12 00:00:00-04:00,171.43045147590772,172.3017170819102,169.31170429451927,171.50965881347656,59825400,0.0,0.0
2024-03-13 00:00:00-04:00,171.05425482761498,171.4700820663792,169.06420612614593,169.4305419921875,52488700,0.0,0.0
2024-03-14 00:00:00-04:00,171.19286456313577,172.57895536432744,170.34140446890183,171.28196716308594,72913500,0.0,0.0
2024-03-15 00:00:00-04:00,169.47010369924573,170.90570068359375,168.5988381717502,170.90570068359375,121752700,0.0,0.0
2024-03-18 00:00:00-04:00,173.82644596151624,175.94519331439105,171.79680120539754,171.99481201171875,75604200,0.0,0.0
2024-03-19 00:00:00-04:00,172.6086191723699,174.85607994565953,171.31163124958826,174.3313446044922,55215200,0.0,0.0
2024-03-20 00:00:00-04:00,173.97492929704185,176.8956298828125,173.3511809805003,176.8956298828125,53423100,0.0,0.0
2024-03-21 00:00:00-04:00,175.29172116809335,175.72735394947048,169.14338597139206,169.66812133789062,106181300,0.0,0.0
2024-03-22 00:00:00-04:00,170.05428209514795,171.33147983629345,168.37116745936027,170.56912231445312,71160100,0.0,0.0
2024-03-25 00:00:00-04:00,168.8760716915293,170.23246134793257,167.76718417070535,169.15328979492188,54288300,0.0,0.0
2024-03-26 00:00:00-04:00,168.31174106723407,169.71763732680742,167.8959138727621,168.02462768554688,57388400,0.0,0.0
2024-03-27 00:00:00-04:00,168.71767294274684,171.87599567632833,168.42064920188324,171.5888671875,60273300,0.0,0.0
2024-03-28 00:00:00-04:00,170.04437673388762,170.51960569647457,168.81668554767697,169.7770538330078,65672700,0.0,0.0
2024-04-01 00:00:00-04:00,169.48992969134684,169.54933141950085,167.79690490268092,168.34144592285156,46240500,0.0,0.0
2024-04-02 00:00:00-04:00,167.40087579338118,167.65828830624176,166.55931106297376,167.1632537841797,49329500,0.0,0.0
2024-04-03 00:00:00-04:00,167.11373478373662,168.98496453257434,166.90582876011774,167.96519470214844,47691700,0.0,0.0
2024-04-04 00:00:00-04:00,168.59885072968464,170.21266810452119,167.14346313476562,167.14346313476562,53704400,0.0,0.0
2024-04-05 00:00:00-04:00,167.90579979250484,168.69785802201392,167.27215623034843,167.89590454101562,42104800,0.0,0.0
2024-04-08 00:00:00-04:00,167.3513719945941,167.51968192191484,166.5692240844266,166.77713012695312,37425500,0.0,0.0
2024-04-09 00:00:00-04:00,167.02466284236104,168.3909631058002,166.6781477036779,167.9850311279297,42373800,0.0,0.0
2024-04-10 00:00:00-04:00,167.12365945587084,167.4107728345435,165.45044033625643,166.11378479003906,49709300,0.0,0.0
2024-04-11 00:00:00-04:00,166.66823651643443,173.7175391133101,166.49003132152566,173.30169677734375,91070300,0.0,0.0
2024-04-12 00:00:00-04:00,172.5294554564089,176.58874526879183,172.47996408161129,174.79672241210938,101670900,0.0,0.0
2024-04-15 00:00:00-04:00,173.6185038309996,174.8758957155582,170.78690583147454,170.9750213623047,73531800,0.0,0.0
2024-04-16 00:00:00-04:00,170.04436539186383,172.0343988146065,166.59892920522176,167.69790649414062,73711200,0.0,0.0
2024-04-17 00:00:00-04:00,167.92563121825307,168.95529649982927,166.3316192626953,166.3316192626953,50901200,0.0,0.0
2024-04-18 00:00:00-04:00,166.36130787024413,166.96525061902096,164.89600984807865,165.38113403320312,43122900,0.0,0.0
2024-04-19 00:00:00-04:00,164.559379327856,164.74747975255278,162.45052746983075,163.36138916015625,68149400,0.0,0.0
2024-04-22 00:00:00-04:00,163.8762247169617,165.59893510418706,163.13367296874276,164.1930389404297,48116400,0.0,0.0
2024-04-23 00:00:00-04:00,163.7079130900853,165.391027347015,163.28217556978177,165.2425079345703,49537800,0.0,0.0
2024-04-24 00:00:00-04:00,164.8860792640679,167.61867928406764,164.55936979904956,167.34146118164062,48251800,0.0,0.0
2024-04-25 00:00:00-04:00,167.84640961058278,168.9156860278579,166.4801094484109,168.2028350830078,50558300,0.0,0.0
2024-04-26 00:00:00-04:00,168.19290937676217,169.63840150907166,167.49984906174126,167.61866760253906,44838400,0.0,0.0
2024-04-29 00:00:00-04:00,171.64824848286057,174.2818355072499,171.38094074443057,171.77696228027344,68169400,0.0,0.0
2024-04-30 00:00:00-04:00,171.6086497890361,173.25216784182598,168.3117184327478,168.63844299316406,65934800,0.0,0.0
2024-05-01 00:00:00-04:00,167.89588568564642,170.99480617347464,167.43055209459067,167.61866760253906,50383100,0.0,0.0
2024-05-02 00:00:00-04:00,170.79682058773386,171.69778712393833,169.19291342760516,171.31166076660156,94214900,0.0,0.0
2024-05-03 00:00:00-04:00,184.7963833456082,185.14291355827163,180.84601747897057,181.55886840820312,163224100,0.0,0.0
2024-05-06 00:00:00-04:00,180.53910014061182,182.3707188474722,178.62825898838415,179.90545654296875,78569700,0.0,0.0
2024-05-07 00:00:00-04:00,181.6281680754234,183.06376520709566,179.51933122687228,180.58859252929688,77305800,0.0,0.0
2024-05-08 00:00:00-04:00,181.03414013837894,181.25195654794928,179.6480343404535,180.92523193359375,45057100,0.0,0.0
2024-05-09 00:00:00-04:00,180.74702708520252,182.8261784061232,180.30149897565002,182.73707580566406,48983000,0.0,0.0
2024-05-10 00:00:00-04:00,183.3120539854214,183.50042466657956,180.56585391849484,181.4779510498047,50759500,0.25,0.0
2024-05-13 00:00:00-04:00,183.84743912898392,185.49318663872077,183.0344740478803,184.6802215576172,72044800,0.0,0.0
2024-05-14 00:00:00-04:00,185.89964252722956,186.68286641073877,184.69011878206607,185.82032775878906,52393600,0.0,0.0
2024-05-15 00:00:00-04:00,186.29621459797372,189.0126735344407,185.76084369802737,188.09066772460938,70400000,0.0,0.0
2024-05-16 00:00:00-04:00,188.83423487080034,189.458829238671,188.03119361367854,188.2096405029297,52845200,0.0,0.0
2024-05-17 00:00:00-04:00,187.8824709799172,189.1713095252472,187.55530322495105,188.2393798828125,41282900,0.0,0.0
2024-05-20 00:00:00-04:00,187.70403175639103,190.2717851507536,187.38677266186554,189.3993377685547,44361300,0.0,0.0
2024-05-21 00:00:00-04:00,189.44890089382775,191.07481584379752,189.28036268210627,190.69808959960938,42309400,0.0,0.0
2024-05-22 00:00:00-04:00,190.61877317517173,191.16405275409193,188.63594934473116,189.26052856445312,34648500,0.0,0.0
2024-05-23 00:00:00-04:00,189.33983451815809,189.35966699130785,185.0272019643745,185.27505493164062,51005900,0.0,0.0
2024-05-24 00:00:00-04:00,187.1984232707908,188.94330296502375,186.4251079843019,188.34844970703125,36327000,0.0,0.0
2024-05-28 00:00:00-04:00,189.86530324069457,191.3425125399711,187.4760118609873,188.35836791992188,52280100,0.0,0.0
2024-05-29 00:00:00-04:00,187.98160889548626,190.5989356775744,187.88246165547932,188.65576171875,53068000,0.0,0.0
2024-05-30 00:00:00-04:00,189.12173915319045,190.52954231443272,188.99286588586446,189.64718627929688,49889100,0.0,0.0
2024-05-31 00:00:00-04:00,189.7959119633218,190.9162123421418,188.27905284340878,190.5989532470703,75158300,0.0,0.0
2024-06-03 00:00:00-04:00,191.24336235629542,193.31542486412093,190.86663609575578,192.36366271972656,50080500,0.0,0.0
2024-06-04 00:00:00-04:00,192.96841099700254,193.64257895328527,191.37223723797064,192.680908203125,47471400,0.0,0.0
2024-06-05 00:00:00-04:00,193.72190135445058,195.20901937445223,193.19645419760306,194.1878662109375,54156800,0.0,0.0
2024-06-06 00:00:00-04:00,194.0094297097739,194.81247106318253,192.50247913295604,192.809814453125,41181800,0.0,0.0
2024-06-07 00:00:00-04:00,192.9783133981505,195.2486550396786,192.4726987931798,195.19908142089844,53103900,0.0,0.0
2024-06-10 00:00:00-04:00,195.20900753042525,195.60558138834554,190.49980075281104,191.4614715576172,97010200,0.0,0.0
2024-06-11 00:00:00-04:00,191.98692512163242,205.38091074009856,191.96710777388114,205.37098693847656,172373300,0.0,0.0
2024-06-12 00:00:00-04:00,205.58909768640683,218.3089152196564,205.1231328450552,211.2401580810547,198134300,0.0,0.0
2024-06-13 00:00:00-04:00,212.8958066808934,214.888539245905,209.7827737762817,212.4001007080078,97862700,0.0,0.0
2024-06-14 00:00:00-04:00,212.01343611534222,213.32209192759066,209.48533280144244,210.6651153564453,70122700,0.0,0.0
2024-06-17 00:00:00-04:00,211.53757201804441,217.06965275202606,210.89316027395952,214.80923461914062,93728300,0.0,0.0
2024-06-18 00:00:00-04:00,215.72132373307375,216.75240063817128,211.1707464886947,212.4496612548828,79943300,0.0,0.0
2024-06-20 00:00:00-04:00,212.09275812722348,212.40010854906527,207.0563985691976,207.87925720214844,86172500,0.0,0.0
2024-06-21 00:00:00-04:00,208.58317289420788,210.07029091430852,205.33134270047418,205.7080841064453,241805100,0.0,0.0
2024-06-24 00:00:00-04:00,205.93607160503834,210.87329840415435,204.81577136869439,206.3524627685547,80727000,0.0,0.0
2024-06-25 00:00:00-04:00,207.35380525957078,209.5646648210329,206.81844945769743,207.27450561523438,55549700,0.0,0.0
2024-06-26 00:00:00-04:00,209.68363861405976,213.0147835489249,208.83102368645302,211.41860961914062,66213200,0.0,0.0
2024-06-27 00:00:00-04:00,212.84622088780682,213.88720639689362,210.52632069800987,212.26129150390625,49772700,0.0,0.0
2024-06-28 00:00:00-04:00,213.91695291908772,214.21437951883613,208.4939285392998,208.81117248535156,82542700,0.0,0.0
2024-07-01 00:00:00-04:00,210.26855134899324,215.64200216221636,210.10001313722785,214.88853454589844,60402900,0.0,0.0
2024-07-02 00:00:00-04:00,214.2936836981781,218.4873670751859,213.25271326862932,218.37831115722656,58046200,0.0,0.0
2024-07-03 00:00:00-04:00,218.11063203893852,219.64732360839844,217.1489612238199,219.64732360839844,37369800,0.0,0.0
2024-07-05 00:00:00-04:00,219.7464397478406,224.5052198536283,219.7464397478406,224.3961639404297,60412400,0.0,0.0
2024-07-08 00:00:00-04:00,225.13973799267995,225.89322076278884,221.3327197032473,225.8634796142578,59085900,0.0,0.0
2024-07-09 00:00:00-04:00,225.97253595078877,227.42991284004066,224.4259356098064,226.71609497070312,48076100,0.0,0.0
2024-07-10 00:00:00-04:00,227.3307677065015,231.0783037422216,227.28119408246098,230.97915649414062,62627700,0.0,0.0
2024-07-11 00:00:00-04:00,229.40281699319425,230.39422897123262,223.83108651749725,225.61563110351562,64710600,0.0,0.0
2024-07-12 00:00:00-04:00,226.9540066999144,230.64206011910093,226.71606240173486,228.56008911132812,53046500,0.0,0.0
2024-07-15 00:00:00-04:00,234.44908623752588,235.1926451763578,231.08820043911544,232.38694763183594,62631300,0.0,0.0
2024-07-16 00:00:00-04:00,232.98180687397965,234.24090427881208,230.33473879844306,232.80335998535156,43234300,0.0,0.0
2024-07-17 00:00:00-04:00,227.4794799069808,229.47222770464353,224.6936146131452,226.9143829345703,57345900,0.0,0.0
2024-07-18 00:00:00-04:00,228.3023493485251,228.46097889584826,220.36114484151935,222.25473022460938,66034600,0.0,0.0
2024-07-19 00:00:00-04:00,222.88923571935766,224.8522270905052,221.36245288688534,222.38360595703125,49151500,0.0,0.0
2024-07-22 00:00:00-04:00,225.06039989232605,225.8237912569016,221.17406723372827,222.03660583496094,48201800,0.0,0.0
2024-07-23 00:00:00-04:00,222.44310313331528,224.9910392063895,220.7676144514488,223.07760620117188,39960300,0.0,0.0
2024-07-24 00:00:00-04:00,222.0762625279836,222.86939506256107,215.2652677100796,216.66314697265625,61777600,0.0,0.0
2024-07-25 00:00:00-04:00,217.04981289629316,218.95333716975932,212.77682977395946,215.6221923828125,51391200,0.0,0.0
2024-07-26 00:00:00-04:00,216.8217851678197,217.6050090608147,214.15488466672127,216.08815002441406,41601300,0.0,0.0
2024-07-29 00:00:00-04:00,215.0967318967012,217.41663210574902,213.89711684474761,216.36573791503906,36311800,0.0,0.0
2024-07-30 00:00:00-04:00,217.3075789949067,218.43778796730905,214.2639371695869,216.92092895507812,41643800,0.0,0.0
2024-07-31 00:00:00-04:00,219.53827220377053,221.89783756706774,218.73523091700034,220.1727752685547,50036300,0.0,0.0
2024-08-01 00:00:00-04:00,222.44312233318897,222.55217826650295,215.15625266165645,216.4847412109375,62501000,0.0,0.0
2024-08-02 00:00:00-04:00,217.26790792406092,223.6625266661827,215.8402875210575,217.97181701660156,105568600,0.0,0.0
2024-08-05 00:00:00-04:00,197.38018251460616,211.6664309709882,194.3167235143498,207.47276306152344,119548600,0.0,0.0
2024-08-06 00:00:00-04:00,203.53686913101606,208.18659343179937,199.34320096724198,205.45028686523438,69660500,0.0,0.0
2024-08-07 00:00:00-04:00,205.12313014700663,211.80525225793107,204.61751548926864,208.01806640625,63516400,0.0,0.0
2024-08-08 00:00:00-04:00,211.27979376271134,212.36042911915672,207.03655197769595,211.4780731201172,47161100,0.0,0.0
2024-08-09 00:00:00-04:00,210.27850449568905,214.91830568661297,210.149616086692,214.38294982910156,42201600,0.0,0.0
2024-08-12 00:00:00-04:00,214.4623401059105,217.8767320905019,213.9958359256548,215.91146850585938,38028100,0.25,0.0
2024-08-13 00:00:00-04:00,217.380462936734,220.2390393048837,217.380462936734,219.6236572265625,44155300,0.0,0.0
2024-08-14 00:00:00-04:00,218.9288294958838,221.37051708688293,218.06529253738043,220.0702667236328,41960600,0.0,0.0
2024-08-15 00:00:00-04:00,222.92888658909135,223.67330627029455,221.10256546081067,223.04798889160156,46414000,0.0,0.0
2024-08-16 00:00:00-04:00,222.25393109506462,225.1422830006272,221.98593577772976,224.3680877685547,44340200,0.0,0.0
2024-08-19 00:00:00-04:00,224.0405257400108,224.30852103873067,221.38045847347976,224.20925903320312,40687800,0.0,0.0
2024-08-20 00:00:00-04:00,224.0901616619868,225.47973889834265,223.7725353535306,224.82464599609375,30299000,0.0,0.0
2024-08-21 00:00:00-04:00,224.8345868015738,226.28371522001356,223.37552309496598,224.71546936035156,34765500,0.0,0.0
2024-08-22 00:00:00-04:00,226.09511339685906,226.64102413052154,222.2340576918725,222.859375,43695300,0.0,0.0
2024-08-23 00:00:00-04:00,223.9809934126029,226.5219434569281,222.66088738350675,225.15220642089844,38677300,0.0,0.0
2024-08-26 00:00:00-04:00,225.0727813784282,225.58891654674125,222.22414052811973,225.48965454101562,30602200,0.0,0.0
2024-08-27 00:00:00-04:00,224.31844891527626,227.14724957253156,223.21670725505913,226.33334350585938,35934600,0.0,0.0
2024-08-28 00:00:00-04:00,226.22416240429726,228.149730282918,224.00082364270057,224.8048095703125,38052200,0.0,0.0
2024-08-29 00:00:00-04:00,228.38793686624163,231.18694665641485,227.17701311839377,228.08023071289062,51906300,0.0,0.0
2024-08-30 00:00:00-04:00,228.4772602189495,228.68568922028223,225.78741746908054,227.29611206054688,52990800,0.0,0.0
2024-09-03 00:00:00-04:00,226.84948058831634,227.2961293418145,219.52438650802387,221.11248779296875,50190600,0.0,0.0
2024-09-04 00:00:00-04:00,220.01074262314262,220.12984491677884,215.86183603349318,219.20677185058594,43840200,0.0,0.0
2024-09-05 00:00:00-04:00,219.98099835913015,223.8023438946513,219.87181619267196,220.7254180908203,36615400,0.0,0.0
2024-09-06 00:00:00-04:00,222.2837029728863,223.56411324365834,218.13481142105056,219.177001953125,48423000,0.0,0.0
2024-09-09 00:00:00-04:00,219.17700018247805,219.6236489368284,215.09757995493325,219.26632690429688,67180000,0.0,0.0
2024-09-10 00:00:00-04:00,217.29111136152258,219.83206111139577,215.1174037589381,218.47225952148438,51591000,0.0,0.0
2024-09-11 00:00:00-04:00,219.81225791296717,221.43011977862776,216.268812835246,221.00332641601562,44587100,0.0,0.0
2024-09-12 00:00:00-04:00,220.84449248276735,221.8866830044339,218.1844402475294,221.11248779296875,37455600,0.0,0.0
2024-09-13 00:00:00-04:00,221.91644846858938,222.37301734416337,220.25887596851652,220.844482421875,36766600,0.0,0.0
2024-09-16 00:00:00-04:00,214.92884416844979,215.60379255643394,212.32834292284386,214.7104949951172,59357400,0.0,0.0
2024-09-17 00:00:00-04:00,214.14470101422842,215.2861383219032,212.90400170360138,215.1769561767578,45519300,0.0,0.0
2024-09-18 00:00:00-04:00,215.9313221513165,221.05293280374121,215.92138686335736,219.04795837402344,59894900,0.0,0.0
2024-09-19 00:00:00-04:00,223.31597824995185,228.11004268622213,222.95865620671253,227.16709899902344,66781300,0.0,0.0
2024-09-20 00:00:00-04:00,228.2589097535001,231.3556905514529,225.92638886705737,226.5020751953125,318679900,0.0,0.0
2024-09-23 00:00:00-04:00,225.64844919522082,227.74275012420983,224.12983453268782,224.78492736816406,54146000,0.0,0.0
2024-09-24 00:00:00-04:00,226.94872814757065,227.64353192764617,224.05045616714196,225.67825317382812,43556100,0.0,0.0
2024-09-25 00:00:00-04:00,223.2563961324406,225.59883710649478,222.35317851779175,224.68568420410156,42308700,0.0,0.0
2024-09-26 00:00:00-04:00,225.60876888531146,226.7998372114188,223.73283210674714,225.82713317871094,36636700,0.0,0.0
2024-09-27 00:00:00-04:00,226.76016679177644,227.81227751628776,225.60879405182706,226.0951385498047,34026000,0.0,0.0
2024-09-30 00:00:00-04:00,228.3283747151782,231.266357421875,227.9412771261621,231.266357421875,54541900,0.0,0.0
2024-10-01 00:00:00-04:00,227.81227091446172,227.94129335648356,222.0752779583648,224.5269012451172,63285000,0.0,0.0
2024-10-02 00:00:00-04:00,224.20925878310885,225.67824256269316,221.360617941662,225.09263610839844,32880600,0.0,0.0
2024-10-03 00:00:00-04:00,223.4648504260935,225.12242301224842,221.65839996957536,223.99090576171875,34044200,0.0,0.0
2024-10-04 00:00:00-04:00,226.20429410810965,226.3035561118749,222.46235586119454,225.11248779296875,37245100,0.0,0.0
2024-10-07 00:00:00-04:00,222.8296017820206,224.01074997862722,219.68319006872073,220.04051208496094,39505400,0.0,0.0
2024-10-08 00:00:00-04:00,222.63108533790577,224.29857792676054,221.58889489724396,224.09014892578125,31855700,0.0,0.0
2024-10-09 00:00:00-04:00,223.55416342639623,228.0405364361267,223.15714569962594,227.83209228515625,33591100,0.0,0.0
2024-10-10 00:00:00-04:00,226.0851959438118,227.7923994519787,225.47973405841245,227.3358154296875,28183500,0.0,0.0
2024-10-11 00:00:00-04:00,227.5938974682738,227.70307961960657,225.6484741750507,225.85691833496094,31759200,0.0,0.0
2024-10-14 00:00:00-04:00,226.99834931201846,230.0058033150611,226.89910245149323,229.57901000976562,39882100,0.0,0.0
2024-10-15 00:00:00-04:00,231.87182665313995,235.7229623804217,230.6410474142004,232.11004638671875,64751400,0.0,0.0
2024-10-16 00:00:00-04:00,229.87678174389526,230.3929017691756,228.12986736523644,230.05543518066406,34082200,0.0,0.0
2024-10-17 00:00:00-04:00,231.69314333147315,232.1100316250369,228.80480686495974,230.42266845703125,32993800,0.0,0.0
2024-10-18 00:00:00-04:00,234.42267769537074,234.42267769537074,232.2688255608399,233.25146484375,46431500,0.0,0.0
2024-10-21 00:00:00-04:00,232.70554934615632,235.08770100400858,232.70554934615632,234.72044372558594,36254500,0.0,0.0
2024-10-22 00:00:00-04:00,232.14974382855843,234.4624093106695,230.86934872103873,234.10508728027344,38846600,0.0,0.0
2024-10-23 00:00:00-04:00,232.33830371042365,233.39041424004768,226.06532109909307,229.04299926757812,52287000,0.0,0.0
2024-10-24 00:00:00-04:00,228.26882480795348,229.10258628095696,226.71051430099084,228.8544464111328,31109500,0.0,0.0
2024-10-25 00:00:00-04:00,228.03062932515897,231.484732210271,227.86189602437614,229.68820190429688,38802300,0.0,0.0
2024-10-28 00:00:00-04:00,231.5839844241638,232.98348177622344,230.81970938626554,231.6633758544922,36087100,0.0,0.0
2024-10-29 00:00:00-04:00,231.36564539627622,232.58648944554818,230.59145013134693,231.931396484375,35417200,0.0,0.0
2024-10-30 00:00:00-04:00,230.8792736886572,231.73287549326048,227.8420439394486,228.38795471191406,47070900,0.0,0.0
2024-10-31 00:00:00-04:00,227.63358238786932,228.11994197442104,223.693120129287,224.22911071777344,64370100,0.0,0.0
2024-11-01 00:00:00-04:00,219.32586653780092,223.67328184782377,218.6310779402587,221.25143432617188,65276700,0.0,0.0
2024-11-04 00:00:00-05:00,219.34572401852256,221.13231895883285,218.0752491010658,220.35812377929688,44944500,0.0,0.0
2024-11-05 00:00:00-05:00,220.14969745378525,222.28369429475046,219.49460455688452,221.78741455078125,28111300,0.0,0.0
2024-11-06 00:00:00-05:00,220.95365355112233,224.38791581537038,219.54422098922427,221.06283569335938,54561100,0.0,0.0
2024-11-07 00:00:00-05:00,222.95864433437472,226.18446269494834,222.89909318788202,225.7874298095703,42137700,0.0,0.0
2024-11-08 00:00:00-05:00,225.72780810336752,227.20835428792034,224.9726384261151,225.51914978027344,38328800,0.25,0.0
2024-11-11 00:00:00-05:00,223.57158868270503,224.26714170400084,220.0938084143074,222.8064727783203,42005600,0.0,0.0
2024-11-12 00:00:00-05:00,223.12444853772337,224.15783943194586,221.9420008205612,222.8064727783203,40398300,0.0,0.0
2024-11-13 00:00:00-05:00,222.58787261698694,225.2111120360391,221.34580821096,223.69082641601562,48566200,0.0,0.0
2024-11-14 00:00:00-05:00,223.59148192887395,227.41703140021204,223.57160465201176,226.7711639404297,44923900,0.0,0.0
2024-11-15 00:00:00-05:00,224.96270031544069,225.47940335635096,222.8462328667566,223.57159423828125,47923700,0.0,0.0
2024-11-18 00:00:00-05:00,223.81998425203597,228.28148462394066,223.7404903183321,226.57240295410156,44633700,0.0,0.0
2024-11-19 00:00:00-05:00,225.53899960732684,228.69881907074455,225.22103903072198,226.83074951171875,36211800,0.0,0.0
2024-11-20 00:00:00-05:00,226.61215353970658,228.47027695087482,224.45593165289552,227.5461883544922,35169600,0.0,0.0
2024-11-21 00:00:00-05:00,227.42695953023323,228.69883223369175,224.2770861035494,227.06924438476562,42108300,0.0,0.0
2024-11-22 00:00:00-05:00,226.6121379068964,229.25525429365297,226.6121379068964,228.41064453125,38168300,0.0,0.0
2024-11-25 00:00:00-05:00,229.99057974831032,231.7692092379923,228.28149797848934,231.39161682128906,90152800,0.0,0.0
2024-11-26 00:00:00-05:00,231.84870566104107,234.07449047305911,231.84870566104107,233.56771850585938,45986200,0.0,0.0
2024-11-27 00:00:00-05:00,232.9814664022851,234.1937224347506,232.32565277909848,233.43853759765625,33498400,0.0,0.0
2024-11-29 00:00:00-05:00,233.3192972938568,236.3002516789311,232.48463370489634,235.82330322265625,28481400,0.0,0.0
2024-12-02 00:00:00-05:00,235.76369091824088,239.26133321145704,235.654388648958,238.06895446777344,48137100,0.0,0.0
2024-12-03 00:00:00-05:00,238.28756099978403,241.21882985808793,237.3833345065081,241.10952758789062,38861000,0.0,0.0
2024-12-04 00:00:00-05:00,241.32814402991647,242.56027739454964,239.7184333911867,241.46725463867188,44383900,0.0,0.0
2024-12-05 00:00:00-05:00,242.4410361127995,242.98753231090083,240.59284370740727,241.49705505371094,40033900,0.0,0.0
2024-12-06 00:00:00-05:00,241.36788746709487,243.0769692456264,240.5431549096241,241.29832458496094,36870600,0.0,0.0
2024-12-09 00:00:00-05:00,240.29473874492055,245.67039687977774,240.21524480725012,245.18350219726562,44649200,0.0,0.0
2024-12-10 00:00:00-05:00,245.32258816094367,246.6342152579071,243.78242549232758,246.19700622558594,36914800,0.0,0.0
2024-12-11 00:00:00-05:00,246.3858091597837,249.2077755123232,244.69658964103184,244.92514038085938,45205800,0.0,0.0
2024-12-12 00:00:00-05:00,245.32261935264157,247.1608807008323,244.12029436088807,246.38583374023438,32777500,0.0,0.0
2024-12-13 00:00:00-05:00,246.24671899982582,247.70737273801882,244.67674782957272,246.55474853515625,33155300,0.0,0.0
2024-12-16 00:00:00-05:00,246.4156487620838,249.7841268474892,246.07779571830554,249.44627380371094,51694800,0.0,0.0
2024-12-17 00:00:00-05:00,248.49237939681157,252.2185726786221,248.19428090188288,251.87078857421875,51356400,0.0,0.0
2024-12-18 00:00:00-05:00,250.559158393614,252.66569465886903,246.16722071424974,246.47525024414062,56774100,0.0,0.0
2024-12-19 00:00:00-05:00,245.92873792847348,250.400169527173,245.5213371883983,248.20419311523438,60882300,0.0,0.0
2024-12-20 00:00:00-05:00,246.46531011815415,253.38113119374523,244.13023820234332,252.87437438964844,147495300,0.0,0.0
2024-12-23 00:00:00-05:00,253.15260355822258,254.02700659111463,251.84097626600598,253.64942932128906,40858800,0.0,0.0
2024-12-24 00:00:00-05:00,253.868019379837,256.5707374276886,253.66927695641888,256.5608215332031,23234700,0.0,0.0
2024-12-26 00:00:00-05:00,256.5508929178466,258.44877099351584,255.99445048269988,257.3756103515625,27237100,0.0,0.0
2024-12-27 00:00:00-05:00,256.19314630806485,257.05764856283577,251.45343969164696,253.96737670898438,42355300,0.0,0.0
2024-12-30 00:00:00-05:00,250.6287158030117,251.890657464443,249.15811581542044,250.59890747070312,35557500,0.0,0.0
2024-12-31 00:00:00-05:00,250.83738041728796,251.6720440162376,247.84647977817443,248.8302001953125,39480700,0.0,0.0
2025-01-02 00:00:00-05:00,247.34964638751123,247.51858047528103,240.28479918438643,242.30191040039062,55740700,0.0,0.0
2025-01-03 00:00:00-05:00,241.81503295898438,242.62981931594805,240.3543640210219,241.81503295898438,40244100,0.0,0.0
2025-01-06 00:00:00-05:00,242.75898865424097,245.75982034447205,241.65603491404494,243.44461059570312,45045600,0.0,0.0
2025-01-07 00:00:00-05:00,241.4374487975533,243.9911405526811,239.81780708502322,240.67234802246094,40856000,0.0,0.0
2025-01-08 00:00:00-05:00,240.3841632667122,242.16280789951685,238.52603985831155,241.15921020507812,37628900,0.0,0.0
2025-01-10 00:00:00-05:00,238.48630187104285,238.63535869995312,231.5208099984783,235.34637451171875,61710900,0.0,0.0
2025-01-13 00:00:00-05:00,232.04743903723335,233.18020116738663,228.26162915914,232.9119110107422,49630700,0.0,0.0
2025-01-14 00:00:00-05:00,233.25969544364762,234.62099318079112,230.99417118008773,231.7990264892578,39435300,0.0,0.0
2025-01-15 00:00:00-05:00,233.15037337402552,237.44295487436693,232.9416999002932,236.35986328125,39832000,0.0,0.0
2025-01-16 00:00:00-05:00,235.84318609247865,236.49898454969573,226.58234697208553,226.81088256835938,71759100,0.0,0.0
2025-01-17 00:00:00-05:00,230.6463566129693,230.81527553043833,227.02946614701875,228.5199432373047,68488300,0.0,0.0
2025-01-21 00:00:00-05:00,222.57792910461188,222.99526090225285,217.98726416864307,221.2265625,98070400,0.0,0.0
2025-01-22 00:00:00-05:00,218.39465138442915,222.6971640978084,218.39465138442915,222.4090118408203,64126500,0.0,0.0
2025-01-23 00:00:00-05:00,223.3132731450397,225.58872871016843,220.8887607380179,222.24012756347656,60234800,0.0,0.0
2025-01-24 00:00:00-05:00,223.35297985225768,224.19758968028435,220.00437919561992,221.3656768798828,54697900,0.0,0.0
2025-01-27 00:00:00-05:00,222.59782027357136,230.67619691244207,222.55806572164707,228.40074157714844,94863400,0.0,0.0
2025-01-28 00:00:00-05:00,229.38444497187513,238.66514594376807,229.3446904229109,236.7473907470703,75707600,0.0,0.0
2025-01-29 00:00:00-05:00,232.63369919180946,238.33726462451705,232.52439691334908,237.84043884277344,45486100,0.0,0.0
2025-01-30 00:00:00-05:00,237.1548105184623,239.26134692510684,235.7040877651042,236.0816650390625,55658300,0.0,0.0
2025-01-31 00:00:00-05:00,245.62073349000855,245.62073349000855,231.9580244316672,234.50177001953125,100959800,0.0,0.0
2025-02-03 00:00:00-05:00,228.52991033796462,230.35822543026035,224.2671369795404,226.56246948242188,73063300,0.0,0.0
2025-02-04 00:00:00-05:00,225.80729852188347,231.64997406812495,225.21110156992967,231.3220672607422,45067300,0.0,0.0
2025-02-05 00:00:00-05:00,227.0791967098242,231.19291368703577,226.82085275464706,230.9941864013672,39620300,0.0,0.0
2025-02-06 00:00:00-05:00,229.8216550685821,232.31573010563136,228.96711414866223,231.73941040039062,29925300,0.0,0.0
2025-02-07 00:00:00-05:00,231.1233398047693,232.51444580894437,225.81722939017394,226.1848907470703,39707200,0.0,0.0
2025-02-10 00:00:00-05:00,228.36338248973718,229.378010419489,226.00582893863492,226.45346069335938,33115600,0.25,0.0
2025-02-11 00:00:00-05:00,227.00058728303875,233.99363668198936,226.93096309298542,231.39735412597656,53718400,0.0,0.0
2025-02-12 00:00:00-05:00,229.98481838871234,235.71455375787428,229.4675472393098,235.62501525878906,45243300,0.0,0.0
2025-02-13 00:00:00-05:00,235.66481592241834,241.06626881430705,234.33186254170715,240.26052856445312,53614100,0.0,0.0
2025-02-14 00:00:00-05:00,239.9819785190441,244.25938055012708,239.7233505557091,243.3143768310547,40896200,0.0,0.0
2025-02-18 00:00:00-05:00,242.86674847770814,243.8913336127375,240.56889220053384,243.18507385253906,48822500,0.0,0.0
2025-02-19 00:00:00-05:00,243.37407429304395,244.716969605811,241.88195827091008,243.5829620361328,32204200,0.0,0.0
2025-02-20 00:00:00-05:00,243.65259654249155,245.4829218502696,243.00600383864503,244.5379180908203,32316900,0.0,0.0
2025-02-21 00:00:00-05:00,244.65729095432025,247.38289505871285,243.93113206298463,244.2593994140625,53197400,0.0,0.0
2025-02-24 00:00:00-05:00,243.64264638435856,247.55199828948733,243.1353323966777,245.80125427246094,51326400,0.0,0.0
2025-02-25 00:00:00-05:00,246.69650753214344,248.68599549611233,243.62275227067275,245.74154663085938,48013300,0.0,0.0
2025-02-26 00:00:00-05:00,243.04579925662603,243.6923767743236,237.87313357927937,239.09666442871094,44433600,0.0,0.0
2025-02-27 00:00:00-05:00,238.1516754344793,241.18564780716906,235.81402085750776,236.05276489257812,41153600,0.0,0.0
2025-02-28 00:00:00-05:00,235.70458076540925,240.8175641664438,228.9900589647863,240.56887817382812,56833400,0.0,0.0
2025-03-03 00:00:00-05:00,240.51913191748446,242.7473638198223,234.8689935924468,236.77890014648438,47184000,0.0,0.0
2025-03-04 00:00:00-05:00,236.46059966619734,238.80819608105105,233.44651142335266,234.68994140625,53798100,0.0,0.0
2025-03-05 00:00:00-05:00,234.18263593082168,235.30670153327668,228.0251680036218,234.50096130371094,47227600,0.0,0.0
2025-03-06 00:00:00-05:00,233.20778757123546,236.60981025581015,231.93451645578955,234.09310913085938,45170400,0.0,0.0
2025-03-07 00:00:00-05:00,233.87426828677374,240.10136041796665,233.5261018066448,237.81346130371094,46273600,0.0,0.0
2025-03-10 00:00:00-04:00,234.30201287196223,234.9187645202326,223.04151782981955,226.2843780517578,72071200,0.0,0.0
2025-03-11 00:00:00-04:00,222.63366659789358,224.65299583409444,216.3070937419303,219.6792755126953,76137400,0.0,0.0
2025-03-12 00:00:00-04:00,218.98294858814833,220.58448707211764,213.7804415985268,215.8395538330078,62547500,0.0,0.0
2025-03-13 00:00:00-04:00,214.81497612462363,215.70029772842102,207.3245545879158,208.5779266357422,61368300,0.0,0.0
2025-03-14 00:00:00-04:00,210.13968770979585,212.82549370042787,208.47846691122496,212.367919921875,60107600,0.0,0.0
2025-03-17 00:00:00-04:00,212.18885305172668,214.08881784956162,208.86641153353526,212.87522888183594,48073400,0.0,0.0
2025-03-18 00:00:00-04:00,213.03437263106773,214.01915944879542,210.37840804794794,211.5720977783203,42432400,0.0,0.0
2025-03-19 00:00:00-04:00,213.0940604852241,217.6101915579757,212.6265295918345,214.10870361328125,54385400,0.0,0.0
2025-03-20 00:00:00-04:00,212.86526322735187,216.34686705075816,211.10456218665317,212.9746856689453,48862900,0.0,0.0
2025-03-21 00:00:00-04:00,210.44801865955165,217.6897530924643,210.16949157971558,217.1227569580078,94127800,0.0,0.0
2025-03-24 00:00:00-04:00,219.8384246082871,220.3158974796034,217.4311459430569,219.56983947753906,44299500,0.0,0.0
2025-03-25 00:00:00-04:00,219.6096416779903,222.92214108802088,218.92326587520165,222.573974609375,34493600,0.0,0.0
2025-03-26 00:00:00-04:00,222.33523531503357,223.83730853242594,219.3112201065871,220.3656463623047,34466100,0.0,0.0
2025-03-27 00:00:00-04:00,220.22636977863218,223.80745418869535,219.40073045135125,222.67344665527344,37094800,0.0,0.0
2025-03-28 00:00:00-04:00,220.50491967808455,222.63367141455515,216.53588531144595,216.75473022460938,39818600,0.0,0.0
2025-03-31 00:00:00-04:00,215.86939419548492,224.43414081005062,215.09349507460487,220.96249389648438,65299300,0.0,0.0
2025-04-01 00:00:00-04:00,218.65468232589998,222.50433685640354,217.749461617725,222.0169219970703,36412700,0.0,0.0
2025-04-02 00:00:00-04:00,220.15677238154151,224.006427206847,219.85834611462542,222.7132568359375,35905900,0.0,0.0
2025-04-03 00:00:00-04:00,204.4596791341039,206.39944211542388,200.19223396809613,202.12203979492188,103419000,0.0,0.0
2025-04-04 00:00:00-04:00,192.87092693410324,198.82944937179326,186.35535024633944,187.389892578125,125910900,0.0,0.0
2025-04-07 00:00:00-04:00,176.26865177501736,193.12956126210946,173.70221017135344,180.5062713623047,160466300,0.0,0.0
2025-04-08 00:00:00-04:00,185.71870692843436,189.33957458197378,168.32064359895526,171.51376342773438,120859500,0.0,0.0
2025-04-09 00:00:00-04:00,171.04623198001363,199.55559936553783,170.98654976711688,197.8048553466797,184395900,0.0,0.0
2025-04-10 00:00:00-04:00,188.0762635840202,193.7562435722064,182.0381599544528,189.41915893554688,121880000,0.0,0.0
2025-04-11 00:00:00-04:00,185.12186726950821,198.49121408156802,185.0820690088969,197.1085205078125,87435900,0.0,0.0
2025-04-14 00:00:00-04:00,210.32866545443895,211.82078139531484,200.10269875392328,201.45555114746094,101352900,0.0,0.0
2025-04-15 00:00:00-04:00,200.7990333068026,202.4403549077855,198.7498630049633,201.0775604248047,51343900,0.0,0.0
2025-04-16 00:00:00-04:00,197.31740026825653,199.64509734735063,191.35887885331948,193.2489013671875,59732400,0.0,0.0
2025-04-17 00:00:00-04:00,196.16351652823,197.78495412822454,193.39812938355274,195.94467163085938,52164700,0.0,0.0
2025-04-21 00:00:00-04:00,192.25418258208256,192.78139570274652,188.8123615658979,192.14476013183594,46742500,0.0,0.0
2025-04-22 00:00:00-04:00,195.0892017003565,200.53045296496776,194.93999616163734,198.690185546875,52976400,0.0,0.0
2025-04-23 00:00:00-04:00,204.9172785719325,206.9067667134076,201.7341005812904,203.52464294433594,52929200,0.0,0.0
2025-04-24 00:00:00-04:00,203.81309077731203,207.73238443559362,201.87334307751462,207.27479553222656,47311000,0.0,0.0
2025-04-25 00:00:00-04:00,205.28532955589748,208.6475693809006,205.11622488486222,208.18003845214844,38222300,0.0,0.0
2025-04-28 00:00:00-04:00,208.8962283982374,210.38834431536768,206.36958545714222,209.03549194335938,38743100,0.0,0.0
2025-04-29 00:00:00-04:00,207.59314001435672,211.12448445804597,207.27481462988695,210.0998992919922,36827600,0.0,0.0
2025-04-30 00:00:00-04:00,208.19992461631293,212.4574277707069,205.5837430092506,211.3831024169922,52286500,0.0,0.0
2025-05-01 00:00:00-04:00,207.981056640624,213.4322489680501,207.8019948455802,212.1987762451172,57365700,0.0,0.0
2025-05-02 00:00:00-04:00,205.0067917796952,205.9020705063368,201.09745506032002,204.27069091796875,101010600,0.0,0.0
2025-05-05 00:00:00-04:00,202.03252954096354,203.0272736250085,197.1682315771274,197.8446502685547,69018500,0.0,0.0
2025-05-06 00:00:00-04:00,197.1682179665783,199.59538061408486,195.98447015970467,197.4666290283203,51216500,0.0,0.0
2025-05-07 00:00:00-04:00,198.12317194216024,198.3917570874617,192.23428894820486,195.21852111816406,68536700,0.0,0.0
2025-05-08 00:00:00-04:00,196.68079799363124,198.99855348942916,193.65676753221484,196.45201110839844,50478900,0.0,0.0
2025-05-09 00:00:00-04:00,197.95407268173315,199.4859718922483,196.5017396407649,197.48654174804688,36453900,0.0,0.0
2025-05-12 00:00:00-04:00,210.13634313336473,210.435160708662,205.93301745006437,209.95704650878906,63775800,0.26,0.0
2025-05-13 00:00:00-04:00,209.59845628513955,212.55672123163643,208.17411437678524,212.0885772705078,51909300,0.0,0.0
2025-05-14 00:00:00-04:00,211.5905625216416,213.09460539099953,209.7478820292828,211.490966796875,49325800,0.0,0.0
2025-05-15 00:00:00-04:00,210.11641669484823,212.11848379882832,208.71198473801002,210.61444091796875,45029500,0.0,0.0
2025-05-16 00:00:00-04:00,211.52084551122164,211.73002236916358,208.9410837213976,210.42518615722656,54737900,0.0,0.0
2025-05-19 00:00:00-04:00,207.0884445111699,208.65223273202483,203.45285841572866,207.9550018310547,46140500,0.0,0.0
2025-05-20 00:00:00-04:00,206.84938410987283,207.64622592622177,204.2198167548668,206.04258728027344,42496600,0.0,0.0
2025-05-21 00:00:00-04:00,204.3592586621154,206.22186440009241,199.91689108628387,201.2914276123047,59211800,0.0,0.0
2025-05-22 00:00:00-04:00,199.91689038506837,201.94882252859867,198.91087172706415,200.56431579589844,46742400,0.0,0.0
2025-05-23 00:00:00-04:00,192.9046989896,196.91877297523902,192.6955373289648,194.49838256835938,78432900,0.0,0.0
2025-05-27 00:00:00-04:00,197.51639769762102,199.94675818770216,196.64982526808055,199.41885375976562,56288500,0.0,0.0
2025-05-28 00:00:00-04:00,199.79736291846774,201.9289060786693,199.11008702875665,199.62803649902344,45339700,0.0,0.0
2025-05-29 00:00:00-04:00,202.77554227533128,203.0046291598645,197.72556941325453,199.15988159179688,51396800,0.0,0.0
2025-05-30 00:00:00-04:00,198.5821728136608,201.1619498266407,196.00241099917397,200.05633544921875,70819900,0.0,0.0
2025-06-02 00:00:00-04:00,199.4885975362889,201.3312933884623,199.3292261245183,200.90298461914062,35423300,0.0,0.0
2025-06-03 00:00:00-04:00,200.55435521702816,202.9647905668523,200.16589694161215,202.46676635742188,46381600,0.0,0.0
2025-06-04 00:00:00-04:00,202.10821066626008,205.42505409163678,201.30141378953226,202.01856994628906,43604000,0.0,0.0
2025-06-05 00:00:00-04:00,202.69584267027508,203.9409031289377,199.35907456166248,199.83718872070312,55126100,0.0,0.0
2025-06-06 00:00:00-04:00,202.19783403313102,204.8871617909174,201.2515910514923,203.11419677734375,46607700,0.0,0.0
2025-06-09 00:00:00-04:00,203.58233063284266,205.18596915505242,199.22960401477,200.65394592285156,72862600,0.0,0.0
2025-06-10 00:00:00-04:00,199.8073282051838,203.54250994980842,199.77744796710627,201.869140625,54672600,0.0,0.0
2025-06-11 00:00:00-04:00,202.6958722895077,203.69192080198684,197.62598900862739,197.99452209472656,60989900,0.0,0.0
2025-06-12 00:00:00-04:00,198.29332085025015,198.8909407818671,196.58011635566137,198.412841796875,43904600,0.0,0.0
2025-06-13 00:00:00-04:00,198.94075911963023,199.57822954037988,194.92668495173118,195.67372131347656,51447300,0.0,0.0
2025-06-16 00:00:00-04:00,196.52034075556938,197.90484734187737,195.78325951163526,197.6359100341797,43020700,0.0,0.0
2025-06-17 00:00:00-04:00,196.42074594971083,197.60604600468164,194.43861931524052,194.86691284179688,38856200,0.0,0.0
2025-06-18 00:00:00-04:00,195.16573699325735,196.7893008408277,194.2991796996429,195.80320739746094,45394700,0.0,0.0
2025-06-20 00:00:00-04:00,197.45666110928434,200.90298042554332,196.08210930882012,200.20574951171875,96813500,0.0,0.0
2025-06-23 00:00:00-04:00,200.83325703321927,201.50060768152076,198.17380945321412,200.70376586914062,55814300,0.0,0.0
2025-06-24 00:00:00-04:00,201.78945874554142,202.63610603642124,199.4089034764897,199.50851440429688,54064000,0.0,0.0
2025-06-25 00:00:00-04:00,200.65396860223956,202.8651975026319,199.82724651799433,200.76353454589844,39525700,0.0,0.0
2025-06-26 00:00:00-04:00,200.63404307360597,201.8392684520338,198.67184150130464,200.20574951171875,50799100,0.0,0.0
2025-06-27 00:00:00-04:00,201.09222774816857,202.41697405518968,199.20969672208463,200.28543090820312,73188600,0.0,0.0
2025-06-30 00:00:00-04:00,201.211736268348,206.57048164253425,198.4726031076903,204.3592529296875,91912800,0.0,0.0
2025-07-01 00:00:00-04:00,205.85332972802502,209.35942450018746,205.3254252695324,206.99879455566406,78788900,0.0,0.0
2025-07-02 00:00:00-04:00,208.08449026524102,212.49697770796604,207.31752868499885,211.6005401611328,67941800,0.0,0.0
2025-07-03 00:00:00-04:00,211.31166931275297,213.8017903991559,210.97301649264048,212.70614624023438,34955800,0.0,0.0
2025-07-07 00:00:00-04:00,211.83958469799765,215.37555986284275,207.97492690746134,209.12037658691406,50229000,0.0,0.0
2025-07-08 00:00:00-04:00,209.26977065111936,210.59450162142676,207.6262817055446,209.18011474609375,42848900,0.0,0.0
2025-07-09 00:00:00-04:00,208.70202548866368,210.49491569520316,206.40115605631001,210.3056640625,48749400,0.0,0.0
2025-07-10 00:00:00-04:00,209.67816220166208,212.63642743345136,209.2000631819418,211.57066345214844,44443600,0.0,0.0
2025-07-11 00:00:00-04:00,209.73792710960444,211.29176024279,209.03072603053,210.32559204101562,39765800,0.0,0.0
2025-07-14 00:00:00-04:00,209.10042946873696,210.07656782568804,206.719874444485,207.7956085205078,38840100,0.0,0.0
2025-07-15 00:00:00-04:00,208.39325734338402,211.05270487364396,208.09443976951917,208.28369140625,42296300,0.0,0.0
2025-07-16 00:00:00-04:00,209.4689902412225,211.5606828488181,207.8155461810567,209.3295440673828,47490500,0.0,0.0
2025-07-17 00:00:00-04:00,209.7379389650813,210.9630743588066,208.7618004967043,209.1901092529297,48068100,0.0,0.0
2025-07-18 00:00:00-04:00,210.0367321724359,210.95309492429405,208.87135730762196,210.3455047607422,48974600,0.0,0.0
2025-07-21 00:00:00-04:00,211.26189276464606,214.92734394651046,210.79374875413163,211.640380859375,51377400,0.0,0.0
2025-07-22 00:00:00-04:00,212.29774941522606,214.10059453691545,211.39134174900357,213.55276489257812,46404100,0.0,0.0
2025-07-23 00:00:00-04:00,214.15043456376964,214.29983576430007,211.5706725113145,213.3037872314453,46989300,0.0,0.0
2025-07-24 00:00:00-04:00,213.05475989741393,214.83769515517375,212.68622683006964,212.91531372070312,46022600,0.0,0.0
2025-07-25 00:00:00-04:00,213.85160291428238,214.38947759784276,212.5567368669443,213.03485107421875,40268800,0.0,0.0
2025-07-28 00:00:00-04:00,213.18425263148458,214.00101967144602,212.2180844005514,213.2041778564453,37858000,0.0,0.0
2025-07-29 00:00:00-04:00,213.33363944545516,213.96115480223384,209.9869314052821,210.43515014648438,51411700,0.0,0.0
2025-07-30 00:00:00-04:00,211.06265157316113,211.55072076453234,206.89917652304968,208.2239227294922,45512500,0.0,0.0
2025-07-31 00:00:00-04:00,207.66614913739534,209.01080544085684,206.3414028602417,206.74978637695312,80698400,0.0,0.0
2025-08-01 00:00:00-04:00,210.03674932642843,212.7360475386617,200.7037794341265,201.58030700683594,104434500,0.0,0.0
2025-08-04 00:00:00-04:00,203.70185234439666,207.05854577965718,200.88303355505576,202.54644775390625,75109300,0.0,0.0
2025-08-05 00:00:00-04:00,202.59624780213056,204.52858421879685,201.36115745633876,202.11814880371094,44155100,0.0,0.0
2025-08-06 00:00:00-04:00,204.81746371165528,214.5289368613384,204.77761325937152,212.4073486328125,108483100,0.0,0.0
2025-08-07 00:00:00-04:00,218.01508808955717,219.97730473834642,215.7241736307253,219.16053771972656,90224800,0.0,0.0
2025-08-08 00:00:00-04:00,219.95738825778145,230.08719950298993,218.38362983130105,228.4437255859375,113854000,0.0,0.0
2025-08-11 00:00:00-04:00,227.27701087414155,228.91238364576833,224.12592192869855,226.53909301757812,61806100,0.26,0.0
2025-08-12 00:00:00-04:00,227.36676338645532,230.14890113463383,226.42942796921326,229.00213623046875,55626200,0.0,0.0
2025-08-13 00:00:00-04:00,230.4181341091737,234.33703985510917,229.77992501054072,232.6717529296875,69878500,0.0,0.0
2025-08-14 00:00:00-04:00,233.39969406647393,234.4567012802976,230.19875827485632,232.12330627441406,51916300,0.0,0.0
2025-08-15 00:00:00-04:00,233.3398655982593,233.61907447658757,228.69300821277216,230.93666076660156,56038700,0.0,0.0
2025-08-18 00:00:00-04:00,231.04634466466607,232.46233685580373,229.46083388892833,230.23863220214844,37476200,0.0,0.0
2025-08-19 00:00:00-04:00,230.62753117126795,232.2130419457167,228.70298322789472,229.90956115722656,39402600,0.0,0.0
2025-08-20 00:00:00-04:00,229.33119207499826,229.81981519856654,225.13307755654054,225.3723907470703,42263900,0.0,0.0
2025-08-21 00:00:00-04:00,225.63166356522294,225.88095827873425,223.14868274098328,224.26551818847656,30621200,0.0,0.0
2025-08-22 00:00:00-04:00,225.53195134940427,228.44371192910324,224.77410085849388,227.11746215820312,42477800,0.0,0.0
2025-08-25 00:00:00-04:00,225.84107546750252,228.65312729963858,225.59178073979155,226.5191650390625,30983100,0.0,0.0
2025-08-26 00:00:00-04:00,226.22996704217394,228.84258604761433,224.05612439304167,228.6630859375,54575100,0.0,0.0
2025-08-27 00:00:00-04:00,227.96508141122786,230.24861452224957,227.61606269083353,229.83978271484375,31259500,0.0,0.0
2025-08-28 00:00:00-04:00,230.16883391080088,232.7515235304584,228.692998228932,231.90391540527344,38074700,0.0,0.0
2025-08-29 00:00:00-04:00,231.85405874294378,232.7216147258446,230.71727541448905,231.485107421875,39418400,0.0,0.0
2025-09-02 00:00:00-04:00,228.60325464814514,230.19874691737337,226.3296880547272,229.07192993164062,44075600,0.0,0.0
2025-09-03 00:00:00-04:00,236.5408165177042,238.17618932549604,233.69885053091846,237.79725646972656,66427800,0.0,0.0
2025-09-04 00:00:00-04:00,237.7772812570227,239.22318747047024,236.07211403385233,239.10353088378906,47549400,0.0,0.0
2025-09-05 00:00:00-04:00,239.3229322237051,240.63921565449175,237.8171975861315,239.01380920410156,54870400,0.0,0.0
2025-09-08 00:00:00-04:00,238.62491556233425,239.47250850410185,235.6732593017711,237.20892333984375,48999500,0.0,0.0
2025-09-09 00:00:00-04:00,236.33140663047269,238.10638391026913,232.70167593051625,233.6888885498047,66313900,0.0,0.0
2025-09-10 00:00:00-04:00,231.53496736029473,231.76431424305812,225.31256565050364,226.1501922607422,83440800,0.0,0.0
2025-09-11 00:00:00-04:00,226.23996538709508,229.7998863317909,226.01060327291316,229.38107299804688,50208600,0.0,0.0
2025-09-12 00:00:00-04:00,228.57335925244223,233.84842918261825,228.373926506362,233.40968322753906,55824200,0.0,0.0
2025-09-15 00:00:00-04:00,236.33139853346725,237.5180438551372,234.36695488957946,236.03224182128906,42699500,0.0,0.0
2025-09-16 00:00:00-04:00,236.51088466190768,240.53949594661788,235.65332541334,237.4781494140625,63421100,0.0,0.0
2025-09-17 00:00:00-04:00,238.2958480596019,239.42266510979977,237.05934071942244,238.3157958984375,46508000,0.0,0.0
2025-09-18 00:00:00-04:00,239.29302360434258,240.51954939992544,235.98238232851827,237.20892333984375,44249600,0.0,0.0
2025-09-19 00:00:00-04:00,240.5494606794321,245.60516498271895,239.53234916144805,244.8074188232422,163741300,0.0,0.0
2025-09-22 00:00:00-04:00,247.5995237986898,255.9160073848096,247.42002368458668,255.35755920410156,105517400,0.0,0.0
2025-09-23 00:00:00-04:00,255.15815615601056,256.6140289111009,252.86464151383097,253.7122344970703,60275200,0.0,0.0
2025-09-24 00:00:00-04:00,254.49999981420794,255.01853710208397,250.33178410429736,251.59820556640625,42303700,0.0,0.0
2025-09-25 00:00:00-04:00,252.49566170312627,256.4444966190252,250.99989343760635,256.14532470703125,55202100,0.0,0.0
2025-09-26 00:00:00-04:00,253.38317016390945,256.8732963908738,253.06406560531616,254.7393341064453,46076300,0.0,0.0
2025-09-29 00:00:00-04:00,253.8418726304012,254.28063380560434,252.29624220529692,253.7122344970703,40127700,0.0,0.0
2025-09-30 00:00:00-04:00,254.1410137555297,255.1980209495745,252.39595068950493,253.9116668701172,37704300,0.0,0.0
2025-10-01 00:00:00-04:00,254.32049261064776,258.0599285933123,254.21080232618834,254.72933959960938,48713900,0.0,0.0
2025-10-02 00:00:00-04:00,255.85613542550084,257.45162766856953,253.43299812845933,256.40460205078125,42630200,0.0,0.0
2025-10-03 00:00:00-04:00,253.9515436206674,258.5086431914624,253.23357360959045,257.2920837402344,49155600,0.0,0.0
2025-10-06 00:00:00-04:00,257.262186546101,258.339156849437,254.33049322602108,255.9658660888672,44664100,0.0,0.0
2025-10-07 00:00:00-04:00,256.0855101139428,256.6738420114173,254.70939836699205,255.75645446777344,31955800,0.0,0.0
2025-10-08 00:00:00-04:00,255.7963062732735,257.7906639625656,255.3874592951906,257.33197021484375,36496900,0.0,0.0
2025-10-09 00:00:00-04:00,257.08267167133846,257.27213808351553,252.42584836214985,253.32330322265625,38322000,0.0,0.0
2025-10-10 00:00:00-04:00,254.2207817432353,255.6567217403356,243.3116425485481,244.57806396484375,61999100,0.0,0.0
2025-10-13 00:00:00-04:00,248.67648318296307,248.98560621270488,244.86725241658198,246.96133422851562,38142900,0.0,0.0
2025-10-14 00:00:00-04:00,245.90431694508948,248.14796941642882,244.00966795095763,247.07101440429688,35478000,0.0,0.0
2025-10-15 00:00:00-04:00,248.78616738422895,251.10959602979932,246.77186176083558,248.63658142089844,33893600,0.0,0.0
2025-10-16 00:00:00-04:00,247.54965348458146,248.33741809379524,244.43846029169785,246.7519073486328,39777000,0.0,0.0
2025-10-17 00:00:00-04:00,247.3203043073955,252.66518358811555,246.57242016484557,251.5782470703125,49147000,0.0,0.0
2025-10-20 00:00:00-04:00,255.168106265739,263.63416054313814,254.90884523128253,261.50018310546875,90483000,0.0,0.0
2025-10-21 00:00:00-04:00,261.141213133835,264.5415968076956,261.0913359303388,262.0286865234375,46695900,0.0,0.0
2025-10-22 00:00:00-04:00,261.9090501595624,262.1084981259862,254.70941678507808,257.7209167480469,45015300,0.0,0.0
2025-10-23 00:00:00-04:00,259.206686997747,259.8847613495841,257.28213901467177,258.8476867675781,32754900,0.0,0.0
2025-10-24 00:00:00-04:00,260.4531458541269,263.3848541030092,258.44880663072195,262.07855224609375,38253700,0.0,0.0
2025-10-27 00:00:00-04:00,264.13273028939324,268.3607587413759,263.9033682058253,268.0516357421875,44888200,0.0,0.0
2025-10-28 00:00:00-04:00,268.23110734142335,269.12859257872884,267.39348082722177,268.2410888671875,41534800,0.0,0.0
2025-10-29 00:00:00-04:00,268.5203194424725,270.6443152614699,266.35642794866993,268.93914794921875,51086700,0.0,0.0
2025-10-30 00:00:00-04:00,271.2226702585742,273.36662916750566,267.72259312931254,270.63433837890625,69886500,0.0,0.0
2025-10-31 00:00:00-04:00,276.2085578376442,276.53764389728985,268.4006608909581,269.60723876953125,86167100,0.0,0.0
2025-11-03 00:00:00-05:00,269.6571458353552,270.08592548154905,265.4988962118729,268.2909851074219,50194600,0.0,0.0
2025-11-04 00:00:00-05:00,267.5730004152706,270.72408938596277,266.86501191822913,269.2781982421875,49274800,0.0,0.0
2025-11-05 00:00:00-05:00,267.8521863717013,270.93349568379296,266.17693326929896,269.3778991699219,43683100,0.0,0.0
2025-11-06 00:00:00-05:00,267.1342708755924,272.6287059365568,267.1342708755924,269.0089416503906,51204000,0.0,0.0
2025-11-07 00:00:00-05:00,269.03885049148494,271.5218466038475,266.0173996929098,267.7126159667969,48227400,0.0,0.0
2025-11-10 00:00:00-05:00,268.46119877683986,273.2223721938244,266.9639805623884,268.9303283691406,41312400,0.26,0.0
2025-11-11 00:00:00-05:00,269.3096487524697,275.3983427074405,269.2996575494418,274.73956298828125,46208300,0.0,0.0
2025-11-12 00:00:00-05:00,274.49005224267427,275.2187095291286,271.19618380015726,272.962890625,48398000,0.0,0.0
2025-11-13 00:00:00-05:00,273.6016390736082,276.1868626363035,271.58539619817094,272.4438171386719,49602800,0.0,0.0
2025-11-14 00:00:00-05:00,270.5473523374902,275.4482508823214,269.10005949599775,271.90484619140625,47431300,0.0,0.0
2025-11-17 00:00:00-05:00,268.3214829895084,269.98836893107386,265.237217022597,266.9639892578125,45018300,0.0,0.0
2025-11-18 00:00:00-05:00,269.48928956232544,270.20795552947055,264.8279672087311,266.94403076171875,45677300,0.0,0.0
2025-11-19 00:00:00-05:00,265.0376012369211,271.70520656667077,265.0076580872151,268.0619812011719,40424500,0.0,0.0
2025-11-20 00:00:00-05:00,270.327749378444,274.91922505965954,265.42688147061517,265.7562561035156,45823600,0.0,0.0
2025-11-21 00:00:00-05:00,265.4568071090486,272.8230952896135,265.17732758833057,270.98651123046875,59030800,0.0,0.0
2025-11-24 00:00:00-05:00,270.397645153795,276.48633959077114,270.397645153795,275.4083557128906,65585800,0.0,0.0
2025-11-25 00:00:00-05:00,274.75950033189645,279.8600396675645,274.7395483878858,276.45635986328125,46914200,0.0,0.0
2025-11-26 00:00:00-05:00,276.4464065684995,279.0116481613461,276.11703191175064,277.0353088378906,33431400,0.0,0.0
2025-11-28 00:00:00-05:00,276.7458380127342,278.4826014787427,275.4781737009374,278.3328857421875,20135600,0.0,0.0
2025-12-01 00:00:00-05:00,277.4944549964911,282.89442609469603,275.62792768573877,282.57501220703125,46587700,0.0,0.0
2025-12-02 00:00:00-05:00,282.47518456741903,286.86701880065203,282.10587559562896,285.6592712402344,53669500,0.0,0.0
2025-12-03 00:00:00-05:00,285.6692634925469,288.0847586222564,282.77461708045536,283.623046875,43538700,0.0,0.0
2025-12-04 00:00:00-05:00,283.5731318378766,284.20196835267484,278.07334059490756,280.179443359375,43989100,0.0,0.0
2025-12-05 00:00:00-05:00,280.01974631085085,280.6186397013617,277.53434330937836,278.26300048828125,47265800,0.0,0.0
2025-12-08 00:00:00-05:00,277.6142094762677,279.15136205700173,275.6378704438954,277.3746643066406,38211800,0.0,0.0
2025-12-09 00:00:00-05:00,277.6441787437343,279.5107061083118,276.4064879695729,276.6659851074219,32193300,0.0,0.0
2025-12-10 00:00:00-05:00,277.23491184461454,279.2312028389952,275.92734368017386,278.26300048828125,33038300,0.0,0.0
2025-12-11 00:00:00-05:00,278.5824273392719,279.07150890817053,273.3022288840155,277.514404296875,33248000,0.0,0.0
2025-12-12 00:00:00-05:00,277.38461586894516,278.70217518025987,276.30663218031253,277.763916015625,39532900,0.0,0.0
2025-12-15 00:00:00-05:00,279.63046152672615,279.63046152672615,272.33402020742307,273.6016540527344,50409100,0.0,0.0
2025-12-16 00:00:00-05:00,272.3140798989353,274.9891026980292,271.2859911871425,274.1007385253906,37648600,0.0,0.0
2025-12-17 00:00:00-05:00,274.50001118897205,275.6478724530811,271.13626563598973,271.33587646484375,50138700,0.0,0.0
2025-12-18 00:00:00-05:00,273.1025913325419,273.12257373871984,266.4549687260805,271.68524169921875,51630700,0.0,0.0
2025-12-19 00:00:00-05:00,271.6453053723066,274.09077415448866,269.399477884542,273.1625061035156,144632000,0.0,0.0
2025-12-22 00:00:00-05:00,272.3539780142796,273.37210596231955,270.00836035897595,270.4674987792969,36571800,0.0,0.0
2025-12-23 00:00:00-05:00,270.3377490962612,271.99467443806464,269.06012395403746,271.85491943359375,29642000,0.0,0.0
2025-12-24 00:00:00-05:00,271.8349404799371,274.9192064044749,271.69521595033444,273.3022155761719,17910600,0.0,0.0
2025-12-26 00:00:00-05:00,273.65160578690546,274.8593534534055,272.35399820928086,272.89300537109375,21521800,0.0,0.0
2025-12-29 00:00:00-05:00,272.1843267483383,273.8512128461511,271.8449608988494,273.2523498535156,23715200,0.0,0.0
2025-12-30 00:00:00-05:00,272.30405905646904,273.57169281796894,271.77504318392386,272.57354736328125,22139600,0.0,0.0
2025-12-31 00:00:00-05:00,272.553621806917,273.17246717497864,271.24605357156486,271.3558349609375,27293600,0.0,0.0
2026-01-02 00:00:00-05:00,271.7551282774649,277.32476727085935,268.5011639041959,270.5074462890625,37838100,0.0,0.0
2026-01-05 00:00:00-05:00,270.1381413175191,271.00652312062255,265.64648609237463,266.764404296875,45647200,0.0,0.0
2026-01-06 00:00:00-05:00,266.5048844877732,267.05385240251036,261.63392891626114,261.87347412109375,52352100,0.0,0.0
2026-01-07 00:00:00-05:00,262.7119324450406,263.1910228349833,259.3282042611396,259.84722900390625,48309800,0.0,0.0
2026-01-08 00:00:00-05:00,256.5433578451618,258.80916773471864,255.22581364132833,258.55963134765625,50419300,0.0,0.0
2026-01-09 00:00:00-05:00,258.5995368285105,259.7274461787287,255.74485516422806,258.8890075683594,39997000,0.0,0.0
2026-01-12 00:00:00-05:00,258.679389570116,260.81540508500296,256.32375036738995,259.7673645019531,45263800,0.0,0.0
2026-01-13 00:00:00-05:00,258.24022168851656,261.3244878277737,257.9108470550362,260.5658874511719,45730800,0.0,0.0
2026-01-14 00:00:00-05:00,259.0087756526009,261.33447181199796,256.23393227813756,259.4779052734375,40019400,0.0,0.0
2026-01-15 00:00:00-05:00,260.16664839115424,260.55593980217856,256.57331808587395,257.7311706542969,39388600,0.0,0.0
2026-01-16 00:00:00-05:00,257.4217218192236,258.41986733264514,254.4572284259222,255.05612182617188,72142800,0.0,0.0
2026-01-20 00:00:00-05:00,252.26132447540706,254.31750190322293,242.9685916985444,246.2425079345703,80267500,0.0,0.0
2026-01-21 00:00:00-05:00,248.23880604127606,251.09350304772093,244.72532928784554,247.1907501220703,54641700,0.0,0.0
2026-01-22 00:00:00-05:00,248.737864640942,250.53452965267718,247.68980878155546,247.8894500732422,39708300,0.0,0.0
2026-01-23 00:00:00-05:00,246.86136630134166,248.94748685874615,244.22624741136653,247.58001708984375,41689000,0.0,0.0
2026-01-26 00:00:00-05:00,251.01365072947274,256.08423219515316,249.33677343540953,254.93637084960938,55969200,0.0,0.0
2026-01-27 00:00:00-05:00,258.6894015269614,261.4642450011371,257.73115984508394,257.7910461425781,49648300,0.0,0.0
2026-01-28 00:00:00-05:00,257.1721946066941,258.3799421919039,254.03801819206552,255.96444702148438,41288000,0.0,0.0
2026-01-29 00:00:00-05:00,257.52154586161765,259.16847988830324,253.93820707645818,257.801025390625,67253000,0.0,0.0
2026-01-30 00:00:00-05:00,254.6968198516284,261.4143357105436,251.71235892004358,258.99884033203125,92443400,0.0,0.0
2026-02-02 00:00:00-05:00,259.5477742456141,269.98836769074944,258.72928762151224,269.50927734375,73913400,0.0,0.0
2026-02-03 00:00:00-05:00,268.70080609664296,271.3758289780004,267.11372779647115,268.98028564453125,64394700,0.0,0.0
2026-02-04 00:00:00-05:00,271.7850411492978,278.432693698261,271.7850411492978,275.97723388671875,90545700,0.0,0.0
2026-02-05 00:00:00-05:00,277.6142303156022,278.98168486317746,272.72332314901723,275.3983459472656,52977400,0.0,0.0
2026-02-06 00:00:00-05:00,276.6060720438839,280.3890519626743,276.4164219647768,277.6042175292969,50453400,0.0,0.0
2026-02-09 00:00:00-05:00,277.6541982366954,277.9439398399519,271.4499228389202,274.3672180175781,44623400,0.26,0.0
2026-02-10 00:00:00-05:00,274.6369782150198,275.11651686144285,272.68876099546605,273.4280700683594,34376900,0.0,0.0
2026-02-11 00:00:00-05:00,274.44714753122867,279.92208361183503,274.1973776592452,275.24639892578125,51931300,0.0,0.0
2026-02-12 00:00:00-05:00,275.3363333447182,275.46621856633783,259.94051360693726,261.4891052246094,81077200,0.0,0.0
2026-02-13 00:00:00-05:00,261.7688319830923,261.9886306947134,255.21485759663088,255.5445556640625,56290700,0.0,0.0
2026-02-17 00:00:00-05:00,257.8124646511843,266.0449008431299,255.30478047881587,263.6371154785156,58469100,0.0,0.0
2026-02-18 00:00:00-05:00,263.35737977838915,266.57441720150126,262.20844437502524,264.106689453125,34203300,0.0,0.0
2026-02-19 00:00:00-05:00,262.35827847824623,264.2365527856389,259.81060750150084,260.3401184082031,30845300,0.0,0.0
2026-02-20 00:00:00-05:00,258.73163460792017,264.5063132392292,257.9223826043077,264.3364562988281,42070500,0.0,0.0
2026-02-23 00:00:00-05:00,263.24744081710827,269.1819753311392,263.13755670993424,265.9349670410156,37308200,0.0,0.0
2026-02-24 00:00:00-05:00,267.61343657617186,274.6369951599546,267.46358073991865,271.8895263671875,47014600,0.0,0.0
2026-02-25 00:00:00-05:00,271.5298429675081,274.6869380517792,270.8005039088116,273.97760009765625,33714300,0.0,0.0
2026-02-26 00:00:00-05:00,274.6969199809464,275.8558253670768,270.55071567552415,272.6987609863281,32345100,0.0,0.0
2026-02-27 00:00:00-05:00,272.5588900215503,272.5588900215503,262.6480379442022,263.93682861328125,72366500,0.0,0.0
2026-03-02 00:00:00-05:00,262.16844722421786,266.2846497598317,259.960490133898,264.476318359375,41827900,0.0,0.0
2026-03-03 00:00:00-05:00,263.23749216234586,265.31556422164516,259.8905695547566,263.5072326660156,38568900,0.0,0.0
2026-03-04 00:00:00-05:00,264.4063951364299,265.9050144519466,261.179387723623,262.2783508300781,39803100,0.0,0.0
2026-03-05 00:00:00-05:00,260.54995479568396,261.3192350446657,257.01320478174756,260.0504150390625,49658600,0.0,0.0
2026-03-06 00:00:00-05:00,258.39192833924307,258.53178361058343,254.13584003818684,257.2229919433594,41120000,0.0,0.0
2026-03-09 00:00:00-04:00,255.45463216869055,260.9095975388004,253.44647267699952,259.6407775878906,38218500,0.0,0.0
2026-03-10 00:00:00-04:00,257.4128391437035,262.2384104290217,256.71350175461305,260.58990478515625,30590800,0.0,0.0
2026-03-11 00:00:00-04:00,260.8496568052655,261.888707997661,259.3110658747261,260.5699157714844,26218900,0.0,0.0
2026-03-12 00:00:00-04:00,258.4219063383753,258.71164792954545,253.94601921584928,255.52456665039062,40794000,0.0,0.0
2026-03-13 00:00:00-04:00,255.24483747003174,256.0940459350445,249.29033192864068,249.8897705078125,36930000,0.0,0.0
2026-03-16 00:00:00-04:00,251.87794235419486,253.6563027081548,249.6499992581203,252.58729553222656,32074200,0.0,0.0
2026-03-17 00:00:00-04:00,252.72716690012706,254.89516767044782,251.94787083452104,253.99598693847656,32361600,0.0,0.0
2026-03-18 00:00:00-04:00,252.3974721128864,254.70534343896443,248.7708084606242,249.70994567871094,35757900,0.0,0.0
2026-03-19 00:00:00-04:00,249.17043241392184,251.5982036354298,247.0723745163624,248.73085021972656,34864100,0.0,0.0
2026-03-20 00:00:00-04:00,247.7517334570195,248.97061168291066,245.77356028907465,247.76173400878906,88331100,0.0,0.0
2026-03-23 00:00:00-04:00,253.73622734962268,254.3656523266213,250.0496214753341,251.25851440429688,40546100,0.0,0.0
2026-03-24 00:00:00-04:00,250.1195650925759,254.5954370944537,249.32029842391177,251.4083709716797,45152300,0.0,0.0
2026-03-25 00:00:00-04:00,253.86611511385965,254.76528059453105,251.3684162845015,252.38746643066406,28476700,0.0,0.0
2026-03-26 00:00:00-04:00,251.88793104116345,256.76344411909713,250.53918279672283,252.6572265625,41796700,0.0,0.0
2026-03-27 00:00:00-04:00,253.666280215245,255.2548282141602,247.8416601166152,248.57098388671875,47900000,0.0,0.0
2026-03-30 00:00:00-04:00,249.83982057534305,250.63907198816298,245.28400520065438,246.40298461914062,39446200,0.0,0.0
2026-03-31 00:00:00-04:00,247.6818040942864,255.24482803058763,246.87255213324852,253.55638122558594,49598100,0.0,0.0
2026-04-01 00:00:00-04:00,253.8461228128272,255.94418062939917,253.096813183035,255.3946990966797,40059400,0.0,0.0
2026-04-02 00:00:00-04:00,253.96601496217014,255.89424639361263,250.4192795609811,255.68443298339844,31289400,0.0,0.0
2026-04-06 00:00:00-04:00,256.27389167390277,261.9186847371787,256.2239194053331,258.6217041015625,29329900,0.0,0.0
2026-04-07 00:00:00-04:00,255.92421782448065,255.96418954301222,245.47383916108728,253.26666259765625,62148000,0.0,0.0
2026-04-08 00:00:00-04:00,258.2121146377317,259.51090582044134,256.29386854025813,258.66168212890625,41032800,0.0,0.0
2026-04-09 00:00:00-04:00,258.7615948993736,260.879638597066,255.8342992320816,260.2502136230469,28121600,0.0,0.0
2026-04-10 00:00:00-04:00,259.7406946341393,261.94865175168746,258.78155637925676,260.240234375,31291500,0.0,0.0
2026-04-13 00:00:00-04:00,259.49093671136296,259.9405042051452,256.4237552437805,258.96142578125,36234700,0.0,0.0
2026-04-14 00:00:00-04:00,259.01136264890187,261.68888841493145,256.9532612999924,258.59173583984375,48370700,0.0,0.0
2026-04-15 00:00:00-04:00,257.92237663273806,266.3146386359468,257.57269269729437,266.18475341796875,49913500,0.0,0.0
2026-04-16 00:00:00-04:00,266.55439590858066,266.91408037974617,261.0294875448873,263.15753173828125,43323100,0.0,0.0
2026-04-17 00:00:00-04:00,266.7142527536172,272.0493335842862,266.47448343207725,269.98126220703125,61436200,0.0,0.0
2026-04-20 00:00:00-04:00,270.08114756253855,274.0275237795767,270.04120633500696,272.79864501953125,36590200,0.0,0.0
2026-04-21 00:00:00-04:00,271.250098918132,272.5488901425708,265.1557075406741,265.9250183105469,50209800,0.0,0.0
2026-04-22 00:00:00-04:00,267.5734973129919,273.48803128351057,266.62435952726383,272.9185791015625,43249200,0.0,0.0
2026-04-23 00:00:00-04:00,274.79681820267325,275.5161566987003,271.39995382845746,273.1783142089844,33399600,0.0,0.0
2026-04-24 00:00:00-04:00,272.50893317942314,272.80864483253174,269.4017800912603,270.81048583984375,38157100,0.0,0.0
2026-04-27 00:00:00-04:00,265.84505761361925,268.1129570778125,264.8260075108844,267.3636474609375,41466800,0.0,0.0
2026-04-28 00:00:00-04:00,272.0893199684016,272.97851539952296,268.4127145556596,270.4608154296875,40018900,0.0,0.0
2026-04-29 00:00:00-04:00,267.3037117460274,270.7905199823619,266.7942019267937,269.92132568359375,30047900,0.0,0.0
2026-04-30 00:00:00-04:00,270.25102650288807,275.7459641951834,267.893213328058,271.1002502441406,91848200,0.0,0.0
2026-05-01 00:00:00-04:00,278.6032901046287,286.95561044034525,278.1137509144006,279.88214111328125,79915400,0.0,0.0
2026-05-04 00:00:00-04:00,279.4025768563376,280.3716851917065,274.60697695873915,276.5751647949219,46668400,0.0,0.0
2026-05-05 00:00:00-04:00,276.6750995896243,284.30808218316156,276.2455026895375,283.9184265136719,49311700,0.0,0.0
2026-05-06 00:00:00-04:00,281.66051049385584,287.76487170009636,280.8112868075762,287.245361328125,58336100,0.0,0.0
2026-05-07 00:00:00-04:00,289.00371711581823,291.8611003514943,285.5169394038565,287.1754150390625,45224300,0.0,0.0
2026-05-08 00:00:00-04:00,289.7430674686918,294.4886952888782,289.7330669166447,293.0500183105469,52692800,0.0,0.0
2026-05-11 00:00:00-04:00,291.9800109863281,293.8800048828125,290.2300109863281,292.67999267578125,42247300,0.27,0.0
2026-05-12 00:00:00-04:00,292.55999755859375,295.2699890136719,292.55999755859375,294.79998779296875,45748100,0.0,0.0
2026-05-13 00:00:00-04:00,293.5,300.9200134277344,293.5,298.8699951171875,52684300,0.0,0.0
2026-05-14 00:00:00-04:00,299.82000732421875,300.45001220703125,295.3800048828125,298.2099914550781,35324900,0.0,0.0
2026-05-15 00:00:00-04:00,297.8999938964844,303.20001220703125,296.5199890136719,300.2300109863281,54721100,0.0,0.0
