Date,Open,High,Low,Close,Volume,Dividends,Stock Splits
2021-05-17 00:00:00-04:00,112.2507540019044,113.55051270106033,111.85105758223382,113.50786590576172,21598000,0.0,0.0
2021-05-18 00:00:00-04:00,114.17385549892235,114.43817329757108,112.18231233154226,112.19619750976562,22204000,0.0,0.0
2021-05-19 00:00:00-04:00,110.50816906187161,112.81708157464918,110.35989652450986,112.64401245117188,23684000,0.0,0.0
2021-05-20 00:00:00-04:00,113.61102177435937,114.65241024764639,113.24008695620131,114.40198516845703,32352000,0.0,0.0
2021-05-21 00:00:00-04:00,114.92068766087792,114.99408615470026,113.52670649294609,113.76622772216797,40632000,0.0,0.0
2021-05-24 00:00:00-04:00,114.79571714938808,117.30795076933327,114.65041840397706,117.08430480957031,31832000,0.0,0.0
2021-05-25 00:00:00-04:00,117.62780399643341,118.22288412982375,116.78477317689254,117.175048828125,22440000,0.0,0.0
2021-05-26 00:00:00-04:00,117.3560548531477,118.47034990255696,117.35308107918044,118.03990936279297,21572000,0.0,0.0
2021-05-27 00:00:00-04:00,118.47331515824983,118.47331515824983,116.84725869661128,117.1656265258789,35224000,0.0,0.0
2021-05-28 00:00:00-04:00,117.74781887099097,117.82963927117555,116.67816071964592,116.87651824951172,21482000,0.0,0.0
2021-06-01 00:00:00-04:00,117.74879520281785,118.30767545540135,116.74905491589836,118.0830307006836,23354000,0.0,0.0
2021-06-02 00:00:00-04:00,118.47827097273424,118.70093322748687,116.65384943203411,117.5578842163086,21158000,0.0,0.0
2021-06-03 00:00:00-04:00,116.3250685412931,116.88494008609811,115.52121134855334,116.41680908203125,18696000,0.0,0.0
2021-06-04 00:00:00-04:00,117.49242726754059,118.96822874582733,117.15223662042179,118.69746398925781,24458000,0.0,0.0
2021-06-07 00:00:00-04:00,118.49265941789501,119.2399846738455,118.07412155900927,119.13038635253906,24120000,0.0,0.0
2021-06-08 00:00:00-04:00,119.61192324881151,119.9843411682575,118.75748151026745,118.93898010253906,24240000,0.0,0.0
2021-06-09 00:00:00-04:00,119.58314905326921,119.65504930518125,118.86260289582098,119.41007995605469,17942000,0.0,0.0
2021-06-10 00:00:00-04:00,119.35949314078805,120.801576684723,119.20378241102719,120.75843048095703,25904000,0.0,0.0
2021-06-11 00:00:00-04:00,120.99992773077977,121.08522130896714,119.95654936765875,120.51394653320312,21958000,0.0,0.0
2021-06-14 00:00:00-04:00,120.61611526440987,121.44228719469659,119.90896239653654,121.4417953491211,22098000,0.0,0.0
2021-06-15 00:00:00-04:00,121.44624948123858,121.76908177598153,120.06367916664863,120.42420196533203,21562000,0.0,0.0
2021-06-16 00:00:00-04:00,120.5754470648677,120.88687610628577,118.49068020896921,119.78250122070312,26472000,0.0,0.0
2021-06-17 00:00:00-04:00,119.70812106140869,121.51815815207105,119.51223788888802,120.74554443359375,25842000,0.0,0.0
2021-06-18 00:00:00-04:00,120.37212004101573,120.60618554839238,119.03120533837755,119.12641906738281,46116000,0.0,0.0
2021-06-21 00:00:00-04:00,119.51274587072837,120.99995077102841,118.91567557601743,120.8139877319336,27414000,0.0,0.0
2021-06-22 00:00:00-04:00,120.75198140176597,121.39665468442757,120.07160770069062,121.32772064208984,22390000,0.0,0.0
2021-06-23 00:00:00-04:00,121.09266658134959,122.08645184131146,120.83579457394919,121.12589263916016,19148000,0.0,0.0
2021-06-24 00:00:00-04:00,121.69419186972272,122.04677701360374,121.29747683144915,121.49583435058594,21362000,0.0,0.0
2021-06-25 00:00:00-04:00,120.99993398696205,121.62774832820787,120.5685022175003,121.50426483154297,34594000,0.0,0.0
2021-06-28 00:00:00-04:00,121.67287369057478,121.77850698140655,120.4103137257864,121.53154754638672,28526000,0.0,0.0
2021-06-29 00:00:00-04:00,121.66495039428926,122.01257928283053,120.69347970676894,121.27021026611328,23108000,0.0,0.0
2021-06-30 00:00:00-04:00,120.99446924769488,121.25482198698087,120.35971614839114,121.08869171142578,24474000,0.0,0.0
2021-07-01 00:00:00-04:00,120.72718855138434,121.58212203987887,120.53527798763021,121.4407958984375,18110000,0.0,0.0
2021-07-02 00:00:00-04:00,122.14050574564968,124.37602688380984,122.0507477211,124.23072814941406,25982000,0.0,0.0
2021-07-06 00:00:00-04:00,124.61852879829608,125.39164190205774,123.56126516970392,125.15559387207031,26404000,0.0,0.0
2021-07-07 00:00:00-04:00,126.11962731057842,126.240621316996,125.1188956447412,125.43726348876953,24060000,0.0,0.0
2021-07-08 00:00:00-04:00,123.0093289727932,124.56595957690325,123.005363941043,124.01898193359375,23790000,0.0,0.0
2021-07-09 00:00:00-04:00,124.00014669515204,124.70382636334314,123.53052498165191,124.4896011352539,18632000,0.0,0.0
2021-07-12 00:00:00-04:00,125.14369092382793,126.02788545144588,124.581337423186,125.93465423583984,17668000,0.0,0.0
2021-07-13 00:00:00-04:00,125.99712795199184,127.00777214039663,125.63611333534345,126.29764556884766,19240000,0.0,0.0
2021-07-14 00:00:00-04:00,126.90909397847128,128.26638333995623,126.86594777508958,127.18580627441406,23742000,0.0,0.0
2021-07-15 00:00:00-04:00,127.59444156322091,127.64501842152565,125.49280814322165,125.96391296386719,24218000,0.0,0.0
2021-07-16 00:00:00-04:00,126.61652699799224,126.76380826577638,125.1194020146952,125.92920684814453,20424000,0.0,0.0
2021-07-19 00:00:00-04:00,125.05591587763702,125.17047048995204,122.49259846899817,123.55680847167969,27968000,0.0,0.0
2021-07-20 00:00:00-04:00,124.49851812065599,126.00159811872851,123.33117189440424,125.17493438720703,26312000,0.0,0.0
2021-07-21 00:00:00-04:00,125.09956240900131,126.55007557282694,124.99046349148195,126.50346374511719,20746000,0.0,0.0
2021-07-22 00:00:00-04:00,126.79602416530378,127.4297860202273,126.4538510284207,127.36878204345703,14302000,0.0,0.0
2021-07-23 00:00:00-04:00,129.36133455179797,132.30550704776215,128.73650906326645,131.92465209960938,41506000,0.0,0.0
2021-07-26 00:00:00-04:00,132.2355886482273,133.13663460885186,131.2169991619108,132.93629455566406,30572000,0.0,0.0
2021-07-27 00:00:00-04:00,133.1500131960715,133.29729444563313,129.0375036233096,130.8187713623047,54710000,0.0,0.0
2021-07-28 00:00:00-04:00,135.1946241311871,137.16335335815197,134.16860398036314,134.97840881347656,95130000,0.0,0.0
2021-07-29 00:00:00-04:00,135.03393383670254,135.54074659888502,134.43191491467985,134.66448974609375,31716000,0.0,0.0
2021-07-30 00:00:00-04:00,133.92807412606015,134.19536566595704,133.1544692717714,133.62210083007812,25576000,0.0,0.0
2021-08-02 00:00:00-04:00,134.00942969336194,134.22712811804664,132.69727646334016,133.74908447265625,21634000,0.0,0.0
2021-08-03 00:00:00-04:00,134.02725111270541,134.61935743991575,132.2266425296642,134.51820373535156,20762000,0.0,0.0
2021-08-04 00:00:00-04:00,134.24001564188015,134.53755950866824,133.38458270000555,134.01785278320312,19676000,0.0,0.0
2021-08-05 00:00:00-04:00,134.56829449236173,135.23231626590845,133.74063191754414,135.13461303710938,17870000,0.0,0.0
2021-08-06 00:00:00-04:00,134.92681801926122,135.35378528959424,134.10163752154108,134.62579345703125,20488000,0.0,0.0
2021-08-09 00:00:00-04:00,134.82816095664558,136.0594850166339,134.23009186471586,135.7906951904297,17760000,0.0,0.0
2021-08-10 00:00:00-04:00,136.21618040832792,136.64316290986423,135.2466997947702,135.68557739257812,19414000,0.0,0.0
2021-08-11 00:00:00-04:00,136.05699411421284,136.55387918721985,135.15444996704406,135.16189575195312,15352000,0.0,0.0
2021-08-12 00:00:00-04:00,134.86087941942685,136.17453085667606,134.3153999728154,136.06939697265625,16506000,0.0,0.0
2021-08-13 00:00:00-04:00,136.12491636761754,136.72645098219778,135.90969991008646,136.59849548339844,15948000,0.0,0.0
2021-08-16 00:00:00-04:00,136.39768127335614,137.22832524277518,134.1899301812805,137.17575073242188,22384000,0.0,0.0
2021-08-17 00:00:00-04:00,136.62082272063034,137.1320999211298,134.96649653381414,135.54124450683594,21716000,0.0,0.0
2021-08-18 00:00:00-04:00,135.381094351041,135.98064658270377,134.21225730986575,134.33871459960938,19258000,0.0,0.0
2021-08-19 00:00:00-04:00,133.33351970472108,135.23479811345257,133.1495391773479,134.56781005859375,21782000,0.0,0.0
2021-08-20 00:00:00-04:00,134.8851768373789,136.42643919078785,134.1413247592316,136.30296325683594,31194000,0.0,0.0
2021-08-23 00:00:00-04:00,136.83853312618544,139.71971902868404,136.47950099945666,138.8935546875,28454000,0.0,0.0
2021-08-24 00:00:00-04:00,139.45886528917006,140.9153334065435,139.1881081082897,140.10354614257812,19268000,0.0,0.0
2021-08-25 00:00:00-04:00,140.4640639174662,141.02393547801682,140.21711205572637,140.91433715820312,15848000,0.0,0.0
2021-08-26 00:00:00-04:00,140.58802387845228,141.2500479016059,140.19824011481427,140.28106689453125,20610000,0.0,0.0
2021-08-27 00:00:00-04:00,140.49133697664018,143.3278934785733,140.3371093469741,142.8235626220703,28780000,0.0,0.0
2021-08-30 00:00:00-04:00,143.21629858007987,144.77393543856923,142.98124183306933,143.40524291992188,24434000,0.0,0.0
2021-08-31 00:00:00-04:00,143.9572070200469,143.98149662462504,143.09830844171228,143.51138305664062,22448000,0.0,0.0
2021-09-01 00:00:00-04:00,143.81142832765025,145.05514705269138,143.69588243602325,144.02516174316406,21936000,0.0,0.0
2021-09-02 00:00:00-04:00,144.02566128157488,144.3266708148388,142.01130366892733,142.1124725341797,32342000,0.0,0.0
2021-09-03 00:00:00-04:00,141.90763889729274,142.9733244158988,141.23320515681903,142.5612335205078,19850000,0.0,0.0
2021-09-07 00:00:00-04:00,142.65543520513765,143.37994628303565,142.44170186442759,143.0977783203125,20124000,0.0,0.0
2021-09-08 00:00:00-04:00,142.91875102066,143.2162796735161,141.82776218116877,142.51309204101562,18344000,0.0,0.0
2021-09-09 00:00:00-04:00,142.66142436593762,143.12757293783594,142.00386461498047,142.3643798828125,15314000,0.0,0.0
2021-09-10 00:00:00-04:00,143.030343356749,143.53220739667623,139.58433740573318,139.72120666503906,36840000,0.0,0.0
2021-09-13 00:00:00-04:00,140.7859002496474,141.77820242843924,140.09214075232128,141.165771484375,22094000,0.0,0.0
2021-09-14 00:00:00-04:00,141.82332937621524,142.18782475783476,140.5880403778888,141.3760223388672,19674000,0.0,0.0
2021-09-15 00:00:00-04:00,141.60117640739975,143.2664141950181,140.18885318248124,143.24559020996094,27408000,0.0,0.0
2021-09-16 00:00:00-04:00,142.77049372933465,143.1171313122396,141.23419535655154,142.4327850341797,26190000,0.0,0.0
2021-09-17 00:00:00-04:00,141.858059023679,142.27411498980177,139.31854675119118,139.64584350585938,53384000,0.0,0.0
2021-09-20 00:00:00-04:00,137.028942390243,137.86056989011584,135.2045285382964,137.58236694335938,46518000,0.0,0.0
2021-09-21 00:00:00-04:00,138.60392895402697,138.86378985932566,137.14449465996216,137.893310546875,25332000,0.0,0.0
2021-09-22 00:00:00-04:00,138.1620970935906,139.73211352931875,137.41576307062647,139.13356018066406,25056000,0.0,0.0
2021-09-23 00:00:00-04:00,139.83179860304818,140.534986416547,139.25060362210317,140.0584259033203,20952000,0.0,0.0
2021-09-24 00:00:00-04:00,139.38645403348636,141.16377175943416,139.091392141108,141.04920959472656,22984000,0.0,0.0
2021-09-27 00:00:00-04:00,139.65029458618613,140.77500156753678,138.91933644415815,139.9156036376953,21882000,0.0,0.0
2021-09-28 00:00:00-04:00,137.51839213084114,137.95627081170986,134.2504042886669,134.716552734375,45772000,0.0,0.0
2021-09-29 00:00:00-04:00,135.85714754159193,136.02675103167505,132.76769140885952,133.25218200683594,30848000,0.0,0.0
2021-09-30 00:00:00-04:00,133.16094144275186,134.43143155227392,132.46121921545426,132.58023071289062,37996000,0.0,0.0
2021-10-01 00:00:00-04:00,133.3454089668454,135.78823199119176,132.9739823084811,135.42373657226562,35360000,0.0,0.0
2021-10-04 00:00:00-04:00,134.845991044881,134.845991044881,129.97575169598792,132.56385803222656,51202000,0.0,0.0
2021-10-05 00:00:00-04:00,132.94224164734214,136.09964809191845,132.94224164734214,134.90798950195312,32404000,0.0,0.0
2021-10-06 00:00:00-04:00,133.64542025587158,136.62082849904496,133.44706273306846,136.43734741210938,24364000,0.0,0.0
2021-10-07 00:00:00-04:00,137.75347740127893,138.89405973958108,137.51445558203253,138.08375549316406,25110000,0.0,0.0
2021-10-08 00:00:00-04:00,138.43286154368056,139.180678709359,138.0763113266695,138.63966369628906,26526000,0.0,0.0
2021-10-11 00:00:00-04:00,138.15019117218512,139.55854921153343,137.72072679461957,137.77528381347656,17954000,0.0,0.0
2021-10-12 00:00:00-04:00,138.33665033617203,138.3634370023765,134.64714270868552,135.33050537109375,36332000,0.0,0.0
2021-10-13 00:00:00-04:00,136.27619065855683,136.86879650740957,135.39993366753524,136.4542236328125,19654000,0.0,0.0
2021-10-14 00:00:00-04:00,138.33070229242213,140.17892171906655,137.68702021920703,139.99395751953125,31894000,0.0,0.0
2021-10-15 00:00:00-04:00,140.45366783413928,140.55631979319722,139.60121618297967,140.2091827392578,30274000,0.0,0.0
2021-10-18 00:00:00-04:00,139.92006032333015,141.62546275603327,139.9131139513097,141.60760498046875,20396000,0.0,0.0
2021-10-19 00:00:00-04:00,142.2121299993637,142.48488486692986,141.43109432493534,142.0628662109375,20164000,0.0,0.0
2021-10-20 00:00:00-04:00,142.1630420742844,142.36934482672316,140.2176186204073,140.60690307617188,23288000,0.0,0.0
2021-10-21 00:00:00-04:00,140.6068856243596,140.99072189641535,139.3482906803263,140.72293090820312,26292000,0.0,0.0
2021-10-22 00:00:00-04:00,138.00935869132704,139.43061082473707,134.94072652552163,136.4388427734375,50588000,0.0,0.0
2021-10-25 00:00:00-04:00,136.42246503075222,136.86877322103567,134.31388545894404,136.3203125,34412000,0.0,0.0
2021-10-26 00:00:00-04:00,138.12193563067672,138.93470665883544,137.17079709217552,138.16656494140625,49236000,0.0,0.0
2021-10-27 00:00:00-04:00,138.26227904833755,147.43149181607174,138.26227904833755,145.01893615722656,85782000,0.0,0.0
2021-10-28 00:00:00-04:00,145.92842739017055,145.95173330507313,143.44147439811337,144.65345764160156,36206000,0.0,0.0
2021-10-29 00:00:00-04:00,143.8887552596137,147.02682046055673,143.46377046547764,146.83242797851562,43320000,0.0,0.0
2021-11-01 00:00:00-04:00,146.8324309481015,146.8324309481015,142.05143515277334,142.32070922851562,46924000,0.0,0.0
2021-11-02 00:00:00-04:00,143.39436697063186,145.4072262525026,143.15236379198146,144.24037170410156,33482000,0.0,0.0
2021-11-03 00:00:00-04:00,144.70452437779974,145.4667336808486,143.405764521186,145.3963165283203,27494000,0.0,0.0
2021-11-04 00:00:00-04:00,145.9185032328249,148.50612573337082,145.1086983387751,147.05213928222656,38412000,0.0,0.0
2021-11-05 00:00:00-04:00,147.9467383281665,149.0952508155655,146.98222150325446,147.63185119628906,38354000,0.0,0.0
2021-11-08 00:00:00-05:00,148.59682386943936,149.38035641071258,147.21375439543775,147.80934143066406,23052000,0.0,0.0
2021-11-09 00:00:00-05:00,148.00972059814333,148.60629148213926,146.03800993877508,147.6977996826172,19530000,0.0,0.0
2021-11-10 00:00:00-05:00,146.29090824279103,146.85624308458767,143.35269859682205,144.69757080078125,29970000,0.0,0.0
2021-11-11 00:00:00-05:00,145.28870535866426,146.32613634452161,144.40698511974696,144.57162475585938,16518000,0.0,0.0
2021-11-12 00:00:00-05:00,145.4136656401591,147.62986135268545,144.219040793597,147.45925903320312,22360000,0.0,0.0
2021-11-15 00:00:00-05:00,147.67991725355816,148.32359927216987,146.36528227383033,147.23509216308594,23508000,0.0,0.0
2021-11-16 00:00:00-05:00,146.93509022325514,147.5430567260628,146.10494573454355,146.66383361816406,18904000,0.0,0.0
2021-11-17 00:00:00-05:00,146.81407891963306,147.34171568581732,146.0330433290407,146.8334197998047,19594000,0.0,0.0
2021-11-18 00:00:00-05:00,147.0263355590037,149.3461667867612,146.67226728662533,148.61024475097656,35608000,0.0,0.0
2021-11-19 00:00:00-05:00,148.7460854096611,149.72897425737744,147.67841753712597,147.7056884765625,33682000,0.0,0.0
2021-11-22 00:00:00-05:00,148.10838258410493,148.6013025990791,144.94949337082977,145.10272216796875,30594000,0.0,0.0
2021-11-23 00:00:00-05:00,144.95495136652673,145.45779912839131,142.93366287312807,144.5869903564453,27218000,0.0,0.0
2021-11-24 00:00:00-05:00,144.2810105888424,145.0506504792178,143.18953724894834,144.92221069335938,18040000,0.0,0.0
2021-11-26 00:00:00-05:00,143.16523224151518,143.3725186493825,140.67977786294543,141.01748657226562,30470000,0.0,0.0
2021-11-29 00:00:00-05:00,142.81958339759728,145.098250620001,142.71395011842046,144.33753967285156,32596000,0.0,0.0
2021-11-30 00:00:00-05:00,143.81981989380787,144.80319311094968,140.44075042064517,140.7343292236328,42068000,0.0,0.0
2021-12-01 00:00:00-05:00,142.8195956469263,144.75410739029755,139.75691130496085,139.895263671875,34020000,0.0,0.0
2021-12-02 00:00:00-05:00,140.09213056944827,142.68520065080236,139.06511173639353,141.7940673828125,29194000,0.0,0.0
2021-12-03 00:00:00-05:00,142.50320033510963,143.21630064924545,139.15090244069415,140.83746337890625,41230000,0.0,0.0
2021-12-06 00:00:00-05:00,141.86795825434288,142.67329857712156,139.00114949695094,141.9815216064453,30618000,0.0,0.0
2021-12-07 00:00:00-05:00,144.40304162342147,146.32169372189264,144.03706304874623,146.0623321533203,32240000,0.0,0.0
2021-12-08 00:00:00-05:00,146.3866264476649,147.1766061373384,145.20589435210303,146.97178649902344,24270000,0.0,0.0
2021-12-09 00:00:00-05:00,146.38117245241173,147.8778055616714,145.9090763713213,146.42828369140625,23270000,0.0,0.0
2021-12-10 00:00:00-05:00,147.48109073076458,147.7563124081406,145.5014499291834,146.78831481933594,24458000,0.0,0.0
2021-12-13 00:00:00-05:00,146.57007966602828,146.7570414903442,144.32464606078113,144.63111877441406,27070000,0.0,0.0
2021-12-14 00:00:00-05:00,142.7878299948769,143.2956263562298,140.0573916771904,142.72732543945312,38446000,0.0,0.0
2021-12-15 00:00:00-05:00,142.23342665334246,145.51827360710053,140.51661343560883,145.24057006835938,36370000,0.0,0.0
2021-12-16 00:00:00-05:00,145.96410864255435,146.46645697869997,142.42981251292935,143.26095581054688,33650000,0.0,0.0
2021-12-17 00:00:00-05:00,141.33188874138816,142.65545262972856,140.1417284945182,140.56324768066406,50416000,0.0,0.0
2021-12-20 00:00:00-05:00,138.85239100741393,140.61235063263806,138.17895606354023,140.4462127685547,27192000,0.0,0.0
2021-12-21 00:00:00-05:00,140.88905801007334,142.68968194664052,139.35077693447047,142.2964324951172,28756000,0.0,0.0
2021-12-22 00:00:00-05:00,141.89474965551238,145.2991078691126,141.89474965551238,145.2147979736328,26322000,0.0,0.0
2021-12-23 00:00:00-05:00,145.29909901208103,147.028306818594,145.25148836497797,145.71218872070312,26384000,0.0,0.0
2021-12-27 00:00:00-05:00,146.0488961608223,147.12797496363228,145.96310316847794,146.69406127929688,15976000,0.0,0.0
2021-12-28 00:00:00-05:00,147.02087190142421,147.08335898865232,144.85726596471994,145.4845733642578,18200000,0.0,0.0
2021-12-29 00:00:00-05:00,145.44242309096177,146.208597395199,144.45360165448406,145.4528350830078,17788000,0.0,0.0
2021-12-30 00:00:00-05:00,145.49151435657527,146.09254961389885,144.79775486353165,145.00205993652344,15688000,0.0,0.0
2021-12-31 00:00:00-05:00,144.85278953169095,145.49597213944008,143.66461181640625,143.66461181640625,18136000,0.0,0.0
2022-01-03 00:00:00-05:00,143.86594988262885,144.65543012836076,142.53495522830957,143.802978515625,28646000,0.0,0.0
2022-01-04 00:00:00-05:00,144.2041576289817,145.2842353697018,142.53843558316575,143.21583557128906,28400000,0.0,0.0
2022-01-05 00:00:00-05:00,143.23614798069272,143.3149946024937,136.55933735130031,136.64561462402344,54618000,0.0,0.0
2022-01-06 00:00:00-05:00,135.8754787528965,138.79286404298605,135.43908316933738,136.6183319091797,37348000,0.0,0.0
2022-01-07 00:00:00-05:00,137.01308839091683,137.31361360301065,134.6535916733449,135.8938446044922,29760000,0.0,0.0
2022-01-10 00:00:00-05:00,133.97072480010584,137.68155536055949,132.07291243739996,137.53277587890625,44408000,0.0,0.0
2022-01-11 00:00:00-05:00,136.87572990846158,139.06662188460535,135.57200624477076,138.59054565429688,28730000,0.0,0.0
2022-01-12 00:00:00-05:00,139.9929457226333,141.4390018146242,139.54118939726052,140.27114868164062,26108000,0.0,0.0
2022-01-13 00:00:00-05:00,140.37977039221903,141.67904485341882,137.27443890098434,137.45098876953125,31436000,0.0,0.0
2022-01-14 00:00:00-05:00,135.9553241572003,139.5883072001904,135.87549384235362,138.33714294433594,29662000,0.0,0.0
2022-01-18 00:00:00-05:00,135.05874499682633,136.00740156008052,134.32828625328975,134.88319396972656,34872000,0.0,0.0
2022-01-19 00:00:00-05:00,135.40439065709728,136.82862410530518,133.90875636510398,134.00892639160156,28648000,0.0,0.0
2022-01-20 00:00:00-05:00,135.1331212999803,136.49784887181025,131.8745463034307,132.21473693847656,29908000,0.0,0.0
2022-01-21 00:00:00-05:00,131.5066158303364,133.7599798995472,129.02016235439484,129.28298950195312,55652000,0.0,0.0
2022-01-24 00:00:00-05:00,124.94533645029941,130.1275124017033,123.47945498392451,129.73178100585938,76622000,0.0,0.0
2022-01-25 00:00:00-05:00,127.68468965184117,128.3382842647663,125.46354548795776,125.89447784423828,46960000,0.0,0.0
2022-01-26 00:00:00-05:00,130.04418655853962,131.9097642410679,126.09978210305361,128.17364501953125,49130000,0.0,0.0
2022-01-27 00:00:00-05:00,130.22766790037994,131.56510941651305,127.87560201075176,127.94751739501953,31950000,0.0,0.0
2022-01-28 00:00:00-05:00,128.59613680815025,132.2633368035548,127.43176448871137,132.25787353515625,34362000,0.0,0.0
2022-01-31 00:00:00-05:00,133.06225920242,134.3625173657848,131.1257647038749,134.19439697265625,39986000,0.0,0.0
2022-02-01 00:00:00-05:00,136.466592286511,136.66346669345492,133.2670388818161,136.51568603515625,68644000,0.0,0.0
2022-02-02 00:00:00-05:00,150.01017866907893,150.3042417927189,144.32963459516995,146.7868194580078,123200000,0.0,0.0
2022-02-03 00:00:00-05:00,144.5111067615448,148.44806509169965,141.49601822201203,141.9170379638672,71518000,0.0,0.0
2022-02-04 00:00:00-05:00,142.26864026795846,143.68741021845733,139.36315001999446,142.11837768554688,57998000,0.0,0.0
2022-02-07 00:00:00-05:00,143.06754453763955,143.06754453763955,137.76139385139092,138.0599365234375,54974000,0.0,0.0
2022-02-08 00:00:00-05:00,137.88685780823388,138.85237322389543,135.89085796988192,138.2563018798828,54284000,0.0,0.0
2022-02-09 00:00:00-05:00,139.80799308806806,141.35620183871598,139.03785374463664,140.43133544921875,40144000,0.0,0.0
2022-02-10 00:00:00-05:00,138.55830248421256,140.3246936120616,136.82611353380625,137.48367309570312,39330000,0.0,0.0
2022-02-11 00:00:00-05:00,137.46387619119915,138.01580259283259,132.30648944702975,133.1817626953125,39958000,0.0,0.0
2022-02-14 00:00:00-05:00,132.16415735662878,135.18271167288583,132.16415735662878,134.41505432128906,34302000,0.0,0.0
2022-02-15 00:00:00-05:00,136.4427979327925,136.9763973849014,134.7081419187358,135.4886932373047,26680000,0.0,0.0
2022-02-16 00:00:00-05:00,135.52638804007637,136.9540871557712,133.81800399557383,136.60894775390625,25022000,0.0,0.0
2022-02-17 00:00:00-05:00,135.12617731893766,135.98954027468156,131.39254001045595,131.45254516601562,38950000,0.0,0.0
2022-02-18 00:00:00-05:00,132.37292423632954,132.97099324127743,129.1292409403073,129.33404541015625,45620000,0.0,0.0
2022-02-22 00:00:00-05:00,128.77369451228557,131.09699145275212,127.17242689104972,128.74940490722656,44990000,0.0,0.0
2022-02-23 00:00:00-05:00,130.56934576146136,130.9685427450542,126.48212435927555,126.54212951660156,32786000,0.0,0.0
2022-02-24 00:00:00-05:00,123.92923223959937,131.90977476291786,123.92923223959937,131.60330200195312,54456000,0.0,0.0
2022-02-25 00:00:00-05:00,132.4572527893111,134.16265544616002,130.67150526556998,133.35731506347656,36406000,0.0,0.0
2022-02-28 00:00:00-05:00,131.95935360321266,134.6387009971114,131.5055996259116,133.9499053955078,38864000,0.0,0.0
2022-03-01 00:00:00-05:00,133.77287444721637,135.13858587625842,132.1264932248051,132.9625701904297,26496000,0.0,0.0
2022-03-02 00:00:00-05:00,133.52443917740345,134.15372912259033,131.9806947822643,133.46839904785156,23520000,0.0,0.0
2022-03-03 00:00:00-05:00,134.8950837847723,135.32106741558047,131.93505144439177,132.80189514160156,24604000,0.0,0.0
2022-03-04 00:00:00-05:00,131.83788309122372,132.75430495921202,129.26910212432648,130.8252410888672,30430000,0.0,0.0
2022-03-07 00:00:00-05:00,130.41017325885227,130.65514261832865,125.25973295853518,125.3425521850586,45112000,0.0,0.0
2022-03-08 00:00:00-05:00,125.21510386863837,130.1741178832379,124.64432087127925,126.0625991821289,40428000,0.0,0.0
2022-03-09 00:00:00-05:00,130.17409924594682,132.63922887603567,128.83565901257037,132.32630920410156,37026000,0.0,0.0
2022-03-10 00:00:00-05:00,130.19000303239358,132.17955633727135,129.83940035172492,131.34396362304688,27102000,0.0,0.0
2022-03-11 00:00:00-05:00,132.39426221843516,132.698752456179,128.56888416798853,128.80592346191406,31526000,0.0,0.0
2022-03-14 00:00:00-04:00,129.18232020379136,129.34001346575886,124.2481025769408,124.9185562133789,38812000,0.0,0.0
2022-03-15 00:00:00-04:00,125.93513042039176,128.79004377353704,124.68992141435149,128.138916015625,30920000,0.0,0.0
2022-03-16 00:00:00-04:00,129.66136979641874,132.24004824775446,127.6792471066061,132.18798828125,35576000,0.0,0.0
2022-03-17 00:00:00-04:00,132.05755123913005,132.98141880336502,131.10144887364655,132.7418975830078,28264000,0.0,0.0
2022-03-18 00:00:00-04:00,132.33078043484574,135.1271719338952,131.17433810969047,135.0096435546875,44566000,0.0,0.0
2022-03-21 00:00:00-04:00,135.04735863307442,135.92659703128163,132.99333557553928,134.98587036132812,26832000,0.0,0.0
2022-03-22 00:00:00-04:00,134.9858461376951,139.89378371835335,134.9858461376951,138.72146606445312,35496000,0.0,0.0
2022-03-23 00:00:00-04:00,137.56551524552734,138.44425402347676,136.70513365586095,137.1420135498047,25154000,0.0,0.0
2022-03-24 00:00:00-04:00,138.058933800913,140.458110844999,136.62132231474047,140.4114990234375,26396000,0.0,0.0
2022-03-25 00:00:00-04:00,140.7526772850465,140.87070507937713,138.59203769066454,140.5116729736328,24126000,0.0,0.0
2022-03-28 00:00:00-04:00,139.74550107592432,140.83847267217368,138.66542339972597,140.29595947265625,35050000,0.0,0.0
2022-03-29 00:00:00-04:00,141.47820601311636,142.6148082235357,140.87418935059165,141.3373565673828,34318000,0.0,0.0
2022-03-30 00:00:00-04:00,141.29221863890226,141.55058130392723,140.43926771554987,140.77499389648438,19884000,0.0,0.0
2022-03-31 00:00:00-04:00,140.88855215145054,140.9431091731122,137.88488921822,137.9275360107422,37524000,0.0,0.0
2022-04-01 00:00:00-04:00,138.35645243068979,139.3194857828398,137.17372307519005,139.00161743164062,25942000,0.0,0.0
2022-04-04 00:00:00-04:00,139.20795791982718,142.53396895874045,139.16034726925992,141.79953002929688,25942000,0.0,0.0
2022-04-05 00:00:00-04:00,141.69786404034355,141.81835862566132,139.23175060773136,139.43853759765625,21418000,0.0,0.0
2022-04-06 00:00:00-04:00,137.61261036383607,138.21810996580516,134.40611087205892,135.4286651611328,32468000,0.0,0.0
2022-04-07 00:00:00-04:00,134.89507649085877,136.04012309209003,133.12718701050363,134.7745819091797,26234000,0.0,0.0
2022-04-08 00:00:00-04:00,134.47208496943966,134.5578779659387,131.87554910979466,132.19491577148438,25142000,0.0,0.0
2022-04-11 00:00:00-04:00,130.7429256647374,131.0097178490168,127.61378885750443,127.76751708984375,36884000,0.0,0.0
2022-04-12 00:00:00-04:00,130.52125019058332,130.52125019058332,125.7496824779024,126.66759490966797,32710000,0.0,0.0
2022-04-13 00:00:00-04:00,126.95075200878496,129.26561926423614,126.6938724329844,128.8292236328125,27928000,0.0,0.0
2022-04-14 00:00:00-04:00,129.40994617629295,129.40994617629295,125.56322941407538,125.69117736816406,31598000,0.0,0.0
2022-04-18 00:00:00-04:00,125.95893751791924,127.16149218680218,125.14764215703212,126.62989044189453,20808000,0.0,0.0
2022-04-19 00:00:00-04:00,126.64474545051644,129.26458652140047,125.95841679578997,128.94325256347656,26490000,0.0,0.0
2022-04-20 00:00:00-04:00,129.81903608864377,130.32188380595926,126.45484305695865,126.99040985107422,31696000,0.0,0.0
2022-04-21 00:00:00-04:00,128.1905088826277,129.0320490590413,123.50572537982224,123.79136657714844,36446000,0.0,0.0
2022-04-22 00:00:00-04:00,123.97534345046293,124.37404857874347,117.95014478551222,118.65481567382812,56884000,0.0,0.0
2022-04-25 00:00:00-04:00,118.1247001432462,122.26696285548644,117.53954013860086,122.06513214111328,46128000,0.0,0.0
2022-04-26 00:00:00-04:00,121.29202455748772,121.50575793064277,117.53953815889362,117.67739868164062,73054000,0.0,0.0
2022-04-27 00:00:00-04:00,113.53116592670582,116.2809382238553,111.81237758233146,113.35760498046875,91820000,0.0,0.0
2022-04-28 00:00:00-04:00,115.46071897101857,118.66870208583143,113.17956960106591,117.55094146728516,48884000,0.0,0.0
2022-04-29 00:00:00-04:00,115.77759257193108,116.95337579484945,112.88153042406998,113.17411041259766,42676000,0.0,0.0
2022-05-02 00:00:00-04:00,112.47538421530977,115.78850102043891,111.67698273748518,115.62733459472656,35534000,0.0,0.0
2022-05-03 00:00:00-04:00,115.4760799985851,117.47109620573961,115.08333000535104,116.37217712402344,24968000,0.0,0.0
2022-05-04 00:00:00-04:00,116.07217173392031,121.84743753057185,114.17236904181686,121.25880432128906,49916000,0.0,0.0
2022-05-05 00:00:00-04:00,119.21866011890872,120.04681450711568,114.06277194925556,115.55047607421875,45840000,0.0,0.0
2022-05-06 00:00:00-04:00,114.24030932144473,116.60774359414943,113.08089313905965,114.79769897460938,39710000,0.0,0.0
2022-05-09 00:00:00-04:00,112.32164753785878,114.13367438835873,111.08239366611014,111.58870697021484,40802000,0.0,0.0
2022-05-10 00:00:00-04:00,114.5606667108094,115.29708062521888,111.9750344564831,113.45728302001953,39900000,0.0,0.0
2022-05-11 00:00:00-04:00,112.30827513659509,115.41063248936665,112.30827513659509,112.67127227783203,37534000,0.0,0.0
2022-05-12 00:00:00-04:00,110.4645054940696,113.35808557765253,108.92423453859938,111.91898345947266,53836000,0.0,0.0
2022-05-13 00:00:00-04:00,113.59415757400978,116.90876567807538,112.67377066649176,115.0992202758789,35038000,0.0,0.0
2022-05-16 00:00:00-04:00,114.0131798264507,115.21772470104247,112.95592377559407,113.50686645507812,25990000,0.0,0.0
2022-05-17 00:00:00-04:00,115.88272969753332,115.94174359590812,113.92838521355479,115.51824188232422,23054000,0.0,0.0
2022-05-18 00:00:00-04:00,114.05731760057398,114.45404021864253,110.64104923458649,110.98223114013672,35126000,0.0,0.0
2022-05-19 00:00:00-04:00,110.51807817312684,112.08363775970766,109.09830918068056,109.47916412353516,34144000,0.0,0.0
2022-05-20 00:00:00-04:00,111.03331404707964,111.26391395378205,104.92926830668526,108.0152587890625,48962000,0.0,0.0
2022-05-23 00:00:00-04:00,108.6891932186079,111.2282060203502,107.84962795327247,110.57411193847656,37184000,0.0,0.0
2022-05-24 00:00:00-04:00,104.90495862013972,105.58583172037198,101.04932107319485,105.10133361816406,76780000,0.0,0.0
2022-05-25 00:00:00-04:00,104.12490462445021,105.62699334651613,103.0051614939558,104.93769073486328,40258000,0.0,0.0
2022-05-26 00:00:00-04:00,104.81075232503436,107.75888237900973,104.36245398374581,106.9089126586914,37948000,0.0,0.0
2022-05-27 00:00:00-04:00,108.58555116701476,111.39731128813119,108.24386982480868,111.39582061767578,37914000,0.0,0.0
2022-05-31 00:00:00-04:00,111.82228915461961,114.78629421531303,111.15976563053904,112.8294677734375,50012000,0.0,0.0
2022-06-01 00:00:00-04:00,113.91351567650608,116.14159882441551,112.32166882859197,112.95840454101562,36606000,0.0,0.0
2022-06-02 00:00:00-04:00,113.06550709942832,116.933039706465,112.0206456249851,116.65830993652344,37992000,0.0,0.0
2022-06-03 00:00:00-04:00,115.11110111753601,115.36798068092384,112.5879563145143,113.6020736694336,26136000,0.0,0.0
2022-06-06 00:00:00-04:00,115.74783813274163,118.3686786203438,115.21177191367441,115.8628921508789,33542000,0.0,0.0
2022-06-07 00:00:00-04:00,114.53386869403015,116.726251121794,114.10888390906136,116.1891860961914,31590000,0.0,0.0
2022-06-08 00:00:00-04:00,115.80436476547463,117.5985414825902,115.64418960311157,116.23332214355469,26108000,0.0,0.0
2022-06-09 00:00:00-04:00,115.37392377581374,117.32926690453378,113.83514351672737,113.89415740966797,25798000,0.0,0.0
2022-06-10 00:00:00-04:00,111.52325408711977,112.35041717414056,109.46129391687555,110.25027465820312,41452000,0.0,0.0
2022-06-13 00:00:00-04:00,105.91114561990199,107.89970745137141,105.24912150780392,105.52037811279297,47252000,0.0,0.0
2022-06-14 00:00:00-04:00,105.66171211229965,107.03981794977923,104.93273646839161,105.84072875976562,33706000,0.0,0.0
2022-06-15 00:00:00-04:00,107.65522217666569,110.5101281231061,106.78690296928498,108.86473083496094,39698000,0.0,0.0
2022-06-16 00:00:00-04:00,106.34208771365974,107.75788407901256,104.27616231851945,105.16432189941406,51684000,0.0,0.0
2022-06-17 00:00:00-04:00,105.16431896946578,107.80846549966309,104.18491071395393,106.26522064208984,51376000,0.0,0.0
2022-06-21 00:00:00-04:00,108.03658348672354,111.567406717593,107.70978614823225,110.62965393066406,47416000,0.0,0.0
2022-06-22 00:00:00-04:00,109.6502478770662,112.41737098859431,109.47767062090766,110.57361602783203,30774000,0.0,0.0
2022-06-23 00:00:00-04:00,111.3115255677313,111.81833842202387,109.59471953521059,111.32193756103516,28362000,0.0,0.0
2022-06-24 00:00:00-04:00,112.06875352459626,117.1110783002862,112.02659857865726,117.00792694091797,41164000,0.0,0.0
2022-06-27 00:00:00-04:00,117.30348914348141,117.60747238809732,114.23534152789627,114.88398742675781,36420000,0.0,0.0
2022-06-28 00:00:00-04:00,114.85323751449626,116.34788803372125,110.9311551773519,111.08934783935547,35792000,0.0,0.0
2022-06-29 00:00:00-04:00,110.63758563635704,112.23289804690751,109.96365128893204,110.78585815429688,24716000,0.0,0.0
2022-06-30 00:00:00-04:00,109.09830333262894,109.97902466562923,105.87494437052855,108.0698013305664,43170000,0.0,0.0
2022-07-01 00:00:00-04:00,107.0482435979797,108.35444913580423,105.85560141078064,107.84615325927734,35476000,0.0,0.0
2022-07-05 00:00:00-04:00,106.22257357959492,112.4476205204141,104.8647923311928,112.33455657958984,39342000,0.0,0.0
2022-07-06 00:00:00-04:00,112.37324154606672,114.64198891272858,110.5622056578975,113.63282775878906,37432000,0.0,0.0
2022-07-07 00:00:00-04:00,114.13666975081995,118.2124805128393,113.89219223353552,117.80931091308594,40936000,0.0,0.0
2022-07-08 00:00:00-04:00,116.28887225514453,118.70390952621402,115.94322591003493,118.37512969970703,38238000,0.0,0.0
2022-07-11 00:00:00-04:00,117.03074427714583,117.03074427714583,114.38510706026808,114.728271484375,31196000,0.0,0.0
2022-07-12 00:00:00-04:00,115.26236105063236,116.01514205426072,112.75806498456316,113.08585357666016,29960000,0.0,0.0
2022-07-13 00:00:00-04:00,110.78535950872107,113.25991018567453,110.28995752777116,110.44071197509766,43722000,0.0,0.0
2022-07-14 00:00:00-04:00,109.30708070983803,110.18234634307093,107.48464162453597,109.4627914428711,37004000,0.0,0.0
2022-07-15 00:00:00-04:00,111.08241574521796,112.2130703596854,109.99093473931617,110.86123657226562,46770000,0.0,0.0
2022-07-18 00:00:00-04:00,111.71666191412223,112.74813768915693,107.48166747224792,108.1362533569336,43164600,0.0,20.0
2022-07-19 00:00:00-04:00,109.94132492872627,113.08533759009629,108.66189857090403,112.87705993652344,36530900,0.0,0.0
2022-07-20 00:00:00-04:00,112.24231216588865,114.45403556404811,111.55797343357686,112.9663314819336,35600400,0.0,0.0
2022-07-21 00:00:00-04:00,113.34322710024298,113.61101810390477,110.19921392026373,113.4027328491211,32676200,0.0,0.0
2022-07-22 00:00:00-04:00,110.09010519867219,111.41911725096242,105.62699282575305,107.01551818847656,48901200,0.0,0.0
2022-07-25 00:00:00-04:00,107.52133950136387,108.9693706048637,105.4286350985414,106.62871551513672,34690900,0.0,0.0
2022-07-26 00:00:00-04:00,105.72616877091382,106.32124889141323,103.2169090921242,104.15911865234375,47991000,0.0,0.0
2022-07-27 00:00:00-04:00,108.36437830874573,112.97626293838638,107.12462478286679,112.13322448730469,59858500,0.0,0.0
2022-07-28 00:00:00-04:00,111.448895683704,113.40274105959543,110.54635140381342,113.28372955322266,32816600,0.0,0.0
2022-07-29 00:00:00-04:00,112.15306191622032,115.7533033393372,112.13322162287426,115.36650085449219,37223400,0.0,0.0
2022-08-01 00:00:00-04:00,114.35486029276694,115.76321838407448,113.4027229923445,113.91846466064453,26034300,0.0,0.0
2022-08-02 00:00:00-04:00,113.06550683255934,115.39624164424568,112.78780328963215,114.18624114990234,20236000,0.0,0.0
2022-08-03 00:00:00-04:00,114.76150045832908,117.64765022278551,114.53339005300344,117.11207580566406,28499000,0.0,0.0
2022-08-04 00:00:00-04:00,116.51698947915064,117.80632850385459,115.93182192650802,117.2211685180664,21602900,0.0,0.0
2022-08-05 00:00:00-04:00,115.27723913427396,117.1418256153438,115.04912116805919,116.50707244873047,19159500,0.0,0.0
2022-08-08 00:00:00-04:00,117.41953186952958,119.16510690112827,115.92190753578308,116.33847045898438,19138300,0.0,0.0
2022-08-09 00:00:00-04:00,116.1797640458468,116.35828882894792,114.76148592644728,115.67394256591797,19086500,0.0,0.0
2022-08-10 00:00:00-04:00,117.80633141765588,119.92878873304059,117.43936923676468,118.71878814697266,30930400,0.0,0.0
2022-08-11 00:00:00-04:00,120.28583826796728,120.49411594083621,117.58813353334271,117.86583709716797,24293700,0.0,0.0
2022-08-12 00:00:00-04:00,119.27420563607838,120.68256378173828,118.48076037738996,120.68256378173828,19096300,0.0,0.0
2022-08-15 00:00:00-04:00,120.13705992096004,121.29747484616601,119.62132583953287,121.07927703857422,19494800,0.0,0.0
2022-08-16 00:00:00-04:00,120.52386016096523,121.42640424546009,119.65107651347627,120.70238494873047,19041200,0.0,0.0
2022-08-17 00:00:00-04:00,119.13535751738875,120.2957650012785,118.40141798211481,118.57003021240234,22847000,0.0,0.0
2022-08-18 00:00:00-04:00,118.45101976045581,119.82962517575808,117.74684061476479,119.18495178222656,17987700,0.0,0.0
2022-08-19 00:00:00-04:00,118.08404022953236,118.17330641726673,115.80289830486177,116.24920654296875,21809500,0.0,0.0
2022-08-22 00:00:00-04:00,114.25568820182478,114.68216374085563,112.9167558336111,113.30355834960938,21456600,0.0,0.0
2022-08-23 00:00:00-04:00,112.54976871581908,114.06722556858034,112.50017555628484,112.92665100097656,15870400,0.0,0.0
2022-08-24 00:00:00-04:00,112.5696116974473,113.83911800192885,111.94477869138811,112.758056640625,17734600,0.0,0.0
2022-08-25 00:00:00-04:00,113.30353847884851,115.76321250751124,113.17460685174579,115.69378662109375,16956800,0.0,0.0
2022-08-26 00:00:00-04:00,113.77961742600252,114.17634005588431,109.28675199221415,109.43551635742188,37245700,0.0,0.0
2022-08-29 00:00:00-04:00,109.08837563086466,110.04050530416411,107.90813557656172,108.5230484008789,21191200,0.0,0.0
2022-08-30 00:00:00-04:00,109.26691024996742,109.59420698279374,106.91634250859858,108.0469970703125,27513300,0.0,0.0
2022-08-31 00:00:00-04:00,109.74298212503663,109.94133965972561,107.24363481356808,107.33290100097656,28627000,0.0,0.0
2022-09-01 00:00:00-04:00,107.39240764031874,109.5446179336816,106.47995086620014,108.84043884277344,28360900,0.0,0.0
2022-09-02 00:00:00-04:00,109.6834567691589,109.83222868726963,106.38075953474187,106.9659194946289,24160700,0.0,0.0
2022-09-06 00:00:00-04:00,106.42043703294185,107.14444879573196,104.91289263064388,105.9344482421875,25068300,0.0,0.0
2022-09-07 00:00:00-04:00,106.18240264265648,109.07847249571734,106.02371813346193,108.55281066894531,23167000,0.0,0.0
2022-09-08 00:00:00-04:00,107.15436785234293,108.70157768967908,106.28158417405022,107.4915771484375,24238300,0.0,0.0
2022-09-09 00:00:00-04:00,108.17593072235994,110.08019027578453,108.12633755578807,109.74298095703125,23197700,0.0,0.0
2022-09-12 00:00:00-04:00,110.08019507284304,110.70503570471661,109.02888648402806,109.95126342773438,22966800,0.0,0.0
2022-09-13 00:00:00-04:00,106.91634367306543,107.4122450675289,103.2367486673143,103.4648666381836,38172900,0.0,0.0
2022-09-14 00:00:00-04:00,103.71280676810338,104.41698576847003,102.81027025690392,104.1392822265625,26395100,0.0,0.0
2022-09-15 00:00:00-04:00,103.17724342441045,104.40707676995653,101.51101442821535,102.0664291381836,34188300,0.0,0.0
2022-09-16 00:00:00-04:00,101.23330943767259,102.28461796293107,100.11257502049808,101.95732879638672,42797200,0.0,0.0
2022-09-19 00:00:00-04:00,100.91593353936474,102.48298375828159,100.71757600878111,102.22511291503906,23036800,0.0,0.0
2022-09-20 00:00:00-04:00,101.24323304040989,101.5308567644108,99.69601550554796,100.3109359741211,26517100,0.0,0.0
2022-09-21 00:00:00-04:00,100.83659474851395,102.03667529857252,98.45626637613883,98.4661865234375,31487300,0.0,0.0
2022-09-22 00:00:00-04:00,98.00995810364019,100.41011920343463,97.98020522860348,99.31913757324219,34298600,0.0,0.0
2022-09-23 00:00:00-04:00,98.81330688401681,98.84306732316416,96.67101684353818,97.93060302734375,31625400,0.0,0.0
2022-09-26 00:00:00-04:00,97.29585425726316,99.06126205035565,96.99831795404086,97.36528015136719,27072700,0.0,0.0
2022-09-27 00:00:00-04:00,98.61493933481309,99.18026655148238,96.07592693248836,96.70075988769531,30072800,0.0,0.0
2022-09-28 00:00:00-04:00,96.84953796570939,99.87453174796886,96.31396358421772,99.22986602783203,32466300,0.0,0.0
2022-09-29 00:00:00-04:00,97.83142237621783,97.83142237621783,95.17339071110857,96.62142181396484,31047200,0.0,0.0
2022-09-30 00:00:00-04:00,96.25446166796625,98.08929527552542,94.77667009540615,94.86593627929688,32941500,0.0,0.0
2022-10-03 00:00:00-04:00,95.9668494539462,98.47610954707449,95.72881131295725,97.83143615722656,27982000,0.0,0.0
2022-10-04 00:00:00-04:00,99.61666354191142,101.00518123961032,99.5571502356858,100.80682373046875,28850800,0.0,0.0
2022-10-05 00:00:00-04:00,99.0116735801322,101.09445790974014,97.99011792498692,100.59855651855469,22176900,0.0,0.0
2022-10-06 00:00:00-04:00,99.85469877759263,102.08625491156727,99.76543259746941,100.58863067626953,22324000,0.0,0.0
2022-10-07 00:00:00-04:00,99.03150884851111,99.7059350605101,97.49421903648668,97.87110137939453,27502800,0.0,0.0
2022-10-10 00:00:00-04:00,98.18847777441846,98.2876565416277,96.21479230959145,97.05782318115234,18225100,0.0,0.0
2022-10-11 00:00:00-04:00,96.6313430235072,98.43642374055914,95.52052121037734,96.38339233398438,26507100,0.0,0.0
2022-10-12 00:00:00-04:00,96.50241351977157,97.94052452401523,95.94699881751596,96.7602767944336,21876400,0.0,0.0
2022-10-13 00:00:00-04:00,94.37004071240933,98.96208508756953,93.60634829648116,98.24798583984375,34574500,0.0,0.0
2022-10-14 00:00:00-04:00,99.17036238714927,99.86462890500115,95.58004100220128,95.76847839355469,25410700,0.0,0.0
2022-10-17 00:00:00-04:00,98.04962623156622,100.10265774202443,98.0198733580147,99.15052795410156,28419200,0.0,0.0
2022-10-18 00:00:00-04:00,102.28460943852185,102.62182629033514,99.15051685012314,99.94395446777344,24060700,0.0,0.0
2022-10-19 00:00:00-04:00,99.19019095829994,100.19190624537119,98.10912207167954,98.81330108642578,23811100,0.0,0.0
2022-10-20 00:00:00-04:00,99.18028082765306,101.48126304018042,98.57528050925599,99.15052795410156,25323200,0.0,0.0
2022-10-21 00:00:00-04:00,97.04789829825931,100.47953493084219,96.9189666638649,100.30101013183594,32458700,0.0,0.0
2022-10-24 00:00:00-04:00,100.96551203023846,101.90772151384398,99.1604315236163,101.67960357666016,27176400,0.0,0.0
2022-10-25 00:00:00-04:00,102.05650031802847,103.9607597041695,101.87797552764937,103.62355041503906,40611400,0.0,0.0
2022-10-26 00:00:00-04:00,95.63954441159298,97.50413095357072,93.91380965641918,94.15184020996094,88114100,0.0,0.0
2022-10-27 00:00:00-04:00,93.74519988449306,94.64774408921001,91.04750255104241,91.46405792236328,60710900,0.0,0.0
2022-10-28 00:00:00-04:00,91.51363539732378,95.75855747636481,91.37478361921333,95.50068664550781,43697300,0.0,0.0
2022-10-31 00:00:00-04:00,94.63782719623836,95.24282754689693,93.2096362216236,93.73529052734375,31675000,0.0,0.0
2022-11-01 00:00:00-04:00,94.66758297619046,95.24283046936205,89.62923003768798,89.72840881347656,47161400,0.0,0.0
2022-11-02 00:00:00-04:00,90.19455387405776,90.43258444006051,86.16782914537849,86.25709533691406,57038300,0.0,0.0
2022-11-03 00:00:00-04:00,85.61241063994241,85.81076815755338,82.6568351996716,82.74610137939453,61288000,0.0,0.0
2022-11-04 00:00:00-04:00,84.69994994578491,85.92978314388307,83.02380100389072,85.87027740478516,51124900,0.0,0.0
2022-11-07 00:00:00-05:00,86.56455262317961,88.17127598440243,86.13807708965564,87.76463317871094,34078900,0.0,0.0
2022-11-08 00:00:00-05:00,88.17127990722656,89.57963821850713,86.87201295416122,88.17127990722656,30429000,0.0,0.0
2022-11-09 00:00:00-05:00,87.72495193475426,88.70684212468586,86.56454451049467,86.60421752929688,31769100,0.0,0.0
2022-11-10 00:00:00-05:00,91.49378834594991,93.61624526971096,90.85903529773277,93.16993713378906,51620100,0.0,0.0
2022-11-11 00:00:00-05:00,93.91380328731896,96.1354392923686,93.15011094483498,95.61970520019531,33090500,0.0,0.0
2022-11-14 00:00:00-05:00,94.31051185350877,95.99658092538591,93.73527205818615,94.91551208496094,30179500,0.0,0.0
2022-11-15 00:00:00-05:00,97.4545394739204,99.31912590340235,95.91724219824151,97.63306427001953,41640800,0.0,0.0
2022-11-16 00:00:00-05:00,97.09747864197374,98.82321309326261,96.83960784038001,98.03968811035156,29105200,0.0,0.0
2022-11-17 00:00:00-05:00,96.17512087878868,98.46618297666177,95.99659606811966,97.55372619628906,26052600,0.0,0.0
2022-11-18 00:00:00-05:00,97.96035204939338,98.0892912467336,95.58003155727448,96.63134002685547,28342300,0.0,0.0
2022-11-21 00:00:00-05:00,96.49249435141179,97.5933960537091,94.57831466395251,94.81634521484375,21647400,0.0,0.0
2022-11-22 00:00:00-05:00,95.16347408012261,96.42306785300386,93.27905484436155,96.25446319580078,23438500,0.0,0.0
2022-11-23 00:00:00-05:00,96.29412816473291,97.95044455619234,96.29412816473291,97.65290069580078,18868100,0.0,0.0
2022-11-25 00:00:00-05:00,97.43469190584294,97.83141448608896,96.60158129749476,96.66108703613281,9701400,0.0,0.0
2022-11-28 00:00:00-05:00,96.24453976932135,96.78011416235111,94.82626153412802,95.26265716552734,26237500,0.0,0.0
2022-11-29 00:00:00-05:00,94.94528818097686,95.33209067906634,93.33856487339783,94.40971374511719,20061700,0.0,0.0
2022-11-30 00:00:00-05:00,94.04274131301841,100.21175594756679,93.64601867914251,100.16216278076172,43647500,0.0,0.0
2022-12-01 00:00:00-05:00,100.19191565410281,101.4118364290716,99.42823082654697,100.16216278076172,28687100,0.0,0.0
2022-12-02 00:00:00-05:00,98.23807103454332,99.94396550598155,98.08929910016103,99.6166763305664,21480700,0.0,0.0
2022-12-05 00:00:00-05:00,98.58518949074,100.54895459128153,98.18846689898945,98.66453552246094,24405100,0.0,0.0
2022-12-06 00:00:00-05:00,98.48600219929273,98.96206321465264,95.62960583971956,96.18502044677734,24910700,0.0,0.0
2022-12-07 00:00:00-05:00,95.6197019736811,96.08584288669229,93.94355298868143,94.16175079345703,31045400,0.0,0.0
2022-12-08 00:00:00-05:00,94.59814224941029,94.79650733675184,92.6839626659769,92.94183349609375,32213300,0.0,0.0
2022-12-09 00:00:00-05:00,93.0013431152763,93.48733192437892,91.98970761165849,92.06905364990234,28225400,0.0,0.0
2022-12-12 00:00:00-05:00,91.9500324704772,92.79306329851202,90.85905095379364,92.54511260986328,29420000,0.0,0.0
2022-12-13 00:00:00-05:00,96.95862907976988,98.71411643899029,94.25100451872916,94.84608459472656,40593700,0.0,0.0
2022-12-14 00:00:00-05:00,94.4196191950435,96.07593554575189,92.83273630132557,94.29068756103516,28733600,0.0,0.0
2022-12-15 00:00:00-05:00,92.36658508509045,92.87240659372344,89.27216542487523,90.11519622802734,40107000,0.0,0.0
2022-12-16 00:00:00-05:00,90.01602009048204,90.58134735770545,88.786179227131,89.5201187133789,58011800,0.0,0.0
2022-12-19 00:00:00-05:00,89.52012290883614,89.81765920892968,87.48692414068339,87.71504211425781,29493000,0.0,0.0
2022-12-20 00:00:00-05:00,87.38774657684024,88.44897528550977,86.72324050727767,88.290283203125,23453800,0.0,0.0
2022-12-21 00:00:00-05:00,88.349786515183,89.48044099017838,87.59601434290138,88.84568786621094,24745600,0.0,0.0
2022-12-22 00:00:00-05:00,87.43734154375588,87.8142238968935,85.61242039304902,87.04061889648438,27658300,0.0,0.0
2022-12-23 00:00:00-05:00,86.39592615313117,88.8159269482654,86.3562531406212,88.49855041503906,23003000,0.0,0.0
2022-12-27 00:00:00-05:00,88.07209058240402,88.21094236734609,86.29676268423916,86.67364501953125,20097300,0.0,0.0
2022-12-28 00:00:00-05:00,86.2670023652313,87.31831080815121,85.23552664693922,85.31486511230469,19523200,0.0,0.0
2022-12-29 00:00:00-05:00,85.9099593646084,88.12167532237186,85.9000392181079,87.7249526977539,23333500,0.0,0.0
2022-12-30 00:00:00-05:00,86.26701373187004,87.57619316857544,85.8603709383056,87.50676727294922,23986300,0.0,0.0
2023-01-03 00:00:00-05:00,88.85561394606133,90.30365276991351,87.7943851962897,88.38947296142578,28131200,0.0,0.0
2023-01-04 00:00:00-05:00,89.60938314842804,89.90692702075431,86.55462865105089,87.35799407958984,34854800,0.0,0.0
2023-01-05 00:00:00-05:00,86.75298665837843,86.85216541875592,85.19585666320351,85.49339294433594,27194400,0.0,0.0
2023-01-06 00:00:00-05:00,86.07854420461975,86.9711680128047,84.16436498084374,86.62403106689453,41381500,0.0,0.0
2023-01-09 00:00:00-05:00,87.6357017109346,89.31185097330206,87.13980027869384,87.2984848022461,29003900,0.0,0.0
2023-01-10 00:00:00-05:00,85.2752044746708,87.94314874861813,85.12643254757823,87.69519805908203,30467800,0.0,0.0
2023-01-11 00:00:00-05:00,88.44897568545483,90.84913669096524,88.28037102229985,90.76979064941406,26862000,0.0,0.0
2023-01-12 00:00:00-05:00,90.73010969806401,91.11691212598826,89.01428778515732,90.38297271728516,30258100,0.0,0.0
2023-01-13 00:00:00-05:00,90.10528201196577,91.43430168612433,89.39118279204233,91.36487579345703,26329200,0.0,0.0
2023-01-17 00:00:00-05:00,91.30535652243567,91.49380146174484,89.3118384915669,90.54167175292969,32602400,0.0,0.0
2023-01-18 00:00:00-05:00,91.38470524390696,92.0392986943226,89.89700111134908,90.3730697631836,29116700,0.0,0.0
2023-01-19 00:00:00-05:00,89.9763594126032,92.84266916002713,89.88709321771738,92.28726196289062,37000400,0.0,0.0
2023-01-20 00:00:00-05:00,94.3204372009586,97.49421044649547,94.24109116727796,97.21649932861328,63191100,0.0,0.0
2023-01-23 00:00:00-05:00,97.14707158711535,99.2199431680557,96.70076339817312,98.97199249267578,40005100,0.0,0.0
2023-01-24 00:00:00-05:00,97.29585441335684,98.79347877926642,96.40323036854797,96.89913177490234,33078500,0.0,0.0
2023-01-25 00:00:00-05:00,94.78657489485524,95.37174236803631,92.9914145966969,94.43944549560547,42330000,0.0,0.0
2023-01-26 00:00:00-05:00,95.70896843494373,96.77019710869844,94.59814659536165,96.7206039428711,30114000,0.0,0.0
2023-01-27 00:00:00-05:00,96.5123165113975,99.49764470130867,96.5123165113975,98.55543518066406,33879800,0.0,0.0
2023-01-30 00:00:00-05:00,96.68093725731849,97.48429507886306,95.60978845068932,96.1453628540039,27226200,0.0,0.0
2023-01-31 00:00:00-05:00,96.07593999568378,98.0694581762873,96.02634682892345,98.02978515625,29870700,0.0,0.0
2023-02-01 00:00:00-05:00,97.90084104880061,100.36051500989419,96.78010675117609,99.60674285888672,35531100,0.0,0.0
2023-02-02 00:00:00-05:00,104.93274207361436,106.9659333278878,104.74429711518005,106.8568344116211,69883800,0.0,0.0
2023-02-03 00:00:00-05:00,102.08625562934304,106.92625024321528,101.73912618609937,103.92108917236328,65309300,0.0,0.0
2023-02-06 00:00:00-05:00,101.56059433437012,103.5045266483121,101.04485271151285,102.0564956665039,31999600,0.0,0.0
2023-02-07 00:00:00-05:00,102.3738930595634,107.29323436787847,102.27471428631476,106.75765991210938,49010200,0.0,0.0
2023-02-08 00:00:00-05:00,101.21346666964877,102.29452796034936,97.23633579827843,98.55543518066406,94743500,0.0,0.0
2023-02-09 00:00:00-05:00,99.18027172399981,99.21002459482034,92.8624856911135,94.2311782836914,119455000,0.0,0.0
2023-02-10 00:00:00-05:00,94.66757593087634,95.95692262073939,93.47741557627583,93.79479217529297,54980700,0.0,0.0
2023-02-13 00:00:00-05:00,93.96338902898977,94.4196173792314,93.07076505379771,93.83445739746094,50076100,0.0,0.0
2023-02-14 00:00:00-05:00,93.65593419962755,94.0724895395363,91.50372404324449,93.90388488769531,54726100,0.0,0.0
2023-02-15 00:00:00-05:00,93.7154415296958,96.32388765510876,93.37823222030585,96.1453628540039,50169000,0.0,0.0
2023-02-16 00:00:00-05:00,94.58822190312343,96.87928361409492,93.96338138787394,94.7270736694336,42462600,0.0,0.0
2023-02-17 00:00:00-05:00,94.07248521564689,94.77666422937034,92.44592938203277,93.57658386230469,34284100,0.0,0.0
2023-02-21 00:00:00-05:00,92.23764745016229,92.33682620286696,90.96814125509322,91.03756713867188,33629300,0.0,0.0
2023-02-22 00:00:00-05:00,90.9482977493757,91.35494045799983,89.8672365194592,90.89871215820312,30884000,0.0,0.0
2023-02-23 00:00:00-05:00,91.16651419896813,91.18635449298117,89.0242240237194,90.14495849609375,41206400,0.0,0.0
2023-02-24 00:00:00-05:00,88.70683991186095,89.15314812025682,87.85388894602733,88.39937591552734,36585100,0.0,0.0
2023-02-27 00:00:00-05:00,89.13331604003906,89.42093974612138,88.60765422535826,89.13331604003906,27502300,0.0,0.0
2023-02-28 00:00:00-05:00,88.59774267568118,90.48216943962086,88.58782252932733,89.3217544555664,30142000,0.0,0.0
2023-03-01 00:00:00-05:00,89.24241850559551,90.28380689652273,88.93495449477956,89.61930084228516,31111200,0.0,0.0
2023-03-02 00:00:00-05:00,88.92504232804767,91.52356081097336,88.85560886814189,91.24585723876953,32204400,0.0,0.0
2023-03-03 00:00:00-05:00,91.72193194582057,92.96168552249127,91.69217150382201,92.88233947753906,35160100,0.0,0.0
2023-03-06 00:00:00-05:00,93.2492875940104,95.1833074213031,93.22945486919875,94.35018920898438,32639300,0.0,0.0
2023-03-07 00:00:00-05:00,94.20142849315206,94.8857672449639,92.76330996601668,93.09060668945312,27835500,0.0,0.0
2023-03-08 00:00:00-05:00,93.34848534799025,95.17339892826718,93.22946628398542,93.4774169921875,34103300,0.0,0.0
2023-03-09 00:00:00-05:00,93.27906233445889,94.74692633492973,91.14668466466473,91.56324005126953,28813500,0.0,0.0
2023-03-10 00:00:00-05:00,91.41445442058324,92.02937482791765,89.65896694454361,89.88707733154297,35941000,0.0,0.0
2023-03-13 00:00:00-04:00,89.35150093708918,91.81117494395599,88.68699494914536,90.36314392089844,37335600,0.0,0.0
2023-03-14 00:00:00-04:00,91.80126901552406,93.58651716528313,91.68225751677693,93.19971466064453,36050200,0.0,0.0
2023-03-15 00:00:00-04:00,92.45585699442236,96.13544442535732,91.88060956204423,95.3221664428711,50622100,0.0,0.0
2023-03-16 00:00:00-04:00,95.41142746724535,100.36052894620208,94.71716852573586,99.4976577758789,65492000,0.0,0.0
2023-03-17 00:00:00-04:00,99.43814263216196,101.99698789396676,99.27945056518114,100.78699493408203,61028500,0.0,0.0
2023-03-20 00:00:00-04:00,99.29929255271749,100.91592828670724,99.05134186896636,100.39027404785156,32960400,0.0,0.0
2023-03-21 00:00:00-04:00,100.4200298260466,104.23846895297474,100.39027695383191,104.05994415283203,42110300,0.0,0.0
2023-03-22 00:00:00-04:00,103.41526808239401,105.71625013011207,102.48297865485124,102.52265167236328,43427400,0.0,0.0
2023-03-23 00:00:00-04:00,104.19879298533533,105.42863382566868,103.60371285731998,104.73436737060547,40797800,0.0,0.0
2023-03-24 00:00:00-04:00,104.12937541633211,104.62527682377592,102.98880066584036,104.57569122314453,30393300,0.0,0.0
2023-03-27 00:00:00-04:00,103.7623993547433,103.9012511249283,101.09444771774577,101.62010192871094,31120900,0.0,0.0
2023-03-28 00:00:00-04:00,101.60028121184264,101.61019379170308,98.92240911282488,100.20183563232422,32057900,0.0,0.0
2023-03-29 00:00:00-04:00,101.44160293215687,101.64988064038367,99.82496687295503,100.55889892578125,28779600,0.0,0.0
2023-03-30 00:00:00-04:00,100.0828209446528,100.33077163663715,98.96207897409658,100.06298065185547,33086200,0.0,0.0
2023-03-31 00:00:00-04:00,100.46962623998861,103.03839184898722,100.21175539436457,102.87970733642578,36863400,0.0,0.0
2023-04-03 00:00:00-04:00,101.55068678803492,103.67314414754483,101.0944584138917,103.5045394897461,25035400,0.0,0.0
2023-04-04 00:00:00-04:00,103.47478504857116,104.71453851392779,103.18716133658586,103.86158752441406,24420100,0.0,0.0
2023-04-05 00:00:00-04:00,104.91289907946413,105.2302756731111,102.8102819841236,103.61363983154297,28290500,0.0,0.0
2023-04-06 00:00:00-04:00,104.39715731293522,108.27510204632019,103.47478047282404,107.53125,48711500,0.0,0.0
2023-04-10 00:00:00-04:00,106.10306402969181,106.7080567599706,104.25831026578564,105.56748962402344,27067400,0.0,0.0
2023-04-11 00:00:00-04:00,105.67658753468932,105.85511233488984,103.82191364187591,104.48641967773438,26311800,0.0,0.0
2023-04-12 00:00:00-04:00,105.70634162712136,105.87494628290851,103.48469796190201,103.78224182128906,24370300,0.0,0.0
2023-04-13 00:00:00-04:00,104.97239950361016,106.6088755556612,104.97239950361016,106.54936981201172,24843600,0.0,0.0
2023-04-14 00:00:00-04:00,106.01379677904549,108.04699547084493,105.96420361413152,107.97756958007812,26578000,0.0,0.0
2023-04-17 00:00:00-04:00,103.80207449899135,105.28977855307458,103.66321515910445,105.10133361816406,37571200,0.0,0.0
2023-04-18 00:00:00-04:00,105.61707218442865,105.66666534841484,103.2169113578442,103.64338684082031,26596400,0.0,0.0
2023-04-19 00:00:00-04:00,102.73093151613256,104.11945689106093,102.22510999070306,103.32601165771484,20905700,0.0,0.0
2023-04-20 00:00:00-04:00,103.05822535639409,105.37904011363008,103.01855233915232,104.42691040039062,27820800,0.0,0.0
2023-04-21 00:00:00-04:00,104.6054346972307,105.13108893118996,103.92108839505883,104.54592895507812,25800100,0.0,0.0
2023-04-24 00:00:00-04:00,104.62526499144161,105.75591946719655,103.84173994826861,105.10133361816406,23542800,0.0,0.0
2023-04-25 00:00:00-04:00,104.96250666568831,105.81545779707564,102.9888133724156,102.99873352050781,46664100,0.0,0.0
2023-04-26 00:00:00-04:00,104.05995143064801,105.4782297846258,101.78872203487352,102.85987091064453,53347600,0.0,0.0
2023-04-27 00:00:00-04:00,103.59379357823073,107.48166608530138,102.6912570160058,106.70805358886719,50089200,0.0,0.0
2023-04-28 00:00:00-04:00,106.16257721263207,106.47003367253913,104.22855712885315,106.46011352539062,36139800,0.0,0.0
2023-05-01 00:00:00-04:00,105.96420892683281,107.10478367534759,105.94437619998563,106.32125854492188,26681700,0.0,0.0
2023-05-02 00:00:00-04:00,106.26175349764249,106.32125924543107,102.85986952338662,104.45667266845703,30997200,0.0,0.0
2023-05-03 00:00:00-04:00,104.66494043938329,106.60887287386203,104.09961318837087,104.54592895507812,21795400,0.0,0.0
2023-05-04 00:00:00-04:00,104.62527823765616,104.73437715411653,103.11774126807067,103.83184051513672,23419500,0.0,0.0
2023-05-05 00:00:00-04:00,103.96075311756313,105.0120615016026,103.25657414647502,104.70460510253906,26639300,0.0,0.0
2023-05-08 00:00:00-04:00,104.31780842718317,107.07501872614742,104.29797570257264,106.8865737915039,26511400,0.0,0.0
2023-05-09 00:00:00-04:00,107.50149988087897,109.2470748463162,106.31133960304034,106.47002410888672,36360100,0.0,0.0
2023-05-10 00:00:00-04:00,107.08494816131481,112.01420922516127,107.04527514179809,110.8339614868164,63153400,0.0,0.0
2023-05-11 00:00:00-04:00,114.45404112299883,116.95338077292648,113.4721584998331,115.61444854736328,78900000,0.0,0.0
2023-05-12 00:00:00-04:00,115.7235396119098,117.06247174670034,115.15821237424916,116.54673767089844,41102300,0.0,0.0
2023-05-15 00:00:00-04:00,115.15821666094425,117.50879187706043,115.05903790038903,115.55493927001953,36266800,0.0,0.0
2023-05-16 00:00:00-04:00,115.535101164742,119.76018303268906,115.47559542065336,118.53034973144531,45035600,0.0,0.0
2023-05-17 00:00:00-04:00,118.62953592633984,120.67264731450432,117.91543668511788,119.84944915771484,33323600,0.0,0.0
2023-05-18 00:00:00-04:00,119.95854884860573,122.29920412469264,119.83953735220288,121.8231430053711,35234200,0.0,0.0
2023-05-19 00:00:00-04:00,122.53723296740392,124.93739380984856,121.1487076020142,121.75370788574219,41353400,0.0,0.0
2023-05-22 00:00:00-04:00,121.93223602252743,125.39362560112353,121.73387092669454,124.02494049072266,35253000,0.0,0.0
2023-05-23 00:00:00-04:00,123.14222636559451,123.60836727655007,121.20820656831121,121.55533599853516,34046300,0.0,0.0
2023-05-24 00:00:00-04:00,120.12715625884692,120.9106813684256,118.87748262878495,119.9089584350586,34182600,0.0,0.0
2023-05-25 00:00:00-04:00,123.49927982509996,124.29272508219533,120.96026710936242,122.46781158447266,42317000,0.0,0.0
2023-05-26 00:00:00-04:00,122.16034076709491,124.23321241314245,121.44624158887478,123.58853912353516,35635900,0.0,0.0
2023-05-30 00:00:00-04:00,124.61011047029689,124.62995076489531,120.99994867262599,122.65625762939453,35076700,0.0,0.0
2023-05-31 00:00:00-04:00,121.74379679384124,123.04305607346541,121.49584608754014,121.8628158569336,37325800,0.0,0.0
2023-06-01 00:00:00-04:00,121.81320947582672,123.40009231065325,121.61485195904373,122.7058334350586,30772700,0.0,0.0
2023-06-02 00:00:00-04:00,122.97362222070807,125.11591981661117,122.74551182311099,123.6480484008789,26980100,0.0,0.0
2023-06-05 00:00:00-04:00,122.99346054966021,126.38542412216299,122.82484833216863,124.97706604003906,32305500,0.0,0.0
2023-06-06 00:00:00-04:00,124.97707174019685,127.23837332481472,124.33239841304952,126.26641082763672,26638300,0.0,0.0
2023-06-07 00:00:00-04:00,125.92919376166726,127.98221754198133,121.11895203748432,121.49583435058594,52539000,0.0,0.0
2023-06-08 00:00:00-04:00,121.22805249747213,122.21985523958173,120.24616233464845,121.13878631591797,29389200,0.0,0.0
2023-06-09 00:00:00-04:00,121.2478905876319,122.74551491320051,120.9106812724846,121.22805786132812,23778300,0.0,0.0
2023-06-12 00:00:00-04:00,121.78345693305364,123.0331304793446,120.66272258318774,122.6264877319336,28306400,0.0,0.0
2023-06-13 00:00:00-04:00,123.95550842884325,124.1340332227792,122.17026048948374,122.81493377685547,22278300,0.0,0.0
2023-06-14 00:00:00-04:00,122.0909303030245,123.03314755821141,120.45445407399907,122.65625762939453,30592300,0.0,0.0
2023-06-15 00:00:00-04:00,122.13060083541116,124.43158311632118,121.39666885419425,124.06461334228516,35246300,0.0,0.0
2023-06-16 00:00:00-04:00,124.8977309595371,125.07625577200433,122.26945194087992,122.51740264892578,45535600,0.0,0.0
2023-06-20 00:00:00-04:00,121.92232245860355,123.54887849797753,121.13879731318417,122.09092712402344,26097500,0.0,0.0
2023-06-21 00:00:00-04:00,121.39666224993185,121.65453309243799,119.11551282046045,119.56182861328125,30306300,0.0,0.0
2023-06-22 00:00:00-04:00,119.01633037340913,122.22976917477193,117.85592296831348,122.14051055908203,26952200,0.0,0.0
2023-06-23 00:00:00-04:00,120.38500565741582,121.78345105765439,120.06762910490728,121.3371353149414,34913600,0.0,0.0
2023-06-26 00:00:00-04:00,119.77011027896118,120.99994365310945,117.30051581692196,117.36994171142578,33969900,0.0,0.0
2023-06-27 00:00:00-04:00,116.1202700370029,118.10387557545451,115.14829999374557,117.36002349853516,39535900,0.0,0.0
2023-06-28 00:00:00-04:00,116.1301803056411,119.4031324056984,115.89214976448287,119.19485473632812,27091400,0.0,0.0
2023-06-29 00:00:00-04:00,118.26255477904468,119.0758327106557,117.33026536325183,118.12370300292969,24090900,0.0,0.0
2023-06-30 00:00:00-04:00,119.1849366580173,120.08748080780242,118.708875567441,118.71878814697266,29532200,0.0,0.0
2023-07-03 00:00:00-04:00,118.26255895127434,119.2047761131289,117.84600360823359,118.91715240478516,14467900,0.0,0.0
2023-07-05 00:00:00-04:00,118.26255664547801,121.60493460466255,118.25264406620929,120.75198364257812,27584800,0.0,0.0
2023-07-06 00:00:00-04:00,118.81798603868302,119.31388747028545,117.42946051682516,119.12544250488281,24745200,0.0,0.0
2023-07-07 00:00:00-04:00,119.1155002818165,120.05771736735291,118.42124143298246,118.5005874633789,21709500,0.0,0.0
2023-07-10 00:00:00-04:00,117.33027117785484,117.34018375745839,115.18797355416356,115.49542999267578,35315200,0.0,0.0
2023-07-11 00:00:00-04:00,115.33674818852833,116.74510634443534,114.40445113781433,116.17977905273438,23078800,0.0,0.0
2023-07-12 00:00:00-04:00,117.82616938013048,119.34362637246984,117.4393669141167,117.9551010131836,30404400,0.0,0.0
2023-07-13 00:00:00-04:00,119.93870320943425,123.80673533006852,119.46263457450904,123.51911163330078,44297900,0.0,0.0
2023-07-14 00:00:00-04:00,123.77699383825481,125.74075916657561,122.47772701039696,124.39190673828125,33283100,0.0,0.0
2023-07-17 00:00:00-04:00,124.9076384065508,126.05812564014278,123.18189620588134,123.62821197509766,25716200,0.0,0.0
2023-07-18 00:00:00-04:00,123.57862461739118,123.65797065567115,121.95206866692536,122.74551391601562,26193600,0.0,0.0
2023-07-19 00:00:00-04:00,123.57861089837822,124.15385826176514,120.80156796856357,121.02967834472656,37224000,0.0,0.0
2023-07-20 00:00:00-04:00,120.42468845421087,123.0727999886977,117.25092267132642,118.22288513183594,37906800,0.0,0.0
2023-07-21 00:00:00-04:00,119.6312510365837,119.99821321316037,117.75674443491287,119.03616333007812,72937900,0.0,0.0
2023-07-24 00:00:00-04:00,120.6627297925078,121.99174188501857,119.98830359973758,120.5337905883789,29686100,0.0,0.0
2023-07-25 00:00:00-04:00,120.36517540126466,122.14050312936536,120.02795855095499,121.20820617675781,52509600,0.0,0.0
2023-07-26 00:00:00-04:00,129.00380296662527,129.90633205152977,127.26814799253995,128.21035766601562,61682100,0.0,0.0
2023-07-27 00:00:00-04:00,130.59066029279523,132.14779780312753,127.73426366088836,128.33926391601562,44952100,0.0,0.0
2023-07-28 00:00:00-04:00,129.7079618698937,132.64370465595107,129.49969176817697,131.4932098388672,36591200,0.0,0.0
2023-07-31 00:00:00-04:00,131.64197739889866,132.43542264148525,130.6997677943249,131.63206481933594,28055500,0.0,0.0
2023-08-01 00:00:00-04:00,129.70797201734953,131.5428132938943,129.6087856815379,130.47166442871094,23166800,0.0,0.0
2023-08-02 00:00:00-04:00,128.38887313460415,129.02362633955516,126.51436639391204,127.32765197753906,26273300,0.0,0.0
2023-08-03 00:00:00-04:00,126.92098790971262,128.32934587418347,126.37549341868682,127.39704895019531,20089500,0.0,0.0
2023-08-04 00:00:00-04:00,128.22025231793552,130.43196810964983,126.8614874567136,127.05984497070312,26147200,0.0,0.0
2023-08-07 00:00:00-04:00,128.1012301171621,130.53114351104958,127.96237835561729,130.45179748535156,22746300,0.0,0.0
2023-08-08 00:00:00-04:00,129.54928620643435,130.431990156543,128.4781372893849,130.32289123535156,23535200,0.0,0.0
2023-08-09 00:00:00-04:00,130.58074278541653,130.95761750800182,127.94254405878128,128.59713745117188,24912900,0.0,0.0
2023-08-10 00:00:00-04:00,130.2435353022777,130.96754702179814,128.38885399832523,128.62689208984375,20857800,0.0,0.0
2023-08-11 00:00:00-04:00,127.60535409901688,128.86493278064867,127.11936527043054,128.4979705810547,19591100,0.0,0.0
2023-08-14 00:00:00-04:00,128.3293638886943,130.29312919834737,127.90289594820355,130.2534637451172,24695600,0.0,0.0
2023-08-15 00:00:00-04:00,130.0253428626258,130.3427118640274,128.22025464503122,128.71615600585938,19770700,0.0,0.0
2023-08-16 00:00:00-04:00,127.64501190185547,129.21206207522133,126.8218213636926,127.64501190185547,25216100,0.0,0.0
2023-08-17 00:00:00-04:00,128.73599949955613,130.90804993539842,128.23017041335734,128.85501098632812,33446300,0.0,0.0
2023-08-18 00:00:00-04:00,127.45657242122108,128.19051194159474,125.34403518060337,126.4151840209961,30504800,0.0,0.0
2023-08-21 00:00:00-04:00,126.13746322133102,127.6747528117732,125.52254284504185,127.31770324707031,25248700,0.0,0.0
2023-08-22 00:00:00-04:00,127.45659193297413,129.21208739572333,127.26816208438329,128.0219268798828,22054900,0.0,0.0
2023-08-23 00:00:00-04:00,129.11286188164175,132.31639534159987,128.80540548113294,131.284912109375,27819700,0.0,0.0
2023-08-24 00:00:00-04:00,132.85197153912117,133.14951538235977,128.50788590918833,128.71615600585938,28500700,0.0,0.0
2023-08-25 00:00:00-04:00,128.47811371877063,129.68811421046675,126.20689221900474,128.81533813476562,26762900,0.0,0.0
2023-08-28 00:00:00-04:00,130.23362480291482,131.4535380240542,129.07321732909296,129.9360809326172,20543300,0.0,0.0
2023-08-29 00:00:00-04:00,131.15600145683445,135.45050919179718,131.15600145683445,133.46690368652344,43075600,0.0,0.0
2023-08-30 00:00:00-04:00,133.67518514236738,135.16288939766932,132.97101360306888,134.76617431640625,28315800,0.0,0.0
2023-08-31 00:00:00-04:00,134.89509514927343,136.8687881952977,134.67689731971456,135.0537872314453,30053800,0.0,0.0
2023-09-01 00:00:00-04:00,136.3332062668677,136.3332062668677,133.74460060567057,134.54795837402344,21543700,0.0,0.0
2023-09-05 00:00:00-04:00,134.32979244756098,135.30175509011016,133.47684131487563,134.65708923339844,19403100,0.0,0.0
2023-09-06 00:00:00-04:00,134.9050286366341,135.41084264478113,132.57428587282706,133.35781860351562,18684500,0.0,0.0
2023-09-07 00:00:00-04:00,132.49493620985484,134.46862928644677,131.86018300504648,134.1512451171875,18844300,0.0,0.0
2023-09-08 00:00:00-04:00,133.80411838628038,135.53977327338907,133.7446126401159,135.26206970214844,23558300,0.0,0.0
2023-09-11 00:00:00-04:00,135.42074803161276,136.35304508761172,134.676895929534,135.79763793945312,20763400,0.0,0.0
2023-09-12 00:00:00-04:00,135.14303224154853,135.74803250189984,134.08181120803886,134.23057556152344,18405500,0.0,0.0
2023-09-13 00:00:00-04:00,133.98263986174015,135.77780055178212,133.05034278578884,135.58937072753906,20749500,0.0,0.0
2023-09-14 00:00:00-04:00,136.4720856086748,137.56305972256655,135.12323305423436,136.96798706054688,24751000,0.0,0.0
2023-09-15 00:00:00-04:00,136.84892900879936,137.38451092876176,135.36122499467155,136.273681640625,38919600,0.0,0.0
2023-09-18 00:00:00-04:00,135.4901665221767,138.0192664165555,135.4901665221767,137.07705688476562,21861300,0.0,0.0
2023-09-19 00:00:00-04:00,136.29353439301667,137.2754245802509,135.5000891528616,136.908447265625,20353700,0.0,0.0
2023-09-20 00:00:00-04:00,136.9481276445737,136.9481276445737,132.52468065263594,132.64370727539062,29927500,0.0,0.0
2023-09-21 00:00:00-04:00,130.36256084439935,131.14607838789655,129.00379586795694,129.37075805664062,31503900,0.0,0.0
2023-09-22 00:00:00-04:00,129.6880953439874,130.947688813652,128.5376158933336,129.18228149414062,26397300,0.0,0.0
2023-09-25 00:00:00-04:00,128.76575671410941,130.0947688069164,127.90289313849301,130.03526306152344,20094600,0.0,0.0
2023-09-26 00:00:00-04:00,128.7062506995645,129.29141070631724,126.17715058968768,127.5160903930664,25718700,0.0,0.0
2023-09-27 00:00:00-04:00,127.51608742320651,129.82697452376246,127.51608742320651,129.4699249267578,22746500,0.0,0.0
2023-09-28 00:00:00-04:00,128.77569406051163,132.20733899735185,128.72610088524306,131.22544860839844,22513100,0.0,0.0
2023-09-29 00:00:00-04:00,132.18746856469267,132.9511609153293,129.29140636705122,129.7873077392578,30859800,0.0,0.0
2023-10-02 00:00:00-04:00,130.1344474612235,133.31812586216128,130.09476687574428,133.07017517089844,22288000,0.0,0.0
2023-10-03 00:00:00-04:00,132.84208398165953,133.15945304283952,130.7592918203912,131.34445190429688,22989400,0.0,0.0
2023-10-04 00:00:00-04:00,131.70147985901755,134.45870541332442,131.44361659343454,134.13140869140625,26752300,0.0,0.0
2023-10-05 00:00:00-04:00,133.96279907226562,134.37935439370042,132.3560683939219,133.96279907226562,19832600,0.0,0.0
2023-10-06 00:00:00-04:00,132.9114964978089,137.02748746801123,132.9114964978089,136.45223999023438,27597600,0.0,0.0
2023-10-09 00:00:00-04:00,135.8174754746164,137.8010810398745,134.49837595767463,137.28533935546875,19278100,0.0,0.0
2023-10-10 00:00:00-04:00,137.36467931785276,138.57467986983306,136.20427192955205,136.92828369140625,27786600,0.0,0.0
2023-10-11 00:00:00-04:00,137.44402038931838,139.95328001705715,137.44402038931838,139.3978729248047,25884300,0.0,0.0
2023-10-12 00:00:00-04:00,139.89377728823808,140.0623819353228,137.12663921258442,137.83082580566406,24765500,0.0,0.0
2023-10-13 00:00:00-04:00,138.23746980650327,138.8523826583463,135.50008457709373,136.23402404785156,23420500,0.0,0.0
2023-10-16 00:00:00-04:00,137.03737818636395,138.4854167971643,136.8588609633149,137.9597625732422,28501900,0.0,0.0
2023-10-17 00:00:00-04:00,137.49361518669917,138.75319373814438,136.0554891433646,138.57467651367188,23515800,0.0,0.0
2023-10-18 00:00:00-04:00,138.30690868674475,139.56650258267163,136.25388459322733,136.82913208007812,23375000,0.0,0.0
2023-10-19 00:00:00-04:00,137.36468644323884,138.51518131196565,136.25387216099756,136.62083435058594,26066000,0.0,0.0
2023-10-20 00:00:00-04:00,136.2042789444492,136.73984579212933,133.97272266731449,134.48846435546875,26335700,0.0,0.0
2023-10-23 00:00:00-04:00,133.93301925405814,136.53155241147599,132.85195802947536,135.3810577392578,26317900,0.0,0.0
2023-10-24 00:00:00-04:00,136.70017196237376,138.21762892713875,136.2935292113691,137.67213439941406,44814300,0.0,0.0
2023-10-25 00:00:00-04:00,127.10945300008548,127.2582173695509,124.04477835256257,124.58035278320312,84366200,0.0,0.0
2023-10-26 00:00:00-04:00,122.25952391827924,123.31083999813282,120.27591838168972,121.27764129638672,57061100,0.0,0.0
2023-10-27 00:00:00-04:00,121.87271233000152,122.2991877911494,119.22460095273298,121.16853332519531,44566500,0.0,0.0
2023-10-30 00:00:00-04:00,122.20002007986204,124.37207059770444,121.74379170735196,123.43977355957031,28940100,0.0,0.0
2023-10-31 00:00:00-04:00,124.03485926262917,124.34232328480618,121.68429140278461,123.06289672851562,26292300,0.0,0.0
2023-11-01 00:00:00-04:00,123.05297186152897,125.45313279745749,122.70584239837481,125.41345977783203,30082400,0.0,0.0
2023-11-02 00:00:00-04:00,127.3673155795192,127.92272273406017,125.889531505127,126.44493865966797,27124600,0.0,0.0
2023-11-03 00:00:00-04:00,126.9706143336748,128.46823129801572,126.81192223403679,128.04176330566406,26393100,0.0,0.0
2023-11-06 00:00:00-05:00,127.9921214668091,129.2715400911067,127.6152316569002,129.18228149414062,19052700,0.0,0.0
2023-11-07 00:00:00-05:00,129.6385295842965,130.82868972418774,128.81533157799734,129.89639282226562,29757300,0.0,0.0
2023-11-08 00:00:00-05:00,129.89641375169958,131.1262546701782,129.70796879855988,130.75927734375,26425800,0.0,0.0
2023-11-09 00:00:00-05:00,130.8782957156304,131.46345569784398,129.0037891497348,129.17239379882812,23747800,0.0,0.0
2023-11-10 00:00:00-05:00,129.03354879478132,131.71141329610631,128.34920244954847,131.5031280517578,26913300,0.0,0.0
2023-11-13 00:00:00-05:00,130.69976098599605,131.50311876629735,130.1741067560777,131.00721740722656,18324800,0.0,0.0
2023-11-14 00:00:00-05:00,133.0899929477425,134.58760942147106,132.22712953091224,132.524658203125,32395200,0.0,0.0
2023-11-15 00:00:00-05:00,133.76443017621472,133.92312224608222,132.4750987262402,133.5164794921875,23861500,0.0,0.0
2023-11-16 00:00:00-05:00,134.08179875972928,136.09515686974302,133.21893532221114,135.80752563476562,28013200,0.0,0.0
2023-11-17 00:00:00-05:00,134.88516720728182,134.94467294789172,132.5544248086727,134.20082092285156,37240600,0.0,0.0
2023-11-20 00:00:00-05:00,132.59412016100978,135.53977571897755,132.524686700092,135.1331329345703,27815500,0.0,0.0
2023-11-21 00:00:00-05:00,135.17279523893023,136.05549911438757,134.84551363674532,135.84722900390625,22635300,0.0,0.0
2023-11-22 00:00:00-05:00,136.34312381394363,138.2771361292862,136.34312381394363,137.35476684570312,17813900,0.0,0.0
2023-11-24 00:00:00-05:00,136.8985310833705,136.99771741092056,134.87526015124462,135.56951904296875,12514300,0.0,0.0
2023-11-27 00:00:00-05:00,134.91491921563218,137.2853270482676,134.88516634551732,135.29180908203125,23436500,0.0,0.0
2023-11-28 00:00:00-05:00,134.964518417708,136.1249258052487,134.309924978467,136.07533264160156,18730000,0.0,0.0
2023-11-29 00:00:00-05:00,136.4422906284374,137.15637457576435,133.73465864047404,133.88343811035156,23967200,0.0,0.0
2023-11-30 00:00:00-05:00,133.94296597089948,134.43886735166274,130.2038653225059,131.44361877441406,38988300,0.0,0.0
2023-12-01 00:00:00-05:00,130.7790985107422,131.02704917414542,129.59885093154966,130.7790985107422,31442300,0.0,0.0
2023-12-04 00:00:00-05:00,128.81535800518807,128.9641223780541,126.85158504794954,128.21035766601562,36669900,0.0,0.0
2023-12-05 00:00:00-05:00,127.89295847123121,131.05681158807658,127.19869958988002,129.91624450683594,27384800,0.0,0.0
2023-12-06 00:00:00-05:00,130.3625665785439,130.75928165761354,128.81535658297804,128.95420837402344,23576200,0.0,0.0
2023-12-07 00:00:00-05:00,133.93301928634918,137.42416874984633,133.5958100272854,135.80752563476562,56767100,0.0,0.0
2023-12-08 00:00:00-05:00,133.09990558330048,135.2818682714779,132.93130095773793,133.88343811035156,32260100,0.0,0.0
2023-12-11 00:00:00-05:00,131.29484350017327,132.2469655972193,130.2832005300675,132.19737243652344,31138000,0.0,0.0
2023-12-12 00:00:00-05:00,130.72949879515335,131.9097463151557,130.18400433628165,131.43368530273438,29032800,0.0,0.0
2023-12-13 00:00:00-05:00,132.28663404214686,132.4056455099315,130.49147377909813,131.4832763671875,30104800,0.0,0.0
2023-12-14 00:00:00-05:00,132.28664245291358,132.6238517222141,128.62688824878407,130.8584442138672,38722400,0.0,0.0
2023-12-15 00:00:00-05:00,130.54108385219968,132.41559059857232,130.10468818490273,131.5130615234375,50847100,0.0,0.0
2023-12-18 00:00:00-05:00,131.54280052592037,136.02573795572846,131.34442787355178,134.6868133544922,32258000,0.0,0.0
2023-12-19 00:00:00-05:00,135.7182605842675,136.34310104862837,134.96449607621622,135.52981567382812,25476800,0.0,0.0
2023-12-20 00:00:00-05:00,137.83081892143701,140.5384359860807,136.9382025676404,137.2059783935547,49107200,0.0,0.0
2023-12-21 00:00:00-05:00,138.34658204933325,139.53674241725346,138.03911046006232,139.26895141601562,27488300,0.0,0.0
2023-12-22 00:00:00-05:00,139.61608570312794,140.8260863411753,139.5565799559633,140.33018493652344,26532200,0.0,0.0
2023-12-26 00:00:00-05:00,140.42934263685476,141.5104039629761,140.03262760475596,140.35992431640625,16780300,0.0,0.0
2023-12-27 00:00:00-05:00,140.4293610317835,140.91534987341666,138.74329922394273,139.2193603515625,19628600,0.0,0.0
2023-12-28 00:00:00-05:00,139.62599994946305,139.98304957042203,138.60444425438513,139.08050537109375,16045700,0.0,0.0
2023-12-29 00:00:00-05:00,138.48543138650385,139.20944320132398,137.64239294340334,138.54493713378906,18733000,0.0,0.0
2024-01-02 00:00:00-05:00,137.41427392066478,138.30689034141093,135.36123496575607,137.03738403320312,23711200,0.0,0.0
2024-01-03 00:00:00-05:00,136.1249259824603,138.48542134501582,135.9563213328076,137.78123474121094,24212100,0.0,0.0
2024-01-04 00:00:00-05:00,137.28533097133266,138.01927043379123,135.2323072061994,135.27197265625,27137700,0.0,0.0
2024-01-05 00:00:00-05:00,135.62904430152844,136.0356871158028,134.04215363464405,134.61740112304688,22513900,0.0,0.0
2024-01-08 00:00:00-05:00,135.17278901977872,137.87049368814525,135.1430361482217,137.70188903808594,21404000,0.0,0.0
2024-01-09 00:00:00-05:00,137.3646876105234,140.33018342656837,137.01755057751834,139.7946014404297,24759600,0.0,0.0
2024-01-10 00:00:00-05:00,139.84420205691225,141.82780775984716,139.75494343237068,141.11370849609375,21320200,0.0,0.0
2024-01-11 00:00:00-05:00,142.31377441409103,144.02958884214235,139.48713067468557,140.9153289794922,24008700,0.0,0.0
2024-01-12 00:00:00-05:00,141.50049214729324,142.02614637782855,140.6574689161085,141.48065185546875,18785500,0.0,0.0
2024-01-16 00:00:00-05:00,140.83598692471,143.16672938152487,140.29049239931624,141.3219757080078,22670500,0.0,0.0
2024-01-17 00:00:00-05:00,140.19132176728564,140.67729541881693,137.76139297479475,140.31033325195312,20968600,0.0,0.0
2024-01-18 00:00:00-05:00,140.8855776587382,143.02787513950906,140.8260719176682,142.30384826660156,25746400,0.0,0.0
2024-01-19 00:00:00-05:00,143.5535284040744,145.24950254806373,143.19647882633325,145.18008422851562,34271900,0.0,0.0
2024-01-22 00:00:00-05:00,145.8942062192311,147.1736252450607,144.64452493468394,144.79330444335938,32200400,0.0,0.0
2024-01-23 00:00:00-05:00,144.69411904062358,145.97353807473283,144.30731652950118,145.83468627929688,21636100,0.0,0.0
2024-01-24 00:00:00-05:00,147.32237177289502,148.6216460696022,146.88599128129252,147.48106384277344,25233500,0.0,0.0
2024-01-25 00:00:00-05:00,148.83984348061125,151.7954113890045,148.31417410884393,150.6250762939453,29149100,0.0,0.0
2024-01-26 00:00:00-05:00,149.8613826190151,151.28956568601532,149.7721088811906,150.94244384765625,26115500,0.0,0.0
2024-01-29 00:00:00-05:00,150.81350663403398,152.51940838119864,150.18866612963436,152.25161743164062,27784300,0.0,0.0
2024-01-30 00:00:00-05:00,151.5474722147389,152.3607426484438,149.95066908718712,150.2184600830078,36331800,0.0,0.0
2024-01-31 00:00:00-05:00,142.44268767661725,142.81957751562527,138.72342784548118,138.95155334472656,71910000,0.0,0.0
2024-02-01 00:00:00-05:00,140.9550061040643,141.88730313768718,139.63590659199247,140.0028839111328,40466500,0.0,0.0
2024-02-02 00:00:00-05:00,138.11844060532798,141.45089833217304,135.38107056080497,141.21287536621094,62499600,0.0,0.0
2024-02-05 00:00:00-05:00,141.64927668377285,144.27754793012062,141.60959609870966,142.50221252441406,38505400,0.0,0.0
2024-02-06 00:00:00-05:00,143.46428748684863,144.16847422458696,142.01626368679536,142.91880798339844,29128200,0.0,0.0
2024-02-07 00:00:00-05:00,143.57339500262367,144.4263461771049,142.75019670706635,144.3470001220703,25208900,0.0,0.0
2024-02-08 00:00:00-05:00,144.63461269549572,145.13051412482938,143.91060084610757,144.71395874023438,22563800,0.0,0.0
2024-02-09 00:00:00-05:00,145.47762057784595,148.21500586230158,144.9817192012369,147.7786102294922,26829500,0.0,0.0
2024-02-12 00:00:00-05:00,147.20335197335376,148.11580862305635,146.16195613244383,146.32064819335938,21564100,0.0,0.0
2024-02-13 00:00:00-05:00,143.73207375880068,145.4677288254304,142.51216043512292,143.9502716064453,27837700,0.0,0.0
2024-02-14 00:00:00-05:00,144.88253462860962,145.31893022112502,142.90884188380863,144.74368286132812,22704200,0.0,0.0
2024-02-15 00:00:00-05:00,141.9666478509511,142.34353774622787,139.30862369230854,141.5996856689453,37590700,0.0,0.0
2024-02-16 00:00:00-05:00,141.8178876690081,142.01624520205476,138.9912436385364,139.36813354492188,31468900,0.0,0.0
2024-02-20 00:00:00-05:00,138.51518739713623,140.915348438827,138.34658273143967,139.9632110595703,25144700,0.0,0.0
2024-02-21 00:00:00-05:00,140.29049590728383,141.5203367649503,139.5268035526364,141.38148498535156,23223300,0.0,0.0
2024-02-22 00:00:00-05:00,143.74195461013204,143.8113880616519,141.6294252005615,142.90884399414062,27191900,0.0,0.0
2024-02-23 00:00:00-05:00,142.4922912292185,143.4940065020115,142.25425313452644,142.77992248535156,19493800,0.0,0.0
2024-02-26 00:00:00-05:00,140.97485281400884,141.27239668798464,136.26378939947426,136.44232177734375,53641800,0.0,0.0
2024-02-27 00:00:00-05:00,136.88859580994557,138.10850874128178,135.96621154451603,137.74154663085938,33099200,0.0,0.0
2024-02-28 00:00:00-05:00,136.76959905068048,136.87869796321857,134.30001978259713,135.26206970214844,37328600,0.0,0.0
2024-02-29 00:00:00-05:00,136.15469224866533,137.72174254712453,135.28190090934368,137.3250274658203,42133000,0.0,0.0
2024-03-01 00:00:00-05:00,137.29525760665743,137.7316532704347,135.79764079115824,136.01583862304688,31151100,0.0,0.0
2024-03-04 00:00:00-05:00,134.54795880340606,134.54795880340606,130.82869865382304,132.25689697265625,55999400,0.0,0.0
2024-03-05 00:00:00-05:00,130.79897138098846,132.14782393122584,129.5988832123646,131.58248901367188,40194800,0.0,0.0
2024-03-06 00:00:00-05:00,132.02879338468463,132.48502936431544,129.77741176310514,130.32289123535156,35318600,0.0,0.0
2024-03-07 00:00:00-05:00,131.70144961982385,133.8338341123455,130.5311299135317,133.27842712402344,37738200,0.0,0.0
2024-03-08 00:00:00-05:00,133.10985799917378,136.95804250148979,132.90157275617153,134.30001831054688,39370400,0.0,0.0
2024-03-11 00:00:00-04:00,135.01411900561908,137.95977451047298,135.01411900561908,136.54148864746094,32437800,0.0,0.0
2024-03-12 00:00:00-04:00,135.90671866415707,138.23746099222168,135.90671866415707,137.3646697998047,27563400,0.0,0.0
2024-03-13 00:00:00-04:00,137.86060163883266,139.93346604577192,137.85068905807378,138.6441192626953,23347200,0.0,0.0
2024-03-14 00:00:00-04:00,140.03263971476812,142.41296038062768,139.30862790840655,141.92698669433594,42753400,0.0,0.0
2024-03-15 00:00:00-04:00,141.33189197321508,142.00631057950346,138.88213796831596,140.022705078125,49475400,0.0,0.0
2024-03-18 00:00:00-04:00,147.39180580449582,150.9027808454485,145.96360743742733,146.46942138671875,69273700,0.0,0.0
2024-03-19 00:00:00-04:00,146.9455254768694,147.57035103072278,144.88257357013055,145.8247833251953,24070400,0.0,0.0
2024-03-20 00:00:00-04:00,146.78679725990156,147.639748173652,145.53713132595888,147.52073669433594,21311500,0.0,0.0
2024-03-21 00:00:00-04:00,148.24475722928597,149.13737364463717,145.6958169152109,146.3900909423828,24755600,0.0,0.0
2024-03-22 00:00:00-04:00,147.89764997541988,150.33749187334104,147.75879816878773,149.5341339111328,29211800,0.0,0.0
2024-03-25 00:00:00-04:00,148.71090455162476,149.14730017654827,146.60828759558476,148.83984375,19229300,0.0,0.0
2024-03-26 00:00:00-04:00,148.9885826192791,151.01185319432878,148.75054455539427,149.4348907470703,22149100,0.0,0.0
2024-03-27 00:00:00-04:00,149.94074197303146,150.39697792574609,147.6794327705728,149.63328552246094,22879200,0.0,0.0
2024-03-28 00:00:00-04:00,149.61346389057567,150.1886962178925,148.9390300924469,149.6927947998047,24485400,0.0,0.0
2024-04-01 00:00:00-04:00,149.45476709366227,154.4633742852125,149.3754210532241,154.21542358398438,31730800,0.0,0.0
2024-04-02 00:00:00-04:00,152.24172129726563,153.43188156405296,150.90278153856184,153.29302978515625,24586000,0.0,0.0
2024-04-03 00:00:00-04:00,152.34089851536356,153.8087622521674,151.47801988823227,153.6500701904297,24705000,0.0,0.0
2024-04-04 00:00:00-04:00,152.2417216532487,153.5013153792841,149.21672024838048,149.2960662841797,34724700,0.0,0.0
2024-04-05 00:00:00-04:00,148.80016963270904,152.1623804461379,148.37370170217739,151.2499237060547,23459200,0.0,0.0
2024-04-08 00:00:00-04:00,151.5276491644909,153.99724388762522,151.3590444838497,153.5806884765625,20702000,0.0,0.0
2024-04-09 00:00:00-04:00,154.81050082482042,157.26025503704565,153.9178843271403,155.3163299560547,31079500,0.0,0.0
2024-04-10 00:00:00-04:00,154.9295103592396,155.3262253958283,153.41203826670193,154.86007690429688,22838600,0.0,0.0
2024-04-11 00:00:00-04:00,155.62377976256258,158.37106260079813,155.1774715327962,158.10328674316406,27166400,0.0,0.0
2024-04-12 00:00:00-04:00,156.66516776322655,158.90663651169768,155.85188225072014,156.43704223632812,25353700,0.0,0.0
2024-04-15 00:00:00-04:00,157.55778721582507,157.93467710778722,153.32278518896982,153.590576171875,27136500,0.0,0.0
2024-04-16 00:00:00-04:00,152.92605303847483,154.3740764327273,152.17227333883514,153.1343231201172,20779500,0.0,0.0
2024-04-17 00:00:00-04:00,154.3443209821668,155.792359485905,153.3128529021601,154.195556640625,21763100,0.0,0.0
2024-04-18 00:00:00-04:00,154.0666645029772,155.65355525464724,153.35256517809685,154.73117065429688,19883000,0.0,0.0
2024-04-19 00:00:00-04:00,154.91959354072858,155.07828562000708,151.0515686940003,152.82688903808594,32615600,0.0,0.0
2024-04-22 00:00:00-04:00,153.04507926507185,156.34778422424392,152.7971285786509,154.99893188476562,26446200,0.0,0.0
2024-04-23 00:00:00-04:00,155.67339110483704,157.6669095018619,154.99895725783972,156.9627227783203,21151600,0.0,0.0
2024-04-24 00:00:00-04:00,156.19900577262248,158.26195711355743,155.88162165845978,157.8255615234375,22779100,0.0,0.0
2024-04-25 00:00:00-04:00,150.08950510920468,155.20721069723666,149.63326920623868,154.72122192382812,57109700,0.0,0.0
2024-04-26 00:00:00-04:00,172.94064243070838,173.27786687075127,168.2593321924788,170.5404815673828,64665300,0.0,0.0
2024-04-29 00:00:00-04:00,167.67417460775002,168.1601634153097,163.8557430067843,164.78802490234375,45610000,0.0,0.0
2024-04-30 00:00:00-04:00,164.25243622887484,166.72203025682094,161.2671157231008,161.4456329345703,33562900,0.0,0.0
2024-05-01 00:00:00-04:00,162.95318026028562,165.75005589531395,161.75309238141418,162.51678466796875,33493200,0.0,0.0
2024-05-02 00:00:00-04:00,163.43916484164697,165.36326455481128,162.54654844018515,165.25416564941406,24294500,0.0,0.0
2024-05-03 00:00:00-04:00,166.18646385430256,166.5831940285256,161.71343896761203,165.8690948486328,34662400,0.0,0.0
2024-05-06 00:00:00-04:00,166.08729275303767,166.76171134902742,164.66900697168114,166.7220458984375,21871300,0.0,0.0
2024-05-07 00:00:00-04:00,167.1187793592467,170.35205118536106,167.00968044096345,169.8462371826172,28039700,0.0,0.0
2024-05-08 00:00:00-04:00,167.6146567610361,168.75522381569002,167.35679350646177,167.99154663085938,19569100,0.0,0.0
2024-05-09 00:00:00-04:00,168.00148335133193,169.29083007689735,166.8013952497484,168.5668182373047,15346700,0.0,0.0
2024-05-10 00:00:00-04:00,166.65260426676096,168.45769242107335,164.82769095498062,167.26751708984375,29799900,0.0,0.0
2024-05-13 00:00:00-04:00,162.91350746089623,167.89236129533526,162.65564420480408,167.75350952148438,31327600,0.0,0.0
2024-05-14 00:00:00-04:00,168.37836010153808,169.8462239602229,167.41631020621995,168.9436798095703,25127100,0.0,0.0
2024-05-15 00:00:00-04:00,169.23130735927975,171.23473800953292,169.11228073886124,171.09588623046875,26948400,0.0,0.0
2024-05-16 00:00:00-04:00,171.8695237772749,173.6845249625746,171.27445109709072,172.75222778320312,27867900,0.0,0.0
2024-05-17 00:00:00-04:00,172.75219674772163,174.8250760090424,172.2662230829347,174.61679077148438,24479300,0.0,0.0
2024-05-20 00:00:00-04:00,174.74573004665857,177.30458297385175,174.63663113812171,175.46974182128906,22554400,0.0,0.0
2024-05-21 00:00:00-04:00,175.44989566739218,176.6896490712989,174.36883433127562,176.39212036132812,16989400,0.0,0.0
2024-05-22 00:00:00-04:00,175.19205213168274,175.69786612928917,173.7737813421162,174.93418884277344,17880000,0.0,0.0
2024-05-23 00:00:00-04:00,175.61853049301604,176.78885054238378,171.53229263275466,172.12738037109375,21024900,0.0,0.0
2024-05-24 00:00:00-04:00,173.5456447964723,174.32917746118142,172.22654529374813,173.55557250976562,16579400,0.0,0.0
2024-05-28 00:00:00-04:00,173.01999755281523,175.8168887472588,172.94065151179802,174.95401000976562,20572200,0.0,0.0
2024-05-29 00:00:00-04:00,173.99196607552997,175.3904117210104,173.28779452948098,174.45811462402344,23388700,0.0,0.0
2024-05-30 00:00:00-04:00,173.76383985817733,173.78368015073974,170.38178882747087,170.6991729736328,22931500,0.0,0.0
2024-05-31 00:00:00-04:00,170.4512148865134,171.6413751155462,168.05105413674661,171.08596801757812,37638900,0.0,0.0
2024-06-03 00:00:00-04:00,171.12563247401937,173.09932530985793,169.75695502874458,171.75047302246094,27459100,0.0,0.0
2024-06-04 00:00:00-04:00,171.85958824102724,172.42492310208857,170.480982952228,172.3654022216797,26879600,0.0,0.0
2024-06-05 00:00:00-04:00,173.7638369582265,175.2019479039631,172.50424324144495,173.9721221923828,22068500,0.0,0.0
2024-06-06 00:00:00-04:00,174.4580976777925,175.6978511153371,174.30933331877074,175.2812957763672,23251000,0.0,0.0
2024-06-07 00:00:00-04:00,175.59868809544102,176.4119585188029,172.8712304058679,173.02992248535156,19661400,0.0,0.0
2024-06-10 00:00:00-04:00,173.73488619485127,175.8101292272444,171.54047994095143,173.77459716796875,23726700,0.2,0.0
2024-06-11 00:00:00-04:00,174.97607487552963,175.59169348463175,172.54337230776866,175.3732452392578,21540600,0.0,0.0
2024-06-12 00:00:00-04:00,176.99173266950717,179.1364888587314,174.86683954251944,176.53497314453125,27864700,0.0,0.0
2024-06-13 00:00:00-04:00,174.8668444097431,175.49240210344783,173.64553119205647,173.92355346679688,20913300,0.0,0.0
2024-06-14 00:00:00-04:00,172.99020243322104,175.81015156626538,172.92068928258647,175.54205322265625,18063600,0.0,0.0
2024-06-17 00:00:00-04:00,174.2214273884837,177.10095011007647,173.57600667428076,175.98886108398438,19618500,0.0,0.0
2024-06-18 00:00:00-04:00,175.88955104751682,176.13778627340253,172.87101736722028,173.85401916503906,21869900,0.0,0.0
2024-06-20 00:00:00-04:00,174.1320532342393,176.0384980804116,173.7547459679952,175.0554962158203,20160100,0.0,0.0
2024-06-21 00:00:00-04:00,175.75055979188994,179.57338876304848,175.3633134017814,178.36199951171875,57759000,0.0,0.0
2024-06-24 00:00:00-04:00,178.8882466857276,179.61308934299385,177.4087592034553,177.9548797607422,18298000,0.0,0.0
2024-06-25 00:00:00-04:00,178.35208296162077,182.98911627361338,178.1534977635659,182.73095703125,23130200,0.0,0.0
2024-06-26 00:00:00-04:00,181.34085475988653,183.20757389828267,181.19190449042478,182.58203125,19839000,0.0,0.0
2024-06-27 00:00:00-04:00,182.87988309562385,184.73669324083986,182.7210240356858,184.10121154785156,18848900,0.0,0.0
2024-06-28 00:00:00-04:00,183.01890751714419,183.82318736943728,180.67556595744807,180.8642120361328,29156600,0.0,0.0
2024-07-01 00:00:00-04:00,181.73801420146654,182.5820202242078,180.02023028518573,181.69830322265625,16006100,0.0,0.0
2024-07-02 00:00:00-04:00,180.76493422110232,184.26009121150622,180.27838761712013,183.9324188232422,17372500,0.0,0.0
2024-07-03 00:00:00-04:00,183.54516199454144,184.77639921891327,182.7011560285435,184.50831604003906,10242100,0.0,0.0
2024-07-05 00:00:00-04:00,184.54801654082962,189.5127215858847,184.48844250446135,189.2545623779297,20967500,0.0,0.0
2024-07-08 00:00:00-04:00,188.55950207105113,188.8276004007438,186.4544718628467,187.69564819335938,21035900,0.0,0.0
2024-07-09 00:00:00-04:00,188.9665941471782,190.00918519904204,187.38782163636898,187.64598083496094,15121400,0.0,0.0
2024-07-10 00:00:00-04:00,187.81477541116223,190.39642795230205,187.69562734501247,189.8304443359375,15952500,0.0,0.0
2024-07-11 00:00:00-04:00,188.50988833991096,189.51275347336664,183.7735546876896,184.26010131835938,25625800,0.0,0.0
2024-07-12 00:00:00-04:00,183.77351953652854,185.78918852634615,183.18768799095292,183.7635955810547,22898400,0.0,0.0
2024-07-15 00:00:00-04:00,183.61466683145176,186.9112385638258,183.61466683145176,185.2133026123047,16474000,0.0,0.0
2024-07-16 00:00:00-04:00,186.03743905754484,187.34811338839907,182.0755987428797,182.62171936035156,18290700,0.0,0.0
2024-07-17 00:00:00-04:00,181.6784348799773,182.2543425380115,178.63009842037727,179.74220275878906,20734100,0.0,0.0
2024-07-18 00:00:00-04:00,180.64577548557426,181.2117592115202,175.22432531102865,176.4357147216797,25315700,0.0,0.0
2024-07-19 00:00:00-04:00,177.61730362532302,179.01733902058587,175.87965675110726,176.40591430664062,18881900,0.0,0.0
2024-07-22 00:00:00-04:00,179.31522557776697,181.41033185766577,178.9577661837674,180.38760375976562,24100300,0.0,0.0
2024-07-23 00:00:00-04:00,180.76491875098247,182.31390434397233,180.258509125605,180.50674438476562,36352700,0.0,0.0
2024-07-24 00:00:00-04:00,172.37454609585706,174.94625938754677,170.6071125080407,171.41139221191406,49585200,0.0,0.0
2024-07-25 00:00:00-04:00,171.3022145629285,172.19585555378663,166.00983631882548,166.0991973876953,44852000,0.0,0.0
2024-07-26 00:00:00-04:00,165.97008682721892,166.90345381803442,162.90190268589552,165.82115173339844,41336900,0.0,0.0
2024-07-29 00:00:00-04:00,167.63824201341453,169.22693862858085,166.80417515412134,168.3332977294922,20293800,0.0,0.0
2024-07-30 00:00:00-04:00,169.03827095768605,170.02127279088597,167.25097423676394,169.08790588378906,18959700,0.0,0.0
2024-07-31 00:00:00-04:00,172.01711347343624,173.01997848256258,168.80990296351985,170.3291015625,25729100,0.0,0.0
2024-08-01 00:00:00-04:00,169.0482167160951,172.82139580223534,167.6878923021726,169.5546112060547,24531400,0.0,0.0
2024-08-02 00:00:00-04:00,165.26511803151652,167.3204982165653,163.50760805366414,165.4835662841797,29130100,0.0,0.0
2024-08-05 00:00:00-04:00,154.40234063596142,163.26929736266635,153.8363569379613,158.12586975097656,53630700,0.0,0.0
2024-08-06 00:00:00-04:00,158.2053051541738,159.43655755600886,155.3059189992834,157.17263793945312,49004600,0.0,0.0
2024-08-07 00:00:00-04:00,160.11174561926643,161.82952940748444,157.35137068982363,157.81805419921875,25138600,0.0,0.0
2024-08-08 00:00:00-04:00,159.37697100848436,162.53453159498838,159.0791007984094,160.88624572753906,25578800,0.0,0.0
2024-08-09 00:00:00-04:00,158.88048081312152,162.63379650679866,157.9371899119943,162.5146484375,28602300,0.0,0.0
2024-08-12 00:00:00-04:00,163.1898651801224,163.73597062856854,160.69757348531624,161.14439392089844,15895300,0.0,0.0
2024-08-13 00:00:00-04:00,162.25648447214553,163.56715864917211,161.81958802944447,163.00119018554688,18551700,0.0,0.0
2024-08-14 00:00:00-04:00,161.25361460284537,162.06783350679044,156.5967339743886,159.23794555664062,40591100,0.0,0.0
2024-08-15 00:00:00-04:00,159.36703635252704,160.49898852805327,158.4833194361169,160.16139221191406,31524300,0.0,0.0
2024-08-16 00:00:00-04:00,160.3302046522989,163.89485965448893,159.99260830608642,161.8096923828125,24208600,0.0,0.0
2024-08-19 00:00:00-04:00,164.1132970310061,165.5133475605536,163.1004929084528,165.4934844970703,22416200,0.0,0.0
2024-08-20 00:00:00-04:00,165.72187088023108,167.4495939252533,165.64244892165763,165.99989318847656,18341500,0.0,0.0
2024-08-21 00:00:00-04:00,163.984189478023,165.67220118965227,163.5075820711663,164.67926025390625,22902000,0.0,0.0
2024-08-22 00:00:00-04:00,166.07930514645545,166.406977492495,162.15719125168386,162.64373779296875,22493300,0.0,0.0
2024-08-23 00:00:00-04:00,163.557225951336,165.00691117799698,162.67350915804724,164.45086669921875,13955700,0.0,0.0
2024-08-26 00:00:00-04:00,165.20550875294475,166.36724776645642,163.29906407812496,164.987060546875,14190400,0.0,0.0
2024-08-27 00:00:00-04:00,164.66933228950003,165.26510295168842,163.29908400819048,163.51751708984375,11821900,0.0,0.0
2024-08-28 00:00:00-04:00,163.87496740248727,164.431027060309,160.38975012916,161.700439453125,16407400,0.0,0.0
2024-08-29 00:00:00-04:00,163.15012461387778,164.7984102225247,159.11878679232862,160.6379852294922,19699800,0.0,0.0
2024-08-30 00:00:00-04:00,161.47208537407533,162.50475265729827,160.54865737475214,162.2267303466797,22123800,0.0,0.0
2024-09-03 00:00:00-04:00,160.57844587255263,160.70753307191137,155.37542873116885,156.2492218017578,38945300,0.0,0.0
2024-09-04 00:00:00-04:00,155.55413584223268,157.8776140734706,154.85908019413716,155.34561157226562,19353800,0.0,0.0
2024-09-05 00:00:00-04:00,155.1966988484402,158.32445729106303,154.87895042005644,156.13006591796875,18688700,0.0,0.0
2024-09-06 00:00:00-04:00,156.1896446256026,156.71590221863735,149.4872919188711,149.85467529296875,37912100,0.0,0.0
2024-09-09 00:00:00-04:00,151.63438731483413,152.51927694187998,146.3747655212842,147.85621643066406,39260500,0.2,0.0
2024-09-10 00:00:00-04:00,149.58620426686707,150.4015036061094,147.48831800096144,147.80648803710938,31118800,0.0,0.0
2024-09-11 00:00:00-04:00,149.0592434246133,150.63017379029483,146.67302891819028,150.29212951660156,29607700,0.0,0.0
2024-09-12 00:00:00-04:00,152.91699025153633,153.931138367879,151.7735836501272,153.8018798828125,29621500,0.0,0.0
2024-09-13 00:00:00-04:00,154.53761027887018,157.47068534964538,154.318887339598,156.55596923828125,29591200,0.0,0.0
2024-09-16 00:00:00-04:00,156.4068328344505,157.34143843484944,155.70091765708278,157.15252685546875,18379800,0.0,0.0
2024-09-17 00:00:00-04:00,158.107008079676,159.628222536102,157.47068317745328,158.40528869628906,20715600,0.0,0.0
2024-09-18 00:00:00-04:00,158.9421872798641,159.57851220454893,157.68942685128602,158.89247131347656,23677300,0.0,0.0
2024-09-19 00:00:00-04:00,162.77009990036774,162.8496272464335,160.41369644399956,161.2091064453125,26587700,0.0,0.0
2024-09-20 00:00:00-04:00,162.5612924555598,162.78996770160265,161.1295575441582,162.65077209472656,40896400,0.0,0.0
2024-09-23 00:00:00-04:00,163.40642311261095,164.5398774216767,160.74180191250147,160.9207763671875,24150900,0.0,0.0
2024-09-24 00:00:00-04:00,162.09398745781283,162.28289902982328,159.7674258440889,161.3582305908203,23332100,0.0,0.0
2024-09-25 00:00:00-04:00,160.5429462723237,161.87524922923666,160.37392412147798,160.56283569335938,18869200,0.0,0.0
2024-09-26 00:00:00-04:00,162.7004790534292,163.13795527115403,161.34828673099906,161.7957000732422,20319300,0.0,0.0
2024-09-27 00:00:00-04:00,161.87525844392792,164.74866551423864,161.69629915796872,163.0087127685547,21101300,0.0,0.0
2024-09-30 00:00:00-04:00,162.38233858584195,165.19607736347226,162.32267031989335,164.89781188964844,20413900,0.0,0.0
2024-10-01 00:00:00-04:00,166.72722798963838,168.18878935347016,163.63508311957565,166.03125,28338100,0.0,0.0
2024-10-02 00:00:00-04:00,165.46452779504156,166.5582184121097,163.7842281975384,164.90774536132812,17760200,0.0,0.0
2024-10-03 00:00:00-04:00,163.4660733087808,165.6832659184552,162.9788810936898,164.90774536132812,15073100,0.0,0.0
2024-10-04 00:00:00-04:00,167.0950886229922,167.26411075507784,164.52989975669306,166.100830078125,19047400,0.0,0.0
2024-10-07 00:00:00-04:00,166.75704136805373,167.51267238697537,161.81557527499385,162.04425048828125,22463100,0.0,0.0
2024-10-08 00:00:00-04:00,162.99875730912473,163.78421492779364,161.93489332497202,163.4362335205078,23072700,0.0,0.0
2024-10-09 00:00:00-04:00,162.51156208330087,163.89358090449505,158.8228712424478,160.93069458007812,31181800,0.0,0.0
2024-10-10 00:00:00-04:00,159.94640007740227,162.13378146188393,159.47909725173434,161.1494598388672,14144100,0.0,0.0
2024-10-11 00:00:00-04:00,161.19915249290503,162.9589793006072,160.3142629412503,162.3027801513672,15344300,0.0,0.0
2024-10-14 00:00:00-04:00,162.70048027253844,165.27560646204375,162.46185274166893,164.01290893554688,19016100,0.0,0.0
2024-10-15 00:00:00-04:00,164.83811699261406,166.71726503003,163.6847886140636,164.51002502441406,20247200,0.0,0.0
2024-10-16 00:00:00-04:00,163.58537367338423,164.84808640066018,162.7999160190336,164.21176147460938,16406000,0.0,0.0
2024-10-17 00:00:00-04:00,164.77847983302945,165.4148047545223,161.82553046438127,161.9945526123047,21453400,0.0,0.0
2024-10-18 00:00:00-04:00,162.25307524146882,163.76435267205474,162.14370618061358,162.48175048828125,19757700,0.0,0.0
2024-10-21 00:00:00-04:00,162.01444125458505,163.5555451703661,161.68633408506915,163.12802124023438,20946500,0.0,0.0
2024-10-22 00:00:00-04:00,162.04426180421996,164.81825178422423,162.04426180421996,164.19186401367188,16568100,0.0,0.0
2024-10-23 00:00:00-04:00,163.8140255377703,164.8679522950324,161.0002721529637,161.84539794921875,18280500,0.0,0.0
2024-10-24 00:00:00-04:00,161.89513565846306,162.39226497688696,160.0855776572324,161.7857666015625,22412500,0.0,0.0
2024-10-25 00:00:00-04:00,162.73028629423115,164.63926078688286,162.48172167011742,164.32110595703125,19828900,0.0,0.0
2024-10-28 00:00:00-04:00,167.78114595500233,167.78114595500233,163.00870143582344,165.76280212402344,32138600,0.0,0.0
2024-10-29 00:00:00-04:00,166.76700909757434,169.4018037804766,166.1306841303376,168.705810546875,42169000,0.0,0.0
2024-10-30 00:00:00-04:00,179.6426331826948,180.9749512117023,173.06064622942904,173.45835876464844,68890800,0.0,0.0
2024-10-31 00:00:00-04:00,172.1359852263983,175.8048016523507,170.01820968952273,170.12757873535156,44769000,0.0,0.0
2024-11-01 00:00:00-04:00,169.0935675366594,171.33064938867685,167.91039737420323,170.30654907226562,31796500,0.0,0.0
2024-11-04 00:00:00-05:00,168.954351474997,169.74976136503125,167.04537684162395,168.26832580566406,21492700,0.0,0.0
2024-11-05 00:00:00-05:00,168.45723948005892,169.55093008750674,167.87063050478386,168.76547241210938,18242100,0.0,0.0
2024-11-06 00:00:00-05:00,172.8021647148181,175.92413641911588,172.50388407123629,175.49659729003906,33695500,0.0,0.0
2024-11-07 00:00:00-05:00,176.3914145518733,180.0403416420051,176.17267645525013,179.7122344970703,25352900,0.0,0.0
2024-11-08 00:00:00-05:00,179.612801825818,179.86136646447602,177.05756522942787,177.32601928710938,22006200,0.0,0.0
2024-11-11 00:00:00-05:00,177.55470270682915,179.513393363608,177.44533365392132,179.31454467773438,17450400,0.0,0.0
2024-11-12 00:00:00-05:00,178.78758666786376,181.44225527864106,178.3600475857902,180.57723999023438,25134900,0.0,0.0
2024-11-13 00:00:00-05:00,179.423911961303,179.9210412566759,177.51492211643085,177.8529815673828,23184000,0.0,0.0
2024-11-14 00:00:00-05:00,177.25644065886235,177.79334885525918,173.3191846841435,174.5719451904297,31007500,0.0,0.0
2024-11-15 00:00:00-05:00,172.73255057874763,173.1402002652983,170.236966835199,171.4996795654297,32504600,0.0,0.0
2024-11-18 00:00:00-05:00,172.424337422112,174.4327441914951,171.90731866370794,174.29354858398438,20135300,0.0,0.0
2024-11-19 00:00:00-05:00,172.72260407260165,177.8430297605378,172.56351905656155,177.0973358154297,23434900,0.0,0.0
2024-11-20 00:00:00-05:00,176.32182739630647,176.65987170014589,172.78226898861567,174.96963500976562,18997100,0.0,0.0
2024-11-21 00:00:00-05:00,172.9015782767723,173.1302686962832,162.76014278127062,166.66758728027344,59734400,0.0,0.0
2024-11-22 00:00:00-05:00,164.8978098993039,165.5043083073982,162.95899331574788,163.81405639648438,38604600,0.0,0.0
2024-11-25 00:00:00-05:00,165.13639806236714,167.6618232619843,164.65915820880082,166.68743896484375,33135300,0.0,0.0
2024-11-26 00:00:00-05:00,166.66758166120195,168.84501052303654,166.61786569467208,168.14901733398438,20486700,0.0,0.0
2024-11-27 00:00:00-05:00,168.02970184723952,168.50694172289835,167.0553326761747,168.2583770751953,19266500,0.0,0.0
2024-11-29 00:00:00-05:00,167.53256715154302,168.45722032902532,166.20026432388437,167.97998046875,14257200,0.0,0.0
2024-12-02 00:00:00-05:00,167.80103219947992,171.09202581712017,167.60218350894124,170.5054168701172,23789100,0.0,0.0
2024-12-03 00:00:00-05:00,170.50542536954606,171.68858044714352,169.86910042539293,170.3562774658203,22248700,0.0,0.0
2024-12-04 00:00:00-05:00,170.1673520843779,173.90577410275552,170.0778724521122,173.36886596679688,31615100,0.0,0.0
2024-12-05 00:00:00-05:00,174.35318831054713,175.0491662947447,171.34058597302015,171.6488037109375,21356200,0.0,0.0
2024-12-06 00:00:00-05:00,171.0423185605895,174.07481055205204,170.87329640646647,173.70693969726562,21462400,0.0,0.0
2024-12-09 00:00:00-05:00,173.1594882756702,175.44889212655548,172.85090205616515,174.56298828125,25389600,0.2,0.0
2024-12-10 00:00:00-05:00,182.00855531536865,185.502397306232,180.21683563214248,184.31787109375,54813000,0.0,0.0
2024-12-11 00:00:00-05:00,184.45722971599074,194.7098337526011,183.99935507018319,194.50079345703125,67894100,0.0,0.0
2024-12-12 00:00:00-05:00,194.10263323797517,194.28179760891206,190.8277801088796,191.07662963867188,34817500,0.0,0.0
2024-12-13 00:00:00-05:00,190.1309984875668,191.84308455058388,188.76730785856873,188.9464874267578,25143500,0.0,0.0
2024-12-16 00:00:00-05:00,191.98242240358925,198.08421748080238,191.733572884141,195.75498962402344,44934900,0.0,0.0
2024-12-17 00:00:00-05:00,196.3422712265007,200.4930793963414,194.082713332717,194.52069091796875,43504000,0.0,0.0
2024-12-18 00:00:00-05:00,194.32161160052223,196.09341894237798,186.87603832190538,187.53298950195312,34166100,0.0,0.0
2024-12-19 00:00:00-05:00,190.74815442108678,192.14170577082706,187.51311039837418,187.6425018310547,32265200,0.0,0.0
2024-12-20 00:00:00-05:00,184.92506321844033,192.00234452424112,184.36764269628742,190.52915954589844,63462900,0.0,0.0
2024-12-23 00:00:00-05:00,191.73358450411797,194.20218282242337,189.2749498878787,193.73434448242188,25675000,0.0,0.0
2024-12-24 00:00:00-05:00,193.94335970742864,195.20751953125,192.88824016493578,195.20751953125,10403300,0.0,0.0
2024-12-26 00:00:00-05:00,194.25194880473947,195.84459196860374,193.48550314170072,194.69989013671875,12046600,0.0,0.0
2024-12-27 00:00:00-05:00,194.05284898883724,194.42115659969988,189.77263428806026,191.8729248046875,18891400,0.0,0.0
2024-12-30 00:00:00-05:00,188.92657901389887,191.66392402935992,188.2497003483825,190.35995483398438,14264700,0.0,0.0
2024-12-31 00:00:00-05:00,190.2006709297877,191.07662611886298,187.6424905201336,188.42886352539062,17466900,0.0,0.0
2025-01-02 00:00:00-05:00,189.77266033181004,191.1164539742449,186.63716208422355,188.5582733154297,20370800,0.0,0.0
2025-01-03 00:00:00-05:00,190.489329030918,192.32087307336826,189.10572628313417,190.9073944091797,18596200,0.0,0.0
2025-01-06 00:00:00-05:00,193.08731986382298,197.30781329054136,192.9579284385956,195.96401977539062,29563600,0.0,0.0
2025-01-07 00:00:00-05:00,196.20293323603758,200.0750314967655,193.70448930563006,194.59039306640625,26487200,0.0,0.0
2025-01-08 00:00:00-05:00,191.68381035591298,195.38667713957392,191.49468229567276,193.0574493408203,24864800,0.0,0.0
2025-01-10 00:00:00-05:00,193.40585949210492,195.61564455345277,189.4342154897214,191.15625,26665200,0.0,0.0
2025-01-13 00:00:00-05:00,189.19533519391976,190.30021256834414,186.4977995025927,190.13099670410156,21823700,0.0,0.0
2025-01-14 00:00:00-05:00,190.3599316953501,191.09651654383717,187.44340746260227,188.78720092773438,17174900,0.0,0.0
2025-01-15 00:00:00-05:00,192.20142977574318,195.45638605757955,190.97709427450172,194.65011596679688,21776000,0.0,0.0
2025-01-16 00:00:00-05:00,193.2465980564925,194.5804279448186,191.92271668187493,192.0222625732422,17815400,0.0,0.0
2025-01-17 00:00:00-05:00,195.6255975250055,196.3223731934333,192.85839187855623,195.09803771972656,27735100,0.0,0.0
2025-01-21 00:00:00-05:00,198.15390588987137,201.3590737795005,196.9594160260543,197.1385955810547,29971300,0.0,0.0
2025-01-22 00:00:00-05:00,198.14394994474472,199.5574134711185,196.62099201618707,197.45712280273438,26200600,0.0,0.0
2025-01-23 00:00:00-05:00,197.22819130144518,199.3782549776066,194.30171827365388,197.0689239501953,26951400,0.0,0.0
2025-01-24 00:00:00-05:00,197.18837511510904,199.9754777209976,197.08882922694013,199.28866577148438,23877500,0.0,0.0
2025-01-27 00:00:00-05:00,191.5245673708486,195.97399844848505,189.85229053116194,190.9273223876953,41728900,0.0,0.0
2025-01-28 00:00:00-05:00,191.8629920734772,194.58042475121238,189.80251062684363,194.40126037597656,24157900,0.0,0.0
2025-01-29 00:00:00-05:00,194.66004582386458,195.88438120776217,192.5398430560715,194.5107421875,18218300,0.0,0.0
2025-01-30 00:00:00-05:00,197.0888449414686,200.4731927690754,196.76036171060426,199.9456329345703,24354700,0.0,0.0
2025-01-31 00:00:00-05:00,201.0704225036096,204.5344037474068,200.87134591508243,203.0811309814453,32001100,0.0,0.0
2025-02-03 00:00:00-05:00,199.76644678798675,202.8123625387659,199.17916555521708,200.303955078125,27838300,0.0,0.0
2025-02-04 00:00:00-05:00,202.454021509494,206.09718224678258,201.87668878157095,205.43026733398438,43856400,0.0,0.0
2025-02-05 00:00:00-05:00,190.19072588273337,191.86298743209488,187.16470709545553,190.44952392578125,70373900,0.0,0.0
2025-02-06 00:00:00-05:00,188.62793494754752,191.21597601434,187.85152566522362,190.71827697753906,29297400,0.0,0.0
2025-02-07 00:00:00-05:00,190.1708212328695,190.3002126652559,182.39676404459453,184.48709106445312,49315000,0.0,0.0
2025-02-10 00:00:00-05:00,186.4878479252447,187.33392723255807,185.00469922620795,185.6118927001953,23105600,0.0,0.0
2025-02-11 00:00:00-05:00,184.17851963260873,186.07973375626966,183.43197101543439,184.46719360351562,21239500,0.0,0.0
2025-02-12 00:00:00-05:00,182.37684051579572,184.25814231125668,180.9932377687485,182.76504516601562,22072600,0.0,0.0
2025-02-13 00:00:00-05:00,183.47178484763324,185.42275661553663,182.29720719308074,185.2834014892578,21402500,0.0,0.0
2025-02-14 00:00:00-05:00,184.20837813225802,185.54220800020582,183.4717932262479,184.37759399414062,20448400,0.0,0.0
2025-02-18 00:00:00-05:00,184.74589678490392,185.10424071494356,180.90365944170068,182.92431640625,29916700,0.0,0.0
2025-02-19 00:00:00-05:00,183.22294469175932,184.60654751219354,182.74514264416922,184.41741943359375,19549400,0.0,0.0
2025-02-20 00:00:00-05:00,183.9495791218272,184.4572267048234,181.87914917011352,183.71067810058594,20441500,0.0,0.0
2025-02-21 00:00:00-05:00,184.29794713548316,184.48707519951907,178.25588873059436,178.83322143554688,35199200,0.0,0.0
2025-02-24 00:00:00-05:00,181.15252162389993,182.2773112476267,178.06678116700198,178.4251251220703,29854200,0.0,0.0
2025-02-25 00:00:00-05:00,177.22067008112575,177.91746089820734,173.88609557732903,174.61273193359375,41913400,0.0,0.0
2025-02-26 00:00:00-05:00,174.26433193161566,175.26967842516103,170.79038750789957,171.93508911132812,35431300,0.0,0.0
2025-02-27 00:00:00-05:00,173.18931986196714,173.75668887755327,167.1671583548918,167.72457885742188,39991000,0.0,0.0
2025-02-28 00:00:00-05:00,167.90374066525882,169.82486685567105,166.00254187779413,169.4963836669922,48130600,0.0,0.0
2025-03-03 00:00:00-05:00,171.13879690224084,172.57217267061702,165.1664079930538,166.24143981933594,40770500,0.0,0.0
2025-03-04 00:00:00-05:00,165.47499722472898,172.49254217135646,165.03701959982106,170.13345336914062,45388000,0.0,0.0
2025-03-05 00:00:00-05:00,169.735320199769,172.98031314841538,168.28203201736844,172.22381591796875,30954900,0.0,0.0
2025-03-06 00:00:00-05:00,169.7452527625135,174.00555581661285,169.71539203178713,171.556884765625,28302000,0.0,0.0
2025-03-07 00:00:00-05:00,170.47186499407138,174.16479845161754,169.48643064283362,173.05990600585938,27385800,0.0,0.0
2025-03-10 00:00:00-04:00,167.6785699397653,167.87789100205225,163.12436954047675,165.2968292236328,43604000,0.2,0.0
2025-03-11 00:00:00-04:00,164.34014854098334,166.17378667553444,160.81237268027317,163.47314453125,39587400,0.0,0.0
2025-03-12 00:00:00-04:00,166.0043948548276,167.06072965689114,162.96493090148982,166.53256225585938,28372400,0.0,0.0
2025-03-13 00:00:00-04:00,165.4662354123983,165.55593597038603,161.54982298434425,162.19757080078125,31756200,0.0,0.0
2025-03-14 00:00:00-04:00,162.70582188820455,165.91469633780176,161.88864811378173,164.91815185546875,31995900,0.0,0.0
2025-03-17 00:00:00-04:00,164.4597537744784,165.72536967150563,163.10445251309577,163.72230529785156,31184300,0.0,0.0
2025-03-18 00:00:00-04:00,163.11440067725707,163.68243835584954,156.17845929337233,160.11480712890625,42074800,0.0,0.0
2025-03-19 00:00:00-04:00,161.20103994792456,165.2968386316175,160.44367156873926,163.3236846923828,34275600,0.0,0.0
2025-03-20 00:00:00-04:00,161.01169658179438,164.3202162999389,160.40380384962694,162.23744201660156,28138500,0.0,0.0
2025-03-21 00:00:00-04:00,160.65294731947398,163.67247597151626,160.33404577702316,163.42333984375,36625800,0.0,0.0
2025-03-24 00:00:00-04:00,166.492708348571,167.7383890591239,164.56936942432435,167.1005859375,30879100,0.0,0.0
2025-03-25 00:00:00-04:00,168.396114937279,170.0404227747996,167.73840700833577,169.9706573486328,24174400,0.0,0.0
2025-03-26 00:00:00-04:00,168.41602720143118,169.0239199788623,164.27039826701778,164.48963928222656,28901600,0.0,0.0
2025-03-27 00:00:00-04:00,164.06112302928733,164.84838647984,161.44020617422274,161.67938232421875,24508300,0.0,0.0
2025-03-28 00:00:00-04:00,159.935424629148,161.26083057547865,153.09912907789933,153.7967071533203,48669300,0.0,0.0
2025-03-31 00:00:00-04:00,152.58092477046202,155.0025205393741,150.13939385440554,154.1056365966797,54603500,0.0,0.0
2025-04-01 00:00:00-04:00,153.08917642482464,157.55370717648853,153.08917642482464,156.5272674560547,30672900,0.0,0.0
2025-04-02 00:00:00-04:00,154.61387643325034,157.86262130532444,154.1654344397735,156.49734497070312,25041700,0.0,0.0
2025-04-03 00:00:00-04:00,150.58783997911712,152.25206746912303,149.87032672274708,150.19918823242188,46883400,0.0,0.0
2025-04-04 00:00:00-04:00,147.49855413182192,150.54799324363788,144.8776522919314,145.09689331054688,62259500,0.0,0.0
2025-04-07 00:00:00-04:00,141.06087632952463,152.3218321659185,140.04439668677543,146.24290466308594,76794100,0.0,0.0
2025-04-08 00:00:00-04:00,150.69745588802078,151.7139355045659,142.5357542501846,144.19998168945312,52200200,0.0,0.0
2025-04-09 00:00:00-04:00,143.9209605893895,158.99868434001036,143.41272834835817,158.16159057617188,70406200,0.0,0.0
2025-04-10 00:00:00-04:00,155.99906254121734,157.17499290712513,149.41190307502956,152.29193115234375,48022000,0.0,0.0
2025-04-11 00:00:00-04:00,152.37164602184413,157.1251674838408,152.29193584419684,156.5970001220703,33636200,0.0,0.0
2025-04-14 00:00:00-04:00,159.44711904636745,161.16117679260088,157.0155480479404,158.5203399658203,30333000,0.0,0.0
2025-04-15 00:00:00-04:00,158.58014524074957,159.09833747842598,154.6736922783896,155.76988220214844,27551500,0.0,0.0
2025-04-16 00:00:00-04:00,152.5709851557027,155.35133791385522,150.98646767664792,152.80018615722656,28187400,0.0,0.0
2025-04-17 00:00:00-04:00,153.75683862644127,154.14549035907424,147.98685287180376,150.63766479492188,33046600,0.0,0.0
2025-04-21 00:00:00-04:00,148.36555457655837,148.43530478654532,145.59516199807078,147.15972900390625,26049100,0.0,0.0
2025-04-22 00:00:00-04:00,148.3755226432022,151.6641228147109,148.02672595604838,150.9466094970703,26971800,0.0,0.0
2025-04-23 00:00:00-04:00,155.07229801307963,156.98566172409713,153.27851478210604,154.81320190429688,31128800,0.0,0.0
2025-04-24 00:00:00-04:00,155.6104249592094,159.03854063446718,155.2516683139833,158.7296142578125,45894000,0.0,0.0
2025-04-25 00:00:00-04:00,164.49959867786362,165.52603823874784,160.48351057877483,161.4003448486328,56034000,0.0,0.0
2025-04-28 00:00:00-04:00,161.86871096281394,162.58622419769722,158.05195902405725,160.0550079345703,29745800,0.0,0.0
2025-04-29 00:00:00-04:00,159.76603342291708,160.18458031932272,156.97570557414937,159.60658264160156,26809000,0.0,0.0
2025-04-30 00:00:00-04:00,157.43409270690867,158.7196436016194,154.86300612354924,158.2512664794922,34981100,0.0,0.0
2025-05-01 00:00:00-04:00,159.8955611021286,161.39037784388623,158.36088927125815,160.7426300048828,30203200,0.0,0.0
2025-05-02 00:00:00-04:00,162.84535826769726,164.39996542535462,161.31067105386134,163.4632110595703,25715000,0.0,0.0
2025-05-05 00:00:00-04:00,162.436752596043,164.81849332954616,162.15772135408076,163.642578125,21341800,0.0,0.0
2025-05-06 00:00:00-04:00,161.60963501178307,164.23055216038995,160.63302556719455,162.6659698486328,21277200,0.0,0.0
2025-05-07 00:00:00-04:00,163.5130310359637,164.42985019413678,147.32914212449143,150.85691833496094,127490100,0.0,0.0
2025-05-08 00:00:00-04:00,154.46440047734652,155.39117958130052,152.37165090458322,153.74688720703125,57498700,0.0,0.0
2025-05-09 00:00:00-04:00,153.6372746936992,154.5142387821615,151.67408067225014,152.22218322753906,32435300,0.0,0.0
2025-05-12 00:00:00-04:00,156.94581087118723,158.5502482480448,155.7100901217978,157.91246032714844,44138800,0.0,0.0
2025-05-13 00:00:00-04:00,158.24131128306263,160.0151746711756,155.62040930962155,158.978759765625,42382100,0.0,0.0
2025-05-14 00:00:00-04:00,159.40725946266062,166.4229258122212,159.0584628171564,164.79855346679688,48755900,0.0,0.0
2025-05-15 00:00:00-04:00,165.26694125278715,165.6356730691148,161.80893051621783,163.39344787597656,33146700,0.0,0.0
2025-05-16 00:00:00-04:00,167.15039440077075,168.76480673115492,165.04768502743337,165.61572265625,42846900,0.0,0.0
2025-05-19 00:00:00-04:00,163.94152401470697,166.06416858529283,163.65253281131433,165.96450805664062,30426100,0.0,0.0
2025-05-20 00:00:00-04:00,165.8548915457752,167.91774593119885,162.337090725838,163.41336059570312,46607700,0.0,0.0
2025-05-21 00:00:00-04:00,163.12438701474937,172.54173038625467,162.99483135159699,167.97755432128906,73416000,0.0,0.0
2025-05-22 00:00:00-04:00,171.25616550038472,176.15916224613377,170.12010546424852,170.279541015625,74864400,0.0,0.0
2025-05-23 00:00:00-04:00,168.47582079984258,169.37272002705043,167.30986548992928,167.8878631591797,35211400,0.0,0.0
2025-05-27 00:00:00-04:00,169.57202886061165,172.5716225630013,169.4125780788469,172.30255126953125,37995700,0.0,0.0
2025-05-28 00:00:00-04:00,172.56165823831284,174.66436785084326,171.31597754856884,171.76441955566406,34784000,0.0,0.0
2025-05-29 00:00:00-04:00,173.39874848808273,173.81729536660228,170.04039828273065,171.26614379882812,29317300,0.0,0.0
2025-05-30 00:00:00-04:00,170.75789369177105,171.6149225074488,166.86140133176752,171.14654541015625,52639900,0.0,0.0
2025-06-02 00:00:00-04:00,167.26003241267054,169.28301661805224,166.81159040962694,168.4459228515625,38612300,0.0,0.0
2025-06-03 00:00:00-04:00,166.91124474262,167.89781407143477,164.70887469424017,165.6057586669922,45084900,0.0,0.0
2025-06-04 00:00:00-04:00,166.1638436483944,167.63872532387313,165.78515185366567,167.4693145751953,26900800,0.0,0.0
2025-06-05 00:00:00-04:00,169.75139851627495,170.33935616350743,167.01090094696792,167.62876892089844,36379100,0.0,0.0
2025-06-06 00:00:00-04:00,170.239706414102,173.897023068816,170.239706414102,173.07984924316406,35731800,0.0,0.0
2025-06-09 00:00:00-04:00,174.14745263351276,176.0731199779413,173.9778367906517,175.6939697265625,28935900,0.21,0.0
2025-06-10 00:00:00-04:00,175.80372221831115,180.70268325607967,174.5166301339373,178.19833374023438,61766100,0.0,0.0
2025-06-11 00:00:00-04:00,179.36569688795734,179.96433833777158,176.352484683136,176.95114135742188,31646800,0.0,0.0
2025-06-12 00:00:00-04:00,175.78375628436552,176.32255032681226,174.3569797237004,175.30484008789062,20941900,0.0,0.0
2025-06-13 00:00:00-04:00,172.05218023736916,176.73163473712606,172.00228964381978,174.27716064453125,27663100,0.0,0.0
2025-06-16 00:00:00-04:00,174.33701609632743,176.5420523549515,174.25719419482596,176.3724365234375,27389200,0.0,0.0
2025-06-17 00:00:00-04:00,175.30483777675101,176.96110799729416,174.1873615915514,175.5542755126953,24973000,0.0,0.0
2025-06-18 00:00:00-04:00,175.6141436330853,176.16290971424257,172.81046582918458,172.93020629882812,28707500,0.0,0.0
2025-06-20 00:00:00-04:00,173.55878574385125,173.94790803011588,165.08788938336605,166.26522827148438,75659900,0.0,0.0
2025-06-23 00:00:00-04:00,165.8960542954959,166.9636398925432,161.63565348702906,164.8184814453125,57671000,0.0,0.0
2025-06-24 00:00:00-04:00,166.5445998017471,167.84167918331357,165.75638318822968,166.3949432373047,40524300,0.0,0.0
2025-06-25 00:00:00-04:00,167.25301404319714,171.97237226546412,167.17319213194548,170.296142578125,35479000,0.0,0.0
2025-06-26 00:00:00-04:00,172.04218458564608,173.29936049404486,169.55779452756443,173.14968872070312,31796700,0.0,0.0
2025-06-27 00:00:00-04:00,173.14969619543672,178.27813555923768,171.3437693802371,178.12847900390625,108140200,0.0,0.0
2025-06-30 00:00:00-04:00,180.3734186271616,180.82240351749414,174.1873656755976,175.83364868164062,63378900,0.0,0.0
2025-07-01 00:00:00-04:00,175.3447530851258,175.6939567742825,173.139716841545,175.44451904296875,35904500,0.0,0.0
2025-07-02 00:00:00-04:00,175.14518633422566,178.4577266308603,174.67625741761273,178.23822021484375,29128900,0.0,0.0
2025-07-03 00:00:00-04:00,178.09853847776557,179.265905222364,176.65180269468908,179.126220703125,21689700,0.0,0.0
2025-07-07 00:00:00-04:00,178.65727862884938,178.89674433224096,175.28487562232132,176.3923797607422,34175600,0.0,0.0
2025-07-08 00:00:00-04:00,177.4500058972594,177.54977185383785,172.42133277200756,173.9678497314453,40442500,0.0,0.0
2025-07-09 00:00:00-04:00,174.85584916951822,179.03642797074187,172.38143114455036,176.22276306152344,43025600,0.0,0.0
2025-07-10 00:00:00-04:00,175.2350053597822,178.02869585837095,173.98781666417247,177.22052001953125,29252400,0.0,0.0
2025-07-11 00:00:00-04:00,176.39239690386106,181.02196104807066,176.08309652221448,179.78475952148438,34282900,0.0,0.0
2025-07-14 00:00:00-04:00,180.60289104600895,183.2569121837853,179.27588047712075,181.1516571044922,32536600,0.0,0.0
2025-07-15 00:00:00-04:00,182.3988435351607,183.80567598843865,181.1915734457722,181.59066772460938,33448300,0.0,0.0
2025-07-16 00:00:00-04:00,182.82789923086935,183.91544417003013,181.62061381873355,182.55850219726562,33104200,0.0,0.0
2025-07-17 00:00:00-04:00,181.73035050857078,183.64603043273615,180.07408034072432,183.1671142578125,31992600,0.0,0.0
2025-07-18 00:00:00-04:00,184.98301522964096,186.00072543502688,183.2968289565469,184.64378356933594,34014500,0.0,0.0
2025-07-21 00:00:00-04:00,185.83110772544197,189.86201471908177,185.73132654425748,189.67245483398438,45803100,0.0,0.0
2025-07-22 00:00:00-04:00,191.0693117786785,191.21896833519165,187.03840453704987,190.90966796875,44660200,0.0,0.0
2025-07-23 00:00:00-04:00,191.06931784155387,192.09700016081177,188.75452819755446,189.8021697998047,58681900,0.0,0.0
2025-07-24 00:00:00-04:00,196.58686306155585,197.50479208340965,190.5704262162467,191.73779296875,74881700,0.0,0.0
2025-07-25 00:00:00-04:00,191.5482310302433,193.8929519493829,190.8298490986121,192.7455291748047,39785900,0.0,0.0
2025-07-28 00:00:00-04:00,193.21445136708732,193.61356085282932,190.41077383680673,192.14686584472656,38139500,0.0,0.0
2025-07-29 00:00:00-04:00,191.99721287217557,195.47936925683575,191.64800916549822,195.30975341796875,41389200,0.0,0.0
2025-07-30 00:00:00-04:00,195.1600963397073,197.155598285003,194.2521393007246,196.08799743652344,32445400,0.0,0.0
2025-07-31 00:00:00-04:00,195.26984291287636,195.54921195775628,190.66022322341527,191.46839904785156,51329200,0.0,0.0
2025-08-01 00:00:00-04:00,188.6048544387261,190.40080913246982,187.39758435603645,188.7046356201172,34832200,0.0,0.0
2025-08-04 00:00:00-04:00,189.86201672672937,194.830827292421,189.69240089649873,194.60133361816406,31547400,0.0,0.0
2025-08-05 00:00:00-04:00,194.2720962985156,197.4150057356091,193.45393320281906,194.232177734375,31602300,0.0,0.0
2025-08-06 00:00:00-04:00,194.06255127051267,196.18776557270928,193.23441619136784,195.6489715576172,21562900,0.0,0.0
2025-08-07 00:00:00-04:00,196.6167969951023,197.09571318148866,193.8929412029117,196.07801818847656,26321800,0.0,0.0
2025-08-08 00:00:00-04:00,196.7764442791972,202.15432130991044,196.72655368662487,200.9669952392578,39161800,0.0,0.0
2025-08-11 00:00:00-04:00,200.48808049350347,201.02685931355308,198.62229106869012,200.54794311523438,25832400,0.0,0.0
2025-08-12 00:00:00-04:00,200.91710457512625,204.04006993048975,200.1388600495838,202.88267517089844,30397900,0.0,0.0
2025-08-13 00:00:00-04:00,203.67091617948037,204.0700104890599,197.06579421729333,201.50579833984375,28342900,0.0,0.0
2025-08-14 00:00:00-04:00,201.0468177297292,203.98020797768137,200.77742070862897,202.48358154296875,25230400,0.0,0.0
2025-08-15 00:00:00-04:00,203.39153088363753,205.97570210941166,200.82730371462006,203.44140625,34931400,0.0,0.0
2025-08-18 00:00:00-04:00,203.74075053383524,204.80835140832636,202.03460485474218,203.04232788085938,18526600,0.0,0.0
2025-08-19 00:00:00-04:00,202.57337657986534,202.98245812812408,199.51028904350812,201.11666870117188,24240200,0.0,0.0
2025-08-20 00:00:00-04:00,200.27853657760338,200.82730262485018,196.15783565803162,198.87171936035156,28955500,0.0,0.0
2025-08-21 00:00:00-04:00,199.3007354736328,202.02459107482636,198.98144788878304,199.3007354736328,19774600,0.0,0.0
2025-08-22 00:00:00-04:00,202.27405146693474,208.07098221204853,200.8472748764244,205.62649536132812,42827000,0.0,0.0
2025-08-25 00:00:00-04:00,205.96570803332725,210.046520726557,204.8183006045268,208.02108764648438,29928900,0.0,0.0
2025-08-26 00:00:00-04:00,207.04328099820484,207.38252787024734,205.23735432936843,206.6741180419922,28464100,0.0,0.0
2025-08-27 00:00:00-04:00,205.2373711930947,208.4401585010209,205.18748059977113,207.01336669921875,23022900,0.0,0.0
2025-08-28 00:00:00-04:00,206.7838755896793,211.74269881815906,206.43465668224866,211.16400146484375,32339300,0.0,0.0
2025-08-29 00:00:00-04:00,210.0365409975429,214.167229203444,209.72724064780297,212.43115234375,39728400,0.0,0.0
2025-09-02 00:00:00-04:00,207.9712205067108,211.20392399730977,205.73625278986853,210.8746795654297,47523000,0.0,0.0
2025-09-03 00:00:00-04:00,225.7012467158241,230.78976737242826,224.28442698424496,230.1412353515625,103336100,0.0,0.0
2025-09-04 00:00:00-04:00,229.13349303754427,231.84737676203946,225.60146147412655,231.7775421142578,51684200,0.0,0.0
2025-09-05 00:00:00-04:00,231.677775522156,235.22976659054154,231.37844718195538,234.4714813232422,46588900,0.0,0.0
2025-09-08 00:00:00-04:00,235.15054099905157,237.8069358559837,233.3529799966882,233.72247314453125,32474700,0.21,0.0
2025-09-09 00:00:00-04:00,233.85230194861487,240.14375784585562,232.91357479962468,239.30490112304688,38061000,0.0,0.0
2025-09-10 00:00:00-04:00,238.5758820575914,241.33214736167037,237.5273187664355,238.84552001953125,35141100,0.0,0.0
2025-09-11 00:00:00-04:00,239.55457404217233,241.9213539288796,235.92949376965038,240.0438995361328,30599300,0.0,0.0
2025-09-12 00:00:00-04:00,240.04388783032,241.75157459718335,237.67710805902945,240.4733123779297,26771600,0.0,0.0
2025-09-15 00:00:00-04:00,244.32807821701437,252.06756394348793,244.32807821701437,251.26864624023438,58383800,0.0,0.0
2025-09-16 00:00:00-04:00,251.73800966841424,252.696698721273,249.13154999644232,250.8192596435547,34109700,0.0,0.0
2025-09-17 00:00:00-04:00,250.87917693990602,251.25866627901078,245.94587648389523,249.19146728515625,34108000,0.0,0.0
2025-09-18 00:00:00-04:00,251.338548569648,253.64542748570952,249.46110945180462,251.68807983398438,31239500,0.0,0.0
2025-09-19 00:00:00-04:00,252.90642848071656,255.65269769422878,251.4683796180924,254.3744354248047,55571400,0.0,0.0
2025-09-22 00:00:00-04:00,254.08482475081846,255.4329993925613,249.96043800377367,252.18740844726562,32290500,0.0,0.0
2025-09-23 00:00:00-04:00,252.69670571321294,254.01492224497756,250.1401811840686,251.31858825683594,26628000,0.0,0.0
2025-09-24 00:00:00-04:00,251.31859024650916,252.00765659919705,246.1056707170572,246.80471801757812,28201000,0.0,0.0
2025-09-25 00:00:00-04:00,244.0684141454478,246.15559020390248,240.41339128252798,245.45652770996094,31020400,0.0,0.0
2025-09-26 00:00:00-04:00,246.73481561544992,249.08161830530747,245.63630185383965,246.2055206298828,18503200,0.0,0.0
2025-09-29 00:00:00-04:00,247.51375020937843,250.80926093832198,242.4406403715287,243.71890258789062,32505800,0.0,0.0
2025-09-30 00:00:00-04:00,242.48058753408858,242.9599320717839,238.92541967317948,242.77020263671875,34724300,0.0,0.0
2025-10-01 00:00:00-04:00,240.42338523813993,245.96585884887978,238.2862890899911,244.5677490234375,31658200,0.0,0.0
2025-10-02 00:00:00-04:00,244.8174135056227,246.4751651396655,241.97128907367482,245.356689453125,25483300,0.0,0.0
2025-10-03 00:00:00-04:00,244.15830178707057,245.96584369150784,241.33213946713911,245.0171356201172,30249600,0.0,0.0
2025-10-06 00:00:00-04:00,244.44791178946252,250.97904766602093,244.24818617214953,250.09024047851562,28894700,0.0,0.0
2025-10-07 00:00:00-04:00,247.93317917084852,250.1002333278666,245.18691006468788,245.42657470703125,23181300,0.0,0.0
2025-10-08 00:00:00-04:00,244.62768203424937,245.67624536262252,243.48922922331397,244.2881317138672,21307100,0.0,0.0
2025-10-09 00:00:00-04:00,244.13833003954065,244.42792989328805,238.82554034163272,241.2023162841797,27892100,0.0,0.0
2025-10-10 00:00:00-04:00,241.10244578834048,243.75884063652228,235.52003337107624,236.24905395507812,33180300,0.0,0.0
2025-10-13 00:00:00-04:00,239.8841293059291,244.16830263513637,239.38480762364867,243.8187713623047,24995000,0.0,0.0
2025-10-14 00:00:00-04:00,240.9027282868883,246.78473694130554,240.18370386409978,245.11700439453125,22111600,0.0,0.0
2025-10-15 00:00:00-04:00,246.91456723829836,251.76797450819856,245.6562821083569,250.68943786621094,27007700,0.0,0.0
2025-10-16 00:00:00-04:00,251.42842769264908,256.6113736152233,249.76069521164578,251.1188507080078,27997200,0.0,0.0
2025-10-17 00:00:00-04:00,250.41979725844868,253.87510990312921,247.4738024671156,252.95635986328125,29671600,0.0,0.0
2025-10-20 00:00:00-04:00,254.3444728441902,256.98087539491434,253.88509020638818,256.2019348144531,22350200,0.0,0.0
2025-10-21 00:00:00-04:00,254.39440086428343,254.53421031738455,243.81875668908756,250.12020874023438,47312100,0.0,0.0
2025-10-22 00:00:00-04:00,254.02489806023604,256.01218852739623,248.95178813355238,251.34854125976562,35029400,0.0,0.0
2025-10-23 00:00:00-04:00,252.6367781341903,254.69398089708358,251.50832156545113,252.7366485595703,19901400,0.0,0.0
2025-10-24 00:00:00-04:00,256.23191746004557,261.32500504033385,254.97364746401067,259.5674133300781,28655100,0.0,0.0
2025-10-27 00:00:00-04:00,264.4607188078389,269.7735083332291,263.92144290721717,268.9046630859375,35235200,0.0,0.0
2025-10-28 00:00:00-04:00,269.3241367489819,270.3627344019799,266.1384619149823,267.1071472167969,29738600,0.0,0.0
2025-10-29 00:00:00-04:00,267.38675485794886,274.96645416764926,267.3068768000952,274.197509765625,43580300,0.0,0.0
2025-10-30 00:00:00-04:00,291.1944142933695,291.1944142933695,279.6800575475708,281.09814453125,74876000,0.0,0.0
2025-10-31 00:00:00-04:00,282.8257813584811,285.6120049046921,276.6541726227251,280.80853271484375,39267900,0.0,0.0
2025-11-03 00:00:00-05:00,281.797163766903,285.14262497278366,279.42038779718166,283.3350830078125,29786000,0.0,0.0
2025-11-04 00:00:00-05:00,276.3745458896769,280.88840284028174,275.88522040271835,277.1634826660156,30078400,0.0,0.0
2025-11-05 00:00:00-05:00,278.4916636746374,286.03143918614273,276.96374058170124,283.9242858886719,31010300,0.0,0.0
2025-11-06 00:00:00-05:00,284.9429082592804,287.9588308357049,280.7586204462715,284.36370849609375,37173600,0.0,0.0
2025-11-07 00:00:00-05:00,282.82575309004056,283.39498707048995,274.816645004158,278.4516906738281,34479600,0.0,0.0
2025-11-10 00:00:00-05:00,284.03413439651047,290.40545290698407,282.47622284552773,289.7064208984375,29557300,0.0,0.0
2025-11-11 00:00:00-05:00,287.3595968518003,291.5239526379353,286.9301875660949,290.9147644042969,19842100,0.0,0.0
2025-11-12 00:00:00-05:00,291.2842728658537,291.613842224268,283.30512258449664,286.3210144042969,24829900,0.0,0.0
2025-11-13 00:00:00-05:00,281.9569519907634,282.45627365196606,276.8638649512614,278.19207763671875,29494000,0.0,0.0
2025-11-14 00:00:00-05:00,271.04178706348836,278.1820807042813,270.3327588398133,276.0350036621094,31647200,0.0,0.0
2025-11-17 00:00:00-05:00,285.392279437324,293.55120856159544,283.1852862901624,284.63330078125,52670200,0.0,0.0
2025-11-18 00:00:00-05:00,287.52939388700526,288.4081743957296,277.8225797399186,283.8943176269531,49158700,0.0,0.0
2025-11-19 00:00:00-05:00,286.77042153983126,303.39782684502376,286.2411417953812,292.4127502441406,68198900,0.0,0.0
2025-11-20 00:00:00-05:00,304.1268355762142,306.0042898345543,288.2783714658303,289.05731201171875,62025200,0.0,0.0
2025-11-21 00:00:00-05:00,296.0178540164301,303.50767860502685,293.4513334764558,299.2534484863281,74137700,0.0,0.0
2025-11-24 00:00:00-05:00,310.70789188393536,319.0465694557707,309.17996886834777,318.14776611328125,85165100,0.0,0.0
2025-11-25 00:00:00-05:00,325.767421144808,328.3838617048627,317.2190369667809,323.0011901855469,88632100,0.0,0.0
2025-11-26 00:00:00-05:00,320.2449508538883,324.0597758686898,316.36024396458464,319.5159606933594,51373400,0.0,0.0
2025-11-28 00:00:00-05:00,322.9312800436979,326.40656970987055,316.3602205188893,319.74560546875,26018600,0.0,0.0
2025-12-01 00:00:00-05:00,317.26898426885936,319.41606123931075,313.46415578589995,314.4627990722656,41183000,0.0,0.0
2025-12-02 00:00:00-05:00,316.3102616947243,317.948051296999,313.4841146313127,315.38153076171875,35854700,0.0,0.0
2025-12-03 00:00:00-05:00,315.4614642178001,321.14371687287894,313.67388407801036,319.1963806152344,41838300,0.0,0.0
2025-12-04 00:00:00-05:00,321.7928484740126,321.92264650582644,314.27306548179905,317.1890869140625,31240900,0.0,0.0
2025-12-05 00:00:00-05:00,319.05652267664885,322.72155681925386,318.73697999805336,320.8341064453125,28851700,0.0,0.0
2025-12-08 00:00:00-05:00,319.82486263347363,320.21460294317257,311.0010871288888,313.49932861328125,33909400,0.21,0.0
2025-12-09 00:00:00-05:00,312.15025542764414,317.7662971049956,311.6805848338384,316.85693359375,30194000,0.0,0.0
2025-12-10 00:00:00-05:00,315.6078174223929,321.0839735202244,314.45863248382005,319.9847412109375,33428900,0.0,0.0
2025-12-11 00:00:00-05:00,319.85481737290655,320.8940942947929,308.3829128168011,312.210205078125,42353700,0.0,0.0
2025-12-12 00:00:00-05:00,313.47935032153816,314.6485102459599,305.34506149685063,309.07244873046875,35940200,0.0,0.0
2025-12-15 00:00:00-05:00,311.1009991314403,311.2009348824072,304.66552711937686,308.003173828125,29151900,0.0,0.0
2025-12-16 00:00:00-05:00,304.7354841263937,310.5513666605185,302.37712849550337,306.3543395996094,30585000,0.0,0.0
2025-12-17 00:00:00-05:00,307.7933270972379,307.87325739956634,295.9116769824828,296.5112609863281,43930400,0.0,0.0
2025-12-18 00:00:00-05:00,301.50775321966603,303.7461677101471,299.0195145942255,302.2472229003906,33518000,0.0,0.0
2025-12-19 00:00:00-05:00,301.5177661333593,307.03387224107576,300.7582909786616,306.9439392089844,59943200,0.0,0.0
2025-12-22 00:00:00-05:00,309.66200850448513,309.9118326328777,305.0852133945127,309.56207275390625,26429900,0.0,0.0
2025-12-23 00:00:00-05:00,309.41219480947996,314.7184570357758,309.1024153195162,314.1288757324219,25478700,0.0,0.0
2025-12-24 00:00:00-05:00,314.5485634057752,314.8583428959372,311.70059264113144,313.8690490722656,10097400,0.0,0.0
2025-12-26 00:00:00-05:00,314.25877806497726,314.86833429915043,312.0603135401851,313.2894592285156,10899000,0.0,0.0
2025-12-29 00:00:00-05:00,311.15095467052413,313.79908436732376,310.4014822754237,313.33941650390625,19621800,0.0,0.0
2025-12-30 00:00:00-05:00,312.28018544302313,316.72706748217655,312.24020504037514,313.6292419433594,17380900,0.0,0.0
2025-12-31 00:00:00-05:00,312.62992729269524,314.3586907819443,311.22091551782626,312.7798156738281,16377700,0.0,0.0
2026-01-02 00:00:00-05:00,316.67708324131615,322.2731502440002,310.11169732658084,314.9283142089844,32009400,0.0,0.0
2026-01-05 00:00:00-05:00,317.4365596004392,318.79558832967825,314.4086921415047,316.3173522949219,30195600,0.0,0.0
2026-01-06 00:00:00-05:00,316.17741436833177,320.71422913013345,311.5606693028291,314.1188659667969,31212100,0.0,0.0
2026-01-07 00:00:00-05:00,314.13884430323384,325.9205589972494,313.96898096999803,321.7535095214844,35104400,0.0,0.0
2026-01-08 00:00:00-05:00,328.7385750407063,330.0876314322289,321.2738288701313,325.2110595703125,31896100,0.0,0.0
2026-01-09 00:00:00-05:00,326.8598973489763,330.5972566011106,325.5707962902668,328.3388671875,26214200,0.0,0.0
2026-01-12 00:00:00-05:00,325.57079145505844,333.80501545240315,324.77136644379436,331.62652587890625,33923900,0.0,0.0
2026-01-13 00:00:00-05:00,334.7144015630273,340.25048265726696,333.38532003422745,335.7336730957031,33517600,0.0,0.0
2026-01-14 00:00:00-05:00,334.8243096530742,336.2832741209541,330.2475447349911,335.603759765625,28525600,0.0,0.0
2026-01-15 00:00:00-05:00,337.4124676651339,337.4524480652932,330.507324974913,332.5458984375,28442400,0.0,0.0
2026-01-16 00:00:00-05:00,334.1747541117482,334.4145755186536,327.46948297740045,329.7678527832031,40341600,0.0,0.0
2026-01-20 00:00:00-05:00,320.6442885211675,327.49947891315526,320.20459558658575,321.77349853515625,35361000,0.0,0.0
2026-01-21 00:00:00-05:00,320.6942733516965,332.24613943011235,319.12537039479025,328.1490173339844,35386600,0.0,0.0
2026-01-22 00:00:00-05:00,334.2147483456718,334.9142376434696,328.5187457270175,330.3074951171875,26253600,0.0,0.0
2026-01-23 00:00:00-05:00,332.25610013077164,333.45526818914374,327.21966747627397,327.6993103027344,27280000,0.0,0.0
2026-01-26 00:00:00-05:00,327.5793954045391,335.60374537803585,326.7699676491338,333.02557373046875,26042100,0.0,0.0
2026-01-27 00:00:00-05:00,335.1340666902067,337.6722883721735,333.2454121385867,334.31463623046875,21636200,0.0,0.0
2026-01-28 00:00:00-05:00,335.82360375323316,337.30257365930305,331.7065067534381,335.7736511230469,27434400,0.0,0.0
2026-01-29 00:00:00-05:00,340.06060015063264,342.0492210013424,326.3103005061971,338.0120544433594,39785600,0.0,0.0
2026-01-30 00:00:00-05:00,339.76083067041884,339.76083067041884,332.0562627255977,337.7622375488281,31024000,0.0,0.0
2026-02-02 00:00:00-05:00,335.983495554882,344.5874244246442,335.3939142353609,343.4482421875,32006100,0.0,0.0
2026-02-03 00:00:00-05:00,347.09564553860224,348.7544814019383,337.2325938809106,339.47100830078125,36506700,0.0,0.0
2026-02-04 00:00:00-05:00,342.7187296036167,343.0684894885568,328.2888852617291,332.80572509765625,70618400,0.0,0.0
2026-02-05 00:00:00-05:00,312.0003564748562,332.45595718246585,306.24439883874277,331.0169677734375,88205800,0.0,0.0
2026-02-06 00:00:00-05:00,326.94984200428365,330.147603202773,319.694969697787,322.63287353515625,56380500,0.0,0.0
2026-02-09 00:00:00-05:00,320.70422803551696,327.4694850607409,317.03682684844796,324.09185791015625,39640100,0.0,0.0
2026-02-10 00:00:00-05:00,320.7441987510988,321.4437184993816,314.38865715458337,318.3558654785156,39170000,0.0,0.0
2026-02-11 00:00:00-05:00,318.7456164455411,320.8341425405983,309.44216816023624,310.7412414550781,45406400,0.0,0.0
2026-02-12 00:00:00-05:00,311.87044586439265,316.0175203045161,306.9839017615506,308.7826232910156,47761300,0.0,0.0
2026-02-13 00:00:00-05:00,307.5135396808651,308.41290048065196,303.4963480144474,305.50494384765625,38499700,0.0,0.0
2026-02-17 00:00:00-05:00,299.82893803190484,304.22583664461854,296.04159566157676,301.8075256347656,39247600,0.0,0.0
2026-02-18 00:00:00-05:00,301.87748970860525,305.1651838815364,301.0380842700908,303.1166076660156,28482100,0.0,0.0
2026-02-19 00:00:00-05:00,301.6076886754516,305.25511494304027,299.828942056139,302.636962890625,25834400,0.0,0.0
2026-02-20 00:00:00-05:00,304.1059184917761,316.2773425544253,303.68620054308417,314.7584228515625,53210800,0.0,0.0
2026-02-23 00:00:00-05:00,318.82555353627805,319.29522413676915,309.65201848441603,311.2708740234375,31423000,0.0,0.0
2026-02-24 00:00:00-05:00,310.3015673465962,312.05033638585,305.71479964031533,310.6813049316406,25615600,0.0,0.0
2026-02-25 00:00:00-05:00,311.84046520002283,313.4193707572093,309.22231323387047,312.67987060546875,29963600,0.0,0.0
2026-02-26 00:00:00-05:00,312.42009761480955,312.9197459051382,302.1373272609355,307.1637878417969,36431200,0.0,0.0
2026-02-27 00:00:00-05:00,303.92607541564644,312.1502667227519,303.5862877430576,311.54071044921875,44640600,0.0,0.0
2026-03-02 00:00:00-05:00,303.0166882830762,308.27296712894787,301.088022863519,306.3043518066406,34790200,0.0,0.0
2026-03-03 00:00:00-05:00,298.37994467731505,303.72618716624237,296.5012623376298,303.3664245605469,35497000,0.0,0.0
2026-03-04 00:00:00-05:00,302.6769571429086,305.2551289128473,300.5384478137644,302.9167785644531,29536200,0.0,0.0
2026-03-05 00:00:00-05:00,302.82681905445145,303.08661540637286,297.78035344585857,300.6683349609375,35752300,0.0,0.0
2026-03-06 00:00:00-05:00,295.88171424137005,300.31859339921897,294.97235071392555,298.30999755859375,25576900,0.0,0.0
2026-03-09 00:00:00-04:00,294.3599853515625,306.79998779296875,294.0799865722656,306.3599853515625,29312100,0.21,0.0
2026-03-10 00:00:00-04:00,306.1700134277344,309.510009765625,305.57000732421875,307.0400085449219,23239700,0.0,0.0
2026-03-11 00:00:00-04:00,306.75,311.4200134277344,305.9200134277344,308.70001220703125,24125700,0.0,0.0
2026-03-12 00:00:00-04:00,306.82000732421875,308.94000244140625,301.0299987792969,303.54998779296875,24928300,0.0,0.0
2026-03-13 00:00:00-04:00,307.010009765625,307.69000244140625,300.44000244140625,302.2799987792969,23693100,0.0,0.0
2026-03-16 00:00:00-04:00,304.3500061035156,306.489990234375,303.0199890136719,305.55999755859375,23519700,0.0,0.0
2026-03-17 00:00:00-04:00,305.8599853515625,311.4200134277344,305.5,310.9200134277344,21955200,0.0,0.0
2026-03-18 00:00:00-04:00,309.2699890136719,312.4700012207031,306.92999267578125,307.69000244140625,20009800,0.0,0.0
2026-03-19 00:00:00-04:00,304.010009765625,308.05999755859375,302.3500061035156,307.1300048828125,25075800,0.0,0.0
2026-03-20 00:00:00-04:00,305.4599914550781,306.0,298.2699890136719,301.0,44364100,0.0,0.0
2026-03-23 00:00:00-04:00,302.1099853515625,305.9800109863281,300.92999267578125,302.05999755859375,29326900,0.0,0.0
2026-03-24 00:00:00-04:00,299.20001220703125,299.9200134277344,290.3299865722656,290.44000244140625,36864300,0.0,0.0
2026-03-25 00:00:00-04:00,293.44000244140625,296.0,289.239990234375,290.92999267578125,29460700,0.0,0.0
2026-03-26 00:00:00-04:00,287.9100036621094,287.95001220703125,278.5,280.9200134277344,39080600,0.0,0.0
2026-03-27 00:00:00-04:00,277.2799987792969,279.3699951171875,273.95001220703125,274.3399963378906,35890600,0.0,0.0
2026-03-30 00:00:00-04:00,276.4200134277344,277.0899963378906,272.1099853515625,273.5,35141200,0.0,0.0
2026-03-31 00:00:00-04:00,278.0400085449219,288.0799865722656,277.0899963378906,287.55999755859375,43875400,0.0,0.0
2026-04-01 00:00:00-04:00,290.8399963378906,300.5199890136719,290.4100036621094,297.3900146484375,37684500,0.0,0.0
2026-04-02 00:00:00-04:00,290.69000244140625,298.0799865722656,289.45001220703125,295.7699890136719,21666500,0.0,0.0
2026-04-06 00:00:00-04:00,295.8699951171875,300.6199951171875,295.17999267578125,299.989990234375,16945500,0.0,0.0
2026-04-07 00:00:00-04:00,302.7300109863281,305.6300048828125,297.7200012207031,305.4599914550781,23205400,0.0,0.0
2026-04-08 00:00:00-04:00,320.45001220703125,322.0799865722656,315.0199890136719,317.32000732421875,33547100,0.0,0.0
2026-04-09 00:00:00-04:00,315.9100036621094,319.5400085449219,311.05999755859375,318.489990234375,23739200,0.0,0.0
2026-04-10 00:00:00-04:00,320.0199890136719,321.8299865722656,316.32000732421875,317.239990234375,19152600,0.0,0.0
2026-04-13 00:00:00-04:00,317.1400146484375,321.6300048828125,315.4700012207031,321.30999755859375,18866400,0.0,0.0
2026-04-14 00:00:00-04:00,324.7900085449219,333.2900085449219,323.75,332.9100036621094,27721400,0.0,0.0
2026-04-15 00:00:00-04:00,332.8900146484375,337.4800109863281,330.8999938964844,337.1199951171875,24918800,0.0,0.0
2026-04-16 00:00:00-04:00,338.75,339.8800048828125,334.5199890136719,336.0199890136719,20541500,0.0,0.0
2026-04-17 00:00:00-04:00,337.6499938964844,342.32000732421875,336.239990234375,341.67999267578125,25581900,0.0,0.0
2026-04-20 00:00:00-04:00,340.760009765625,341.3999938964844,336.6099853515625,337.4200134277344,18784200,0.0,0.0
2026-04-21 00:00:00-04:00,337.69000244140625,339.3399963378906,331.3500061035156,332.2900085449219,23123800,0.0,0.0
2026-04-22 00:00:00-04:00,337.0199890136719,339.82000732421875,335.1700134277344,339.32000732421875,20293000,0.0,0.0
2026-04-23 00:00:00-04:00,341.17999267578125,341.9599914550781,336.17999267578125,338.8900146484375,18650300,0.0,0.0
2026-04-24 00:00:00-04:00,338.7300109863281,345.2699890136719,335.3900146484375,344.3999938964844,26426100,0.0,0.0
2026-04-27 00:00:00-04:00,345.9800109863281,353.17999267578125,342.7300109863281,350.3399963378906,28576900,0.0,0.0
2026-04-28 00:00:00-04:00,348.54998779296875,352.4200134277344,346.1199951171875,349.7799987792969,27824100,0.0,0.0
2026-04-29 00:00:00-04:00,347.57000732421875,355.7900085449219,344.2099914550781,349.94000244140625,35376300,0.0,0.0
2026-04-30 00:00:00-04:00,374.07000732421875,385.8399963378906,365.82000732421875,384.79998779296875,72040000,0.0,0.0
2026-05-01 00:00:00-04:00,381.6300048828125,386.760009765625,379.04998779296875,385.69000244140625,30105200,0.0,0.0
2026-05-04 00:00:00-04:00,385.6300048828125,387.3800048828125,379.7900085449219,383.25,26298600,0.0,0.0
2026-05-05 00:00:00-04:00,386.2300109863281,392.82000732421875,384.0199890136719,388.42999267578125,23878600,0.0,0.0
2026-05-06 00:00:00-04:00,394.25,399.8500061035156,392.760009765625,398.0400085449219,31308500,0.0,0.0
2026-05-07 00:00:00-04:00,399.9200134277344,400.1000061035156,392.67999267578125,397.989990234375,24433500,0.0,0.0
2026-05-08 00:00:00-04:00,397.0,402.0,396.3599853515625,400.79998779296875,21461800,0.0,0.0
2026-05-11 00:00:00-04:00,393.6499938964844,397.44000244140625,388.4700012207031,388.6400146484375,30753700,0.0,0.0
2026-05-12 00:00:00-04:00,387.3399963378906,388.5199890136719,382.7699890136719,387.3500061035156,26017500,0.0,0.0
2026-05-13 00:00:00-04:00,385.6000061035156,403.70001220703125,385.0,402.6199951171875,28144600,0.0,0.0
2026-05-14 00:00:00-04:00,397.2799987792969,402.92999267578125,395.8399963378906,401.07000732421875,21136700,0.0,0.0
2026-05-15 00:00:00-04:00,396.32000732421875,399.5400085449219,393.17999267578125,396.7799987792969,20205600,0.0,0.0
