Date,Open,High,Low,Close,Volume,Dividends,Stock Splits
2021-05-17 00:00:00-04:00,236.57943823986372,236.6178141840923,233.67197362740927,235.26483154296875,24970200,0.0,0.0
2021-05-18 00:00:00-04:00,236.31075341180204,236.44509117389674,233.07702751284302,233.249755859375,20168000,0.0,0.0
2021-05-19 00:00:00-04:00,230.16243607762956,233.93259335141164,229.47958385849037,233.82679748535156,25739800,0.56,0.0
2021-05-20 00:00:00-04:00,234.63473195533908,238.4722063912413,234.53854854557304,237.0583953857422,21800700,0.0,0.0
2021-05-21 00:00:00-04:00,238.10670075398016,238.83764464564823,235.3848750918042,235.79843139648438,21863100,0.0,0.0
2021-05-24 00:00:00-04:00,238.31825675937668,241.55944897788703,238.04896089277673,241.1939697265625,21411500,0.0,0.0
2021-05-25 00:00:00-04:00,242.14619045877527,243.08872621785105,241.2325067869294,242.0980987548828,17704300,0.0,0.0
2021-05-26 00:00:00-04:00,241.81918849558588,243.271478782269,241.1651882496709,241.8769073486328,17771600,0.0,0.0
2021-05-27 00:00:00-04:00,241.56909978446225,241.86724777869244,239.72249297377158,239.7801971435547,24426200,0.0,0.0
2021-05-28 00:00:00-04:00,241.40562846925397,242.4443476755237,240.020669527561,240.13607788085938,18270200,0.0,0.0
2021-06-01 00:00:00-04:00,241.62680800038572,241.68451217113508,237.5200379764385,237.94320678710938,23213300,0.0,0.0
2021-06-02 00:00:00-04:00,238.64529057633396,239.7417137426011,236.4428170992417,237.84701538085938,19406700,0.0,0.0
2021-06-03 00:00:00-04:00,235.846550117456,236.9237338024007,233.71140768799265,236.3178253173828,25307700,0.0,0.0
2021-06-04 00:00:00-04:00,238.28945046434345,242.0307559108141,238.04900663185686,241.20362854003906,25281100,0.0,0.0
2021-06-07 00:00:00-04:00,240.42458368050268,244.37748072250199,240.2610836417249,244.10818481445312,23079200,0.0,0.0
2021-06-08 00:00:00-04:00,245.40658282034158,246.22409767473246,242.85786953493397,242.91558837890625,22455000,0.0,0.0
2021-06-09 00:00:00-04:00,244.10819819545324,245.76245296444787,243.531141793228,243.8966064453125,17937600,0.0,0.0
2021-06-10 00:00:00-04:00,244.56982463133653,247.61865044725548,243.97352866576068,247.4070587158203,24563600,0.0,0.0
2021-06-11 00:00:00-04:00,248.12845692756474,248.6093446874002,246.80120201424933,248.0323028564453,18999700,0.0,0.0
2021-06-14 00:00:00-04:00,248.04184249398912,250.0134994576514,246.98388380020114,249.95579528808594,19150500,0.0,0.0
2021-06-15 00:00:00-04:00,249.8403442855341,250.05193601301735,247.8302375499688,248.48423767089844,18038900,0.0,0.0
2021-06-16 00:00:00-04:00,249.48453909560968,250.6194270515861,244.69490159361732,247.54176330566406,27220000,0.0,0.0
2021-06-17 00:00:00-04:00,246.28182299342527,251.74469998319134,246.2241188200235,250.92718505859375,27565500,0.0,0.0
2021-06-18 00:00:00-04:00,249.70576404665513,252.2736880540248,248.85939695697047,249.51339721679688,37202200,0.0,0.0
2021-06-21 00:00:00-04:00,249.88844788107733,253.44699862968113,248.06108081005905,252.59103393554688,26696100,0.0,0.0
2021-06-22 00:00:00-04:00,252.67767617857103,255.6303341906389,252.369900955261,255.3610382080078,24694100,0.0,0.0
2021-06-23 00:00:00-04:00,255.82252985215462,256.63041735211795,254.32216315921633,255.1300506591797,19518700,0.0,0.0
2021-06-24 00:00:00-04:00,255.98614034624336,257.61154309721616,255.32251298159505,256.4958801269531,21446900,0.0,0.0
2021-06-25 00:00:00-04:00,256.05344819862387,257.03444843637993,254.63963733626937,254.88967895507812,25611100,0.0,0.0
2021-06-28 00:00:00-04:00,256.01495201827004,258.6213546854569,255.74565612665353,258.4482421875,19590000,0.0,0.0
2021-06-29 00:00:00-04:00,258.5924972347941,261.26623115714835,257.73653255640755,261.0257873535156,19937800,0.0,0.0
2021-06-30 00:00:00-04:00,260.3429572810892,260.9873302929651,259.2946257303389,260.544921875,21656500,0.0,0.0
2021-07-01 00:00:00-04:00,259.3042174129385,261.44898683933064,259.2946196189184,261.2181701660156,16725300,0.0,0.0
2021-07-02 00:00:00-04:00,262.391594122123,267.3735840761219,262.0838189235368,267.0369567871094,26458000,0.0,0.0
2021-07-06 00:00:00-04:00,267.402330362961,268.6911054771681,263.81489866709086,267.0464782714844,31565600,0.0,0.0
2021-07-07 00:00:00-04:00,268.7200575437323,269.96075610492034,266.5560627596186,269.22979736328125,23260000,0.0,0.0
2021-07-08 00:00:00-04:00,266.3155624280756,268.07562758256216,264.36315983308367,266.8157043457031,24618600,0.0,0.0
2021-07-09 00:00:00-04:00,265.1807143722743,267.4216381390511,264.7960100826157,267.31585693359375,23916700,0.0,0.0
2021-07-12 00:00:00-04:00,268.48923727475227,269.075906208845,266.00784018519494,266.7195739746094,18931700,0.0,0.0
2021-07-13 00:00:00-04:00,266.9118604799698,272.03813906947397,266.7868543506358,270.2396240234375,26120100,0.0,0.0
2021-07-14 00:00:00-04:00,271.557233051648,272.8171562130653,269.8260200844515,271.71112060546875,23113700,0.0,0.0
2021-07-15 00:00:00-04:00,271.22064297039645,271.7111577808716,269.1335775905223,270.2877197265625,22604200,0.0,0.0
2021-07-16 00:00:00-04:00,271.28798313803793,273.24038594694457,268.77773418312665,270.0184326171875,26186800,0.0,0.0
2021-07-19 00:00:00-04:00,268.2680095974711,269.6529685438566,263.9592745207665,266.4214172363281,32935600,0.0,0.0
2021-07-20 00:00:00-04:00,267.4024288847443,270.2300510737556,265.7000968938325,268.64312744140625,26259700,0.0,0.0
2021-07-21 00:00:00-04:00,268.23914676268924,270.75899355414396,266.69070249429734,270.6435852050781,24364300,0.0,0.0
2021-07-22 00:00:00-04:00,272.9903826413608,275.4717801246783,272.5864533261634,275.2024841308594,23384100,0.0,0.0
2021-07-23 00:00:00-04:00,276.3853722718105,278.90521894376,275.5486324297109,278.59747314453125,22768100,0.0,0.0
2021-07-26 00:00:00-04:00,277.9530521274675,278.6166794096968,275.68327658614254,278.0011291503906,23176100,0.0,0.0
2021-07-27 00:00:00-04:00,278.36658164145285,278.51084204738186,272.1342972969276,275.5870666503906,33604100,0.0,0.0
2021-07-28 00:00:00-04:00,277.943434405772,279.0590972753007,272.98067033830415,275.2793273925781,33566900,0.0,0.0
2021-07-29 00:00:00-04:00,275.29857402961915,277.5876041189694,275.1446864474467,275.54864501953125,18168300,0.0,0.0
2021-07-30 00:00:00-04:00,274.26941906367057,275.7024545749451,273.0575730414376,274.01934814453125,20944800,0.0,0.0
2021-08-02 00:00:00-04:00,275.41400491206474,275.8083363703218,272.8941579188168,273.9328918457031,16267400,0.0,0.0
2021-08-03 00:00:00-04:00,274.5098668548125,276.25067746879176,273.14413327398177,276.1448669433594,17879000,0.0,0.0
2021-08-04 00:00:00-04:00,275.2793654804813,276.59699312691515,273.7693710071133,275.55828857421875,16191300,0.0,0.0
2021-08-05 00:00:00-04:00,275.9141446379062,278.5590271143416,275.16396096408687,278.4532165527344,13900200,0.0,0.0
2021-08-06 00:00:00-04:00,277.4818387644274,278.4339870480046,276.6258445430264,278.3955078125,16589300,0.0,0.0
2021-08-09 00:00:00-04:00,278.67438860321397,280.40557237439197,276.8085422037399,277.30865478515625,16117600,0.0,0.0
2021-08-10 00:00:00-04:00,277.7606812698353,278.1934918740184,274.29831384057627,275.49090576171875,18616600,0.0,0.0
2021-08-11 00:00:00-04:00,276.23148694196493,277.62607292416914,274.9330843638876,275.9814453125,13955900,0.0,0.0
2021-08-12 00:00:00-04:00,275.67367807710286,278.8860042800306,275.3947550024405,278.73211669921875,14561300,0.0,0.0
2021-08-13 00:00:00-04:00,278.41476627205253,281.7040218560263,278.24162438521927,281.65594482421875,18249000,0.0,0.0
2021-08-16 00:00:00-04:00,281.98291302988906,283.55061152329273,278.93407230117066,283.3390197753906,22507600,0.0,0.0
2021-08-17 00:00:00-04:00,281.21347728086533,282.21370240044297,279.953524710054,281.8770751953125,20075300,0.0,0.0
2021-08-18 00:00:00-04:00,281.41452622415534,284.09337849264244,279.7089064692593,280.1521911621094,21813000,0.56,0.0
2021-08-19 00:00:00-04:00,278.1864940413031,286.64704708243323,278.13832497152845,285.9725036621094,29850500,0.0,0.0
2021-08-20 00:00:00-04:00,288.81512041303324,294.71244831740665,287.21551359465093,293.2862854003906,40817600,0.0,0.0
2021-08-23 00:00:00-04:00,292.21670814145693,294.2884777670295,290.8676509020545,293.5657653808594,22830200,0.0,0.0
2021-08-24 00:00:00-04:00,293.9222928481988,294.5293759454758,291.0121816186196,291.609619140625,18175800,0.0,0.0
2021-08-25 00:00:00-04:00,293.22854211359436,293.50799918306285,289.4897341208387,291.0218811035156,20006100,0.0,0.0
2021-08-26 00:00:00-04:00,290.0389651127222,291.42657543670686,288.07320832644916,288.2080993652344,17666100,0.0,0.0
2021-08-27 00:00:00-04:00,288.1117043575675,289.9233081860537,286.0302890699818,288.8151550292969,22605700,0.0,0.0
2021-08-30 00:00:00-04:00,290.1642080093696,293.15142516677145,290.10639336951124,292.5443420410156,16348100,0.0,0.0
2021-08-31 00:00:00-04:00,293.34417025857385,293.4212466452703,290.5303969246272,290.8965759277344,26285300,0.0,0.0
2021-09-01 00:00:00-04:00,291.85049693558,294.08609406102465,290.5207015866993,290.84832763671875,18983800,0.0,0.0
2021-09-02 00:00:00-04:00,291.2048996220678,292.3226688129112,289.2583755946985,290.1930847167969,16285600,0.0,0.0
2021-09-03 00:00:00-04:00,290.03893618886394,291.59037412727884,289.33551492747904,290.1835021972656,14747900,0.0,0.0
2021-09-07 00:00:00-04:00,290.0582716965981,290.1353480932548,287.35051112759913,289.2584533691406,17180400,0.0,0.0
2021-09-08 00:00:00-04:00,288.8729444557402,289.67273318736136,286.6469927606512,289.28729248046875,15046800,0.0,0.0
2021-09-09 00:00:00-04:00,289.8750845523656,291.14706522320324,286.19406294762535,286.4349670410156,19927000,0.0,0.0
2021-09-10 00:00:00-04:00,287.5624103075582,289.0078348637292,284.6330083063583,284.95098876953125,19633400,0.0,0.0
2021-09-13 00:00:00-04:00,286.7240711170078,287.678071426656,283.3803207637957,286.1844482421875,23652900,0.0,0.0
2021-09-14 00:00:00-04:00,288.66095649526324,290.42439115897747,287.2540846387654,288.8825988769531,21853400,0.0,0.0
2021-09-15 00:00:00-04:00,292.2264051004147,294.2114531175559,290.83879472239886,293.7296447753906,28356300,0.0,0.0
2021-09-16 00:00:00-04:00,292.70820968009997,294.20180375871473,289.81735966426726,294.1150817871094,19550800,0.0,0.0
2021-09-17 00:00:00-04:00,293.103255033234,293.4212355512948,288.6320601855472,288.9596862792969,41372500,0.0,0.0
2021-09-20 00:00:00-04:00,285.54842520573646,287.8514824392424,278.98620009647595,283.59228515625,38278700,0.0,0.0
2021-09-21 00:00:00-04:00,284.93182120134657,286.7145179579363,283.3707668698969,284.0741882324219,22364100,0.0,0.0
2021-09-22 00:00:00-04:00,285.9339770236081,289.29698969688434,283.7947469001605,287.7166442871094,26626300,0.0,0.0
2021-09-23 00:00:00-04:00,287.9768206871402,289.9522229123692,286.70483974436394,288.6609802246094,18604600,0.0,0.0
2021-09-24 00:00:00-04:00,287.3794331473521,288.8922890911744,286.1267137314538,288.45867919921875,14999000,0.0,0.0
2021-09-27 00:00:00-04:00,285.3654278881508,285.68340842010866,282.2818430717225,283.46710205078125,23571700,0.0,0.0
2021-09-28 00:00:00-04:00,279.25607020918045,280.20042503434115,272.4625851539167,273.2045593261719,43186200,0.0,0.0
2021-09-29 00:00:00-04:00,274.72706776293006,276.3362908365867,272.713112823429,273.6670837402344,26353700,0.0,0.0
2021-09-30 00:00:00-04:00,275.31486617919455,277.35772848518707,271.3736781629652,271.66278076171875,32343600,0.0,0.0
2021-10-01 00:00:00-04:00,271.855518825413,279.42956082549745,271.055729962069,278.5815734863281,30086300,0.0,0.0
2021-10-04 00:00:00-04:00,276.9434021661116,277.28067385415983,270.0535494270314,272.8094787597656,31350700,0.0,0.0
2021-10-05 00:00:00-04:00,273.7152514221425,279.83422199721866,273.7152514221425,278.25390625,24993000,0.0,0.0
2021-10-06 00:00:00-04:00,275.38232168306524,282.94671707548684,275.1221558151547,282.44561767578125,28002600,0.0,0.0
2021-10-07 00:00:00-04:00,284.4403865957218,285.847288230809,283.2262494817248,284.1224060058594,20430500,0.0,0.0
2021-10-08 00:00:00-04:00,285.4425562546436,285.847288230809,283.0720672721022,284.1224060058594,17685700,0.0,0.0
2021-10-11 00:00:00-04:00,282.26259742313226,287.12884966284184,282.0987696561335,283.5249328613281,19298600,0.0,0.0
2021-10-12 00:00:00-04:00,284.5944873273196,284.69085485665033,281.71328346594987,282.2239990234375,17974100,0.0,0.0
2021-10-13 00:00:00-04:00,284.18023921178894,286.46400636437687,282.8118903915846,285.529296875,23416300,0.0,0.0
2021-10-14 00:00:00-04:00,288.32371333397117,292.2359943595076,286.99391772689086,291.73492431640625,27262900,0.0,0.0
2021-10-15 00:00:00-04:00,291.3397657509714,293.3730115553381,289.58597692406954,293.1417236328125,25384800,0.0,0.0
2021-10-18 00:00:00-04:00,292.52511657650416,296.9962825877865,291.6771292104213,296.1097717285156,22729300,0.0,0.0
2021-10-19 00:00:00-04:00,297.1311321961775,298.04655016071644,296.0422409246639,297.0155029296875,17682100,0.0,0.0
2021-10-20 00:00:00-04:00,297.95983967544254,298.4320317414315,294.9726227448066,296.225341796875,16537100,0.0,0.0
2021-10-21 00:00:00-04:00,295.99411129385413,299.70401151928974,295.2135548265935,299.4534912109375,16918100,0.0,0.0
2021-10-22 00:00:00-04:00,299.10655718444485,299.7714549252828,296.6011483907177,297.91168212890625,17449300,0.0,0.0
2021-10-25 00:00:00-04:00,298.10438841823645,298.14294131253496,295.309906430058,296.9191589355469,17554500,0.0,0.0
2021-10-26 00:00:00-04:00,299.6847507755604,301.0338080808827,297.37207690825886,298.8271179199219,28107300,0.0,0.0
2021-10-27 00:00:00-04:00,304.50275387206455,314.2352844817011,304.50275387206455,311.4118957519531,52588700,0.0,0.0
2021-10-28 00:00:00-04:00,312.5298116273142,313.05017291306893,309.66786866653763,312.5491027832031,26297900,0.0,0.0
2021-10-29 00:00:00-04:00,312.33699627026226,319.92065282329474,312.11535390609777,319.5544738769531,34766000,0.0,0.0
2021-11-01 00:00:00-04:00,319.3039399071891,319.429214753653,314.49550312432325,317.3863525390625,27073200,0.0,0.0
2021-11-02 00:00:00-04:00,318.2922070795532,321.31797741681345,317.9934882764792,321.0096130371094,26487100,0.0,0.0
2021-11-03 00:00:00-04:00,321.7515023539127,322.7151187307781,318.6197491291001,321.8478698730469,21500100,0.0,0.0
2021-11-04 00:00:00-04:00,320.778330690629,324.29552525226745,317.52130201351525,324.19915771484375,23992200,0.0,0.0
2021-11-05 00:00:00-04:00,326.19391109896634,326.46372260907503,322.25272217294105,323.8330383300781,22570100,0.0,0.0
2021-11-08 00:00:00-05:00,325.0278752948011,325.3651469944245,322.27194586748317,324.7291564941406,20897000,0.0,0.0
2021-11-09 00:00:00-05:00,324.8446978129516,326.39613544817803,322.35858053714594,323.7269287109375,21307400,0.0,0.0
2021-11-10 00:00:00-05:00,322.39719647909817,322.4550111195703,317.916385399046,318.76434326171875,25500900,0.0,0.0
2021-11-11 00:00:00-05:00,319.197991984075,321.62629517799496,318.48492512550797,320.3350524902344,16849800,0.0,0.0
2021-11-12 00:00:00-05:00,321.7709095924338,324.96047859803025,321.6456347130858,324.4690246582031,23831000,0.0,0.0
2021-11-15 00:00:00-05:00,325.25913835367027,325.5867644516325,321.87683485459274,323.8426208496094,16723000,0.0,0.0
2021-11-16 00:00:00-05:00,323.4668027763442,328.27526945186895,323.30300442769504,327.157470703125,20886800,0.0,0.0
2021-11-17 00:00:00-05:00,327.2057858501784,330.3432697598769,326.2983266086432,327.3795471191406,19053400,0.62,0.0
2021-11-18 00:00:00-05:00,326.47202852171574,330.5942177948435,325.44872862025187,329.4550476074219,22463500,0.0,0.0
2021-11-19 00:00:00-05:00,330.7776231911043,333.152448348102,330.3528538835382,331.2313232421875,21963400,0.0,0.0
2021-11-22 00:00:00-05:00,332.68911800842596,337.564302737887,327.7946362926537,328.06494140625,31031100,0.0,0.0
2021-11-23 00:00:00-05:00,325.38118601428096,327.69812064888646,322.0120206003462,325.9893798828125,30427600,0.0,0.0
2021-11-24 00:00:00-05:00,324.63782194134853,326.45274014228477,322.34987720586537,326.2113952636719,21661300,0.0,0.0
2021-11-26 00:00:00-05:00,322.77463147147154,326.23067700890783,316.7603067714065,318.26629638671875,24217200,0.0,0.0
2021-11-29 00:00:00-05:00,323.34418392046973,327.29258219620067,323.15109625287187,324.9756774902344,28563500,0.0,0.0
2021-11-30 00:00:00-05:00,323.7110306026671,326.08585570049416,317.60016244351027,319.144775390625,42885600,0.0,0.0
2021-12-01 00:00:00-05:00,323.5276191928272,327.53393801069564,317.9863505876279,318.6524353027344,33337600,0.0,0.0
2021-12-02 00:00:00-05:00,318.864840789436,321.94440378728416,316.4513920112506,318.0828857421875,30766000,0.0,0.0
2021-12-03 00:00:00-05:00,320.4963603630018,321.18180108322787,307.01966954803913,311.8272705078125,41779300,0.0,0.0
2021-12-06 00:00:00-05:00,312.7346847030442,316.1135127790288,308.1780925192748,314.8971252441406,30032600,0.0,0.0
2021-12-07 00:00:00-05:00,320.15847701837134,324.1744298816056,318.67178431375265,323.3249206542969,31021900,0.0,0.0
2021-12-08 00:00:00-05:00,323.70142498514247,323.8848494624371,319.3475536468009,323.3731994628906,24761000,0.0,0.0
2021-12-09 00:00:00-05:00,322.83254633757906,324.84052263649073,320.62181914163386,321.5679016113281,22214200,0.0,0.0
2021-12-10 00:00:00-05:00,323.3827651973081,331.1250964977841,323.19934077530974,330.6810302734375,38095700,0.0,0.0
2021-12-13 00:00:00-05:00,328.8854035288056,331.88774838642314,327.34079080039083,327.64971923828125,28899400,0.0,0.0
2021-12-14 00:00:00-05:00,321.68374322246143,323.0545950116288,312.88912106633165,316.9726867675781,44438700,0.0,0.0
2021-12-15 00:00:00-05:00,317.23333915012444,323.5855526741377,313.26564359900055,323.0642395019531,35381100,0.0,0.0
2021-12-16 00:00:00-05:00,324.0875444975225,325.10121065165634,311.83687625533753,313.65179443359375,35034800,0.0,0.0
2021-12-17 00:00:00-05:00,309.7709825901244,313.67112406852533,306.2666502470529,312.5898742675781,47750300,0.0,0.0
2021-12-20 00:00:00-05:00,308.96970202135424,311.6244956878622,306.5755796789902,308.8345642089844,28326500,0.0,0.0
2021-12-21 00:00:00-05:00,312.09752764718075,316.38381472096694,308.7283333654757,315.95904541015625,24740600,0.0,0.0
2021-12-22 00:00:00-05:00,316.9341062072316,322.0602694505174,314.4724000480661,321.66448974609375,24831500,0.0,0.0
2021-12-23 00:00:00-05:00,321.23000578456225,324.74400105600773,321.2107088019103,323.10284423828125,19617800,0.0,0.0
2021-12-27 00:00:00-05:00,323.84624509607664,330.62322900952455,323.8172848853802,330.5942687988281,19947000,0.0,0.0
2021-12-28 00:00:00-05:00,331.2699450024373,331.9070989605817,328.5379341826007,329.43572998046875,15661500,0.0,0.0
2021-12-29 00:00:00-05:00,329.4838996470539,332.3800371632988,327.91999010204705,330.1114196777344,15042000,0.0,0.0
2021-12-30 00:00:00-05:00,330.0729001077908,331.25066424671456,327.0898810628788,327.57257080078125,15994500,0.0,0.0
2021-12-31 00:00:00-05:00,326.7906054612649,327.6111544209489,324.2226926014007,324.6764221191406,18000800,0.0,0.0
2022-01-03 00:00:00-05:00,323.7400001560889,326.29824977245147,318.3628296202537,323.1607666015625,28865100,0.0,0.0
2022-01-04 00:00:00-05:00,323.2379618678629,323.59517698244974,314.82951579453515,317.6194763183594,32674300,0.0,0.0
2022-01-05 00:00:00-05:00,314.5785047925629,314.78125567055275,305.0405814422899,305.4267272949219,40054300,0.0,0.0
2022-01-06 00:00:00-05:00,302.30856806148427,307.66644167118665,300.7060346434731,303.0133056640625,39646100,0.0,0.0
2022-01-07 00:00:00-05:00,303.27393271968896,305.54258020265945,299.35449471125537,303.1677551269531,32720000,0.0,0.0
2022-01-10 00:00:00-05:00,298.77528825214137,303.82423357931884,294.1414784951119,303.3898010253906,44289500,0.0,0.0
2022-01-11 00:00:00-05:00,302.53064320042563,305.6488002414314,299.1614780529444,304.07525634765625,29386800,0.0,0.0
2022-01-12 00:00:00-05:00,308.6029590335148,312.21346988721893,306.10259954404205,307.25140380859375,34372200,0.0,0.0
2022-01-13 00:00:00-05:00,309.37515937724777,309.7709684945666,293.4753583562799,294.2476501464844,45366000,0.0,0.0
2022-01-14 00:00:00-05:00,293.71673416868725,300.05928501415605,293.2340443836935,299.46075439453125,39846400,0.0,0.0
2022-01-18 00:00:00-05:00,293.54294042354564,299.0745458921932,291.2935897762765,292.1720886230469,42333200,0.0,0.0
2022-01-19 00:00:00-05:00,295.68600434628456,303.04218915963577,292.2202965427178,292.8284606933594,45933900,0.0,0.0
2022-01-20 00:00:00-05:00,298.3698016436407,300.8604673943379,290.71435049782207,291.1584167480469,35380700,0.0,0.0
2022-01-21 00:00:00-05:00,292.21074246408233,293.58156494621363,285.37583865558236,285.78131103515625,57984400,0.0,0.0
2022-01-24 00:00:00-05:00,282.0838512555884,286.82383782749025,266.49295154897675,286.1094665527344,85731500,0.0,0.0
2022-01-25 00:00:00-05:00,281.4275105232843,284.777379629548,275.29737232219435,278.5024108886719,72848600,0.0,0.0
2022-01-26 00:00:00-05:00,297.32722375809846,297.8195767322565,282.8851546395586,286.437744140625,90428900,0.0,0.0
2022-01-27 00:00:00-05:00,292.18181992971034,296.6611663626569,287.6155633991125,289.4594421386719,53481300,0.0,0.0
2022-01-28 00:00:00-05:00,289.83586478628683,297.80024475160536,284.2559730920568,297.5878601074219,49743700,0.0,0.0
2022-01-31 00:00:00-05:00,298.2539651589988,301.5652092942881,295.76326991115974,300.21368408203125,46444500,0.0,0.0
2022-02-01 00:00:00-05:00,299.663396097362,299.87578072467323,294.5661945029304,298.0705261230469,40950400,0.0,0.0
2022-02-02 00:00:00-05:00,298.9104284628024,304.21035194352163,298.1863939124947,302.6078186035156,36636000,0.0,0.0
2022-02-03 00:00:00-05:00,298.7752424556932,300.45502254049995,289.57517852557834,290.8205261230469,43730000,0.0,0.0
2022-02-04 00:00:00-05:00,289.8165105525263,298.10911517984084,289.58482894873913,295.34814453125,35096500,0.0,0.0
2022-02-07 00:00:00-05:00,295.57022651592763,297.18239363022644,289.5172787684884,290.53094482421875,28533300,0.0,0.0
2022-02-08 00:00:00-05:00,290.82058728101566,294.98137075377906,289.5656056597399,294.0159912109375,32421200,0.0,0.0
2022-02-09 00:00:00-05:00,299.14209466836076,301.1307737737914,296.74797273384456,300.4356994628906,31284700,0.0,0.0
2022-02-10 00:00:00-05:00,293.5140327543915,298.4181483420068,290.2896683057425,291.9114990234375,45386200,0.0,0.0
2022-02-11 00:00:00-05:00,292.69346087944797,293.75538439550695,284.0340041683453,284.82562255859375,39175600,0.0,0.0
2022-02-14 00:00:00-05:00,283.599498987924,286.4860034605709,281.263297311286,284.78692626953125,36359500,0.0,0.0
2022-02-15 00:00:00-05:00,289.62343867620336,290.3860670729581,286.736934680652,290.0675048828125,27058300,0.0,0.0
2022-02-16 00:00:00-05:00,288.635864710569,291.0543038082839,284.09887060149885,289.72900390625,29982100,0.62,0.0
2022-02-17 00:00:00-05:00,286.6913858769695,287.1170334540753,280.53889193473333,281.2450866699219,32461600,0.0,0.0
2022-02-18 00:00:00-05:00,283.489489314172,284.27306141380194,276.9693853417557,278.5365295410156,34264000,0.0,0.0
2022-02-22 00:00:00-05:00,275.70201990685416,282.02866399823324,275.2183321526316,278.3332824707031,41736100,0.0,0.0
2022-02-23 00:00:00-05:00,280.7130382995433,282.1834680729997,270.9619054573808,271.1263427734375,37811200,0.0,0.0
2022-02-24 00:00:00-05:00,263.6195175824751,285.530567636646,262.66179572392394,284.9791564941406,56989700,0.0,0.0
2022-02-25 00:00:00-05:00,285.51122425806165,287.9199798483663,282.1350636287986,287.61041259765625,32546700,0.0,0.0
2022-02-28 00:00:00-05:00,284.7082917445892,289.3807321175086,283.44103215371325,289.0421447753906,34627500,0.0,0.0
2022-03-01 00:00:00-05:00,286.73009989470324,290.1836376065008,282.6187539107419,285.3274230957031,31217800,0.0,0.0
2022-03-02 00:00:00-05:00,285.7240737108103,291.63475461259384,284.118256021791,290.3965148925781,31873000,0.0,0.0
2022-03-03 00:00:00-05:00,293.0084173965025,293.2405780996094,284.4567908872236,286.26580810546875,27314500,0.0,0.0
2022-03-04 00:00:00-05:00,284.6889691786735,286.0142690066233,277.80125973691753,280.4034729003906,32356500,0.0,0.0
2022-03-07 00:00:00-05:00,279.11684688434497,280.2390059870798,269.4430920558965,269.8106994628906,43157200,0.0,0.0
2022-03-08 00:00:00-05:00,268.7369507911687,274.695988493688,261.19143233256847,266.8505859375,48159500,0.0,0.0
2022-03-09 00:00:00-05:00,274.192941941818,280.1519791699358,271.6197193077244,279.0878601074219,35204500,0.0,0.0
2022-03-10 00:00:00-05:00,273.7866644734184,277.24988606847967,271.4262653649747,276.2728271484375,30628000,0.0,0.0
2022-03-11 00:00:00-05:00,278.5654386141769,280.06488834104937,270.31372684225215,270.932861328125,27209300,0.0,0.0
2022-03-14 00:00:00-04:00,271.19411574307355,276.08903470394495,266.821587956301,267.4213562011719,30660700,0.0,0.0
2022-03-15 00:00:00-04:00,271.2037785530538,278.4300760838003,269.6366346705724,277.78192138671875,34245100,0.0,0.0
2022-03-16 00:00:00-04:00,279.67796423359994,284.9598566183486,273.960800034903,284.7857360839844,37826300,0.0,0.0
2022-03-17 00:00:00-04:00,283.7216255602985,285.96591473369335,279.92949985014275,285.5886535644531,30816600,0.0,0.0
2022-03-18 00:00:00-04:00,285.7337436372442,291.1800733202025,283.17988724924487,290.628662109375,43390600,0.0,0.0
2022-03-21 00:00:00-04:00,289.1388741774251,290.348093539092,285.27902590005374,289.4000549316406,28351200,0.0,0.0
2022-03-22 00:00:00-04:00,290.01922877865013,295.04959432677754,289.0228329688514,294.1402587890625,27599700,0.0,0.0
2022-03-23 00:00:00-04:00,290.7060719110069,293.3373349131294,288.0070855267432,289.7193298339844,25715400,0.0,0.0
2022-03-24 00:00:00-04:00,289.3807798917864,294.2756985521243,288.5875247357409,294.178955078125,24484500,0.0,0.0
2022-03-25 00:00:00-04:00,295.27209408375734,295.5332748935633,289.5258800923185,293.77264404296875,22566500,0.0,0.0
2022-03-28 00:00:00-04:00,294.401361618458,300.66028204395406,294.401361618458,300.5635681152344,29578200,0.0,0.0
2022-03-29 00:00:00-04:00,303.66896183482845,305.51665328271804,298.96749977160823,305.1200256347656,30393400,0.0,0.0
2022-03-30 00:00:00-04:00,303.5237389507756,305.642293606047,301.4148379753387,303.6204528808594,28163600,0.0,0.0
2022-03-31 00:00:00-04:00,303.65915116071864,304.85871680672483,297.84524471777274,298.25152587890625,33422100,0.0,0.0
2022-04-01 00:00:00-04:00,299.27699192361627,300.01220684451596,295.57195627521304,299.32537841796875,27110500,0.0,0.0
2022-04-04 00:00:00-04:00,299.9734775453708,304.8296921264754,299.605870116793,304.69427490234375,24289600,0.0,0.0
2022-04-05 00:00:00-04:00,303.0498365279918,304.5976438670888,299.7607643836416,300.7378234863281,23156700,0.0,0.0
2022-04-06 00:00:00-04:00,295.23337365440614,296.98432119939486,287.03001760705087,289.72900390625,40110400,0.0,0.0
2022-04-07 00:00:00-04:00,286.9816333071018,293.7435789334034,286.6817492492974,291.5379638671875,31411200,0.0,0.0
2022-04-08 00:00:00-04:00,290.6383190722913,291.2961273756615,286.6140331520905,287.2815246582031,24361900,0.0,0.0
2022-04-11 00:00:00-04:00,282.27054447193905,283.06377005501855,275.70205565183903,275.9535827636719,34569300,0.0,0.0
2022-04-12 00:00:00-04:00,279.80375250936805,281.25481613450495,271.33921469606946,272.8580017089844,30966700,0.0,0.0
2022-04-13 00:00:00-04:00,273.5061208154424,279.16524459856345,272.122751236361,278.236572265625,21907200,0.0,0.0
2022-04-14 00:00:00-04:00,278.69121497830656,278.9040387773758,270.2073421446939,270.70068359375,28221600,0.0,0.0
2022-04-18 00:00:00-04:00,269.8107036813086,273.2448748903174,269.2592925621962,271.3681640625,20778000,0.0,0.0
2022-04-19 00:00:00-04:00,270.2654313652648,276.8339207213191,269.3270757429713,275.9922790527344,22297700,0.0,0.0
2022-04-20 00:00:00-04:00,279.9585306840921,280.2487611166092,276.0600076685243,277.0177001953125,22906700,0.0,0.0
2022-04-21 00:00:00-04:00,279.1652091753969,283.7312227224096,270.9231805322284,271.6487121582031,29454600,0.0,0.0
2022-04-22 00:00:00-04:00,272.49035276111147,273.9607825716903,264.4611470651918,265.0899353027344,29405800,0.0,0.0
2022-04-25 00:00:00-04:00,264.3740824976134,271.93893715298736,261.9362771237636,271.5616760253906,35678900,0.0,0.0
2022-04-26 00:00:00-04:00,268.4467603674442,269.2786893101123,261.19144251967543,261.4042663574219,46518400,0.0,0.0
2022-04-27 00:00:00-04:00,272.89670744793256,281.47732570453576,270.0526203554486,273.98016357421875,63477700,0.0,0.0
2022-04-28 00:00:00-04:00,275.8859098295286,281.4870240399214,272.2775874275233,280.1810607910156,33646600,0.0,0.0
2022-04-29 00:00:00-04:00,279.1941927831202,280.42277840331,267.47929116346074,268.46600341796875,37073900,0.0,0.0
2022-05-02 00:00:00-04:00,268.6499223041335,275.6440598919029,267.20854182444157,275.18939208984375,35151100,0.0,0.0
2022-05-03 00:00:00-04:00,274.6959381507982,274.8604049751224,271.0102398651095,272.5870666503906,25978600,0.0,0.0
2022-05-04 00:00:00-04:00,273.37067229887913,281.39022443680767,267.7018653489587,280.51959228515625,33599300,0.0,0.0
2022-05-05 00:00:00-04:00,276.22441306115445,277.0079848672341,265.3897954748828,268.3016052246094,43260400,0.0,0.0
2022-05-06 00:00:00-04:00,265.8444668964473,270.1396166091243,262.4199492559165,265.76708984375,37780300,0.0,0.0
2022-05-09 00:00:00-04:00,261.24944034580705,263.47439231628505,254.72933854404118,255.94821166992188,47726000,0.0,0.0
2022-05-10 00:00:00-04:00,262.8262266216796,264.81901759782835,256.42220615250693,260.7076721191406,39336400,0.0,0.0
2022-05-11 00:00:00-04:00,257.0123860481499,262.50707330568844,250.84052394661964,252.04974365234375,48975900,0.0,0.0
2022-05-12 00:00:00-04:00,249.28303414533278,251.4015891851371,241.86326466522425,247.01937866210938,51033800,0.0,0.0
2022-05-13 00:00:00-04:00,248.95410945636132,254.45847882495977,247.0193583116015,252.60110473632812,34925100,0.0,0.0
2022-05-16 00:00:00-04:00,251.47889211607554,257.1477271175906,247.43527016765572,252.96865844726562,32550900,0.0,0.0
2022-05-17 00:00:00-04:00,257.4283458213499,259.57592116021584,253.89743024977278,258.1152038574219,28828800,0.0,0.0
2022-05-18 00:00:00-04:00,255.01235236440064,255.59413551227334,245.09305474022761,246.36326599121094,31356000,0.62,0.0
2022-05-19 00:00:00-04:00,246.1887405470746,249.8442599742027,244.23010107031448,245.4518280029297,32692300,0.0,0.0
2022-05-20 00:00:00-04:00,249.42727472265636,250.6878097739671,238.95529670794807,244.88941955566406,39199300,0.0,0.0
2022-05-23 00:00:00-04:00,247.73044594268052,253.55790919869958,245.73299835989616,252.7337188720703,33175400,0.0,0.0
2022-05-24 00:00:00-04:00,250.05756188241344,253.39305741677543,245.80087764780725,251.73500061035156,29043900,0.0,0.0
2022-05-25 00:00:00-04:00,250.30000184980992,256.54438432821877,249.32066725672652,254.5469512939453,28547900,0.0,0.0
2022-05-26 00:00:00-04:00,254.3044925724609,258.9974916357113,253.49000806634814,257.8242492675781,25002100,0.0,0.0
2022-05-27 00:00:00-04:00,260.32590258710013,265.0382834774228,259.4338312366583,264.9413146972656,26910800,0.0,0.0
2022-05-31 00:00:00-04:00,264.25290403889915,266.4248628217989,260.76223485872504,263.6129455566406,37827700,0.0,0.0
2022-06-01 00:00:00-04:00,266.84174494158134,269.2561101652583,261.83845889497184,264.14617919921875,25292200,0.0,0.0
2022-06-02 00:00:00-04:00,256.4183467798957,266.30854273854516,253.6548987948604,266.24066162109375,44008200,0.0,0.0
2022-06-03 00:00:00-04:00,262.1003534639654,265.14500204030634,260.25806469793486,261.81915283203125,28059000,0.0,0.0
2022-06-06 00:00:00-04:00,263.7971142933535,265.8527218771535,259.1041161363901,260.587646484375,22400300,0.0,0.0
2022-06-07 00:00:00-04:00,258.54180604342474,264.8346867223125,257.86305412954965,264.22381591796875,22860700,0.0,0.0
2022-06-08 00:00:00-04:00,263.4578322605081,264.7086616945771,261.4216058677899,262.19732666015625,17372300,0.0,0.0
2022-06-09 00:00:00-04:00,259.64716611698157,264.4274283960142,256.59284170053377,256.74798583984375,26439700,0.0,0.0
2022-06-10 00:00:00-04:00,252.6658293283701,252.6658293283701,244.86033026242538,245.30636596679688,31422800,0.0,0.0
2022-06-13 00:00:00-04:00,237.66571545060387,241.45696760455806,234.19444257567676,234.9022674560547,46135800,0.0,0.0
2022-06-14 00:00:00-04:00,236.45364337563802,238.27654997365488,234.17501012811695,237.06451416015625,28651500,0.0,0.0
2022-06-15 00:00:00-04:00,240.76850759522998,247.54621774471534,238.93590988722116,244.1137237548828,33111700,0.0,0.0
2022-06-16 00:00:00-04:00,238.5092880231499,239.9055558620673,235.639195061252,237.52996826171875,33169200,0.0,0.0
2022-06-17 00:00:00-04:00,237.26818358324823,242.89203403698954,236.61853401016964,240.1285858154297,43084800,0.0,0.0
2022-06-21 00:00:00-04:00,242.6592962620597,247.0129348663082,241.93207466775263,246.0336151123047,29928300,0.0,0.0
2022-06-22 00:00:00-04:00,244.23977847011096,249.3594317398159,242.7659386682965,245.44212341308594,25939900,0.0,0.0
2022-06-23 00:00:00-04:00,247.8080051297893,251.49258222219643,245.9269231515667,250.99806213378906,25861400,0.0,0.0
2022-06-24 00:00:00-04:00,253.85845359611892,259.84107489415163,253.77119057568703,259.569580078125,33923200,0.0,0.0
2022-06-27 00:00:00-04:00,260.06411562547476,260.1513786610391,255.28385304721854,256.844970703125,24615100,0.0,0.0
2022-06-28 00:00:00-04:00,255.9625992863611,258.8036043245108,248.53523976557486,248.6903839111328,27295500,0.0,0.0
2022-06-29 00:00:00-04:00,249.76662370164098,254.0136016391761,247.99220161534694,252.3555450439453,20069800,0.0,0.0
2022-06-30 00:00:00-04:00,249.24302834525233,251.6477180084153,245.21907543533365,249.0297088623047,31730900,0.0,0.0
2022-07-01 00:00:00-04:00,248.60309420009241,251.88041405463684,246.87714165785107,251.69618225097656,22837700,0.0,0.0
2022-07-05 00:00:00-04:00,248.3801241327607,254.99299984153146,247.0032529724364,254.866943359375,22941000,0.0,0.0
2022-07-06 00:00:00-04:00,255.73956910040374,259.8507853109402,254.430564439945,258.1248474121094,23824400,0.0,0.0
2022-07-07 00:00:00-04:00,257.067970916459,260.8883105802799,256.97100212276746,260.24835205078125,20859900,0.0,0.0
2022-07-08 00:00:00-04:00,256.74802329517996,259.95749231914675,255.29358006652834,259.5308532714844,19658800,0.0,0.0
2022-07-11 00:00:00-04:00,257.58180151711184,258.4350793197344,254.21718948537364,256.4764404296875,19455200,0.0,0.0
2022-07-12 00:00:00-04:00,257.80490257305115,257.8630779320997,244.38522912726302,245.96572875976562,35868500,0.0,0.0
2022-07-13 00:00:00-04:00,242.59139634264417,245.84934922574635,240.5745669583086,245.0445556640625,29497400,0.0,0.0
2022-07-14 00:00:00-04:00,242.95987452362783,247.39107006314066,238.47048883303972,246.36326599121094,25102800,0.0,0.0
2022-07-15 00:00:00-04:00,247.9534061486312,252.46217284540808,247.0322620143319,248.92303466796875,29774100,0.0,0.0
2022-07-18 00:00:00-04:00,251.86108033846966,252.91797217764622,245.60697754900244,246.5281219482422,20975000,0.0,0.0
2022-07-19 00:00:00-04:00,249.7569780806795,251.83199795607726,245.9754316061992,251.64776611328125,25012600,0.0,0.0
2022-07-20 00:00:00-04:00,252.00651938891917,256.82557571212527,251.04659634523787,254.30453491210938,22788300,0.0,0.0
2022-07-21 00:00:00-04:00,251.89986485024778,256.8449774641106,249.2236799929457,256.7964782714844,22404700,0.0,0.0
2022-07-22 00:00:00-04:00,257.18427635912064,257.27153938086525,251.2016845618034,252.45248413085938,21881300,0.0,0.0
2022-07-25 00:00:00-04:00,253.07311691629897,253.55793131652177,249.01036987517415,250.96900939941406,21056000,0.0,0.0
2022-07-26 00:00:00-04:00,251.96770218262552,251.98711369487128,241.9902440697429,244.2494659423828,39348000,0.0,0.0
2022-07-27 00:00:00-04:00,253.22826018562694,261.8482448041291,250.98842003172433,260.5780334472656,45994000,0.0,0.0
2022-07-28 00:00:00-04:00,261.55740447896596,269.4016989901171,259.73449735178815,268.01513671875,33459300,0.0,0.0
2022-07-29 00:00:00-04:00,269.26597233236413,273.4353649978129,268.22846224992406,272.213623046875,32152800,0.0,0.0
2022-08-01 00:00:00-04:00,269.3822964700081,272.7372040337669,267.4624206782317,269.5665283203125,21539600,0.0,0.0
2022-08-02 00:00:00-04:00,267.6174515857436,269.450063555579,264.10740133931404,266.4732971191406,22754200,0.0,0.0
2022-08-03 00:00:00-04:00,268.3544501034442,274.8897381119249,268.20898212498906,273.8910217285156,23518900,0.0,0.0
2022-08-04 00:00:00-04:00,273.2413979951584,275.18065569445895,271.66092782643676,275.03521728515625,18098700,0.0,0.0
2022-08-05 00:00:00-04:00,270.6718139989153,275.0351426380941,270.21608737963913,274.317626953125,16774600,0.0,0.0
2022-08-08 00:00:00-04:00,275.4230007870511,277.2362311831434,270.8366763006836,271.8063049316406,18739200,0.0,0.0
2022-08-09 00:00:00-04:00,271.1470399708498,274.4825361654894,269.1786648955096,273.7262268066406,23405200,0.0,0.0
2022-08-10 00:00:00-04:00,279.41797601804245,281.0081520432844,278.22532180606646,280.3778991699219,24687800,0.0,0.0
2022-08-11 00:00:00-04:00,282.01648958955855,282.3655416886504,277.8083049364427,278.30279541015625,20065900,0.0,0.0
2022-08-12 00:00:00-04:00,279.71846209389213,283.0442810058594,278.22522580232317,283.0442810058594,22619700,0.0,0.0
2022-08-15 00:00:00-04:00,282.16193138302435,285.2453433252316,281.2989476986178,284.5569152832031,18085700,0.0,0.0
2022-08-16 00:00:00-04:00,283.12187347946144,285.1096300607174,281.59957891566967,283.82000732421875,18102900,0.0,0.0
2022-08-17 00:00:00-04:00,281.5364653954684,285.0442694338314,281.27412068929476,283.0717468261719,18253400,0.62,0.0
2022-08-18 00:00:00-04:00,281.9737992817374,283.64510179006146,280.89521149700556,281.9543762207031,17186200,0.0,0.0
2022-08-19 00:00:00-04:00,280.7202952926748,281.06039158484833,277.4748651159436,278.04815673828125,20570000,0.0,0.0
2022-08-22 00:00:00-04:00,274.0933767758062,274.46262247376245,269.37099355295584,269.885986328125,25061100,0.0,0.0
2022-08-23 00:00:00-04:00,268.6131896972656,270.96465592056563,267.602626789956,268.6131896972656,17527400,0.0,0.0
2022-08-24 00:00:00-04:00,267.61232157638716,269.38079904214317,267.3207976827984,267.9815673828125,18137000,0.0,0.0
2022-08-25 00:00:00-04:00,269.4778816182688,271.12003464855854,266.7474441390709,270.9548645019531,16583400,0.0,0.0
2022-08-26 00:00:00-04:00,271.1783402052865,272.4026750674216,260.3926404040064,260.49951171875,27549300,0.0,0.0
2022-08-29 00:00:00-04:00,258.3229611362696,259.82906392811554,256.3795873901303,257.72052001953125,20338500,0.0,0.0
2022-08-30 00:00:00-04:00,259.1197280644123,259.4889441338361,253.27988099606083,255.52447509765625,22767100,0.0,0.0
2022-08-31 00:00:00-04:00,257.8759964592217,259.54726943283595,253.9309204276981,254.0669708251953,24791800,0.0,0.0
2022-09-01 00:00:00-04:00,251.54054215060617,253.50336834765315,248.17851432635862,253.0272216796875,23263400,0.0,0.0
2022-09-02 00:00:00-04:00,254.29046300933095,257.2443697118644,247.265156339412,248.8101348876953,22855400,0.0,0.0
2022-09-06 00:00:00-04:00,248.94616930970054,250.52999388020916,244.80677406440572,246.07968139648438,21328200,0.0,0.0
2022-09-07 00:00:00-04:00,247.48866611987495,251.50172318852577,246.05057356840078,250.78268432617188,24126700,0.0,0.0
2022-09-08 00:00:00-04:00,250.21908643151144,253.056395384433,247.5760822267559,251.20046997070312,20319900,0.0,0.0
2022-09-09 00:00:00-04:00,253.12441850602798,257.7205078743252,252.92037257528756,256.9722900390625,22084700,0.0,0.0
2022-09-12 00:00:00-04:00,258.2549788214969,259.87770921653043,257.65253760472325,259.100341796875,18747700,0.0,0.0
2022-09-13 00:00:00-04:00,251.51140761885284,253.02723665375865,244.46667832262642,244.85536193847656,33353300,0.0,0.0
2022-09-14 00:00:00-04:00,246.35174947948744,247.031927263813,242.78566075681428,245.07884216308594,23913000,0.0,0.0
2022-09-15 00:00:00-04:00,242.69826140604198,244.28210110293705,237.11106126505769,238.43255615234375,31530900,0.0,0.0
2022-09-16 00:00:00-04:00,237.34423330622892,238.3547959701018,235.2065251235573,237.81065368652344,39791800,0.0,0.0
2022-09-19 00:00:00-04:00,235.60494726087535,238.19934976268587,234.03081907088773,237.59690856933594,26826900,0.0,0.0
2022-09-20 00:00:00-04:00,235.21624880625103,236.6154654509246,232.85504199150714,235.58547973632812,26660300,0.0,0.0
2022-09-21 00:00:00-04:00,237.35395148181902,240.64796931692138,232.13598300454865,232.1845703125,28625600,0.0,0.0
2022-09-22 00:00:00-04:00,231.1351576468061,236.9555675025579,230.8436634388637,234.1571044921875,31061200,0.0,0.0
2022-09-23 00:00:00-04:00,232.75787437724338,234.30286782239332,228.54075677381346,231.18374633789062,34176000,0.0,0.0
2022-09-26 00:00:00-04:00,230.33835148689522,234.61376733849224,230.19258957553137,230.72702026367188,27694200,0.0,0.0
2022-09-27 00:00:00-04:00,233.18539055356896,234.9538676194247,227.86055112233197,229.7164764404297,27018700,0.0,0.0
2022-09-28 00:00:00-04:00,230.10515720285915,235.4688726877208,228.084046805277,234.2445526123047,29029700,0.0,0.0
2022-09-29 00:00:00-04:00,232.12624824404912,233.15623383177936,227.77309573435863,230.77560424804688,27484200,0.0,0.0
2022-09-30 00:00:00-04:00,231.5432539781558,233.7295494002438,226.14067744074515,226.3058624267578,35694800,0.0,0.0
2022-10-03 00:00:00-04:00,228.7448115784085,234.76926725849918,228.01604641968547,233.9239044189453,28880400,0.0,0.0
2022-10-04 00:00:00-04:00,238.15071845977334,243.27151213771026,238.04383231681499,241.8334197998047,34888400,0.0,0.0
2022-10-05 00:00:00-04:00,239.0252719369114,243.48531136271737,237.18878424235803,242.14437866210938,20347100,0.0,0.0
2022-10-06 00:00:00-04:00,240.91031948888858,243.25208841301955,239.11270766853326,239.80259704589844,20239900,0.0,0.0
2022-10-07 00:00:00-04:00,234.0793483497187,234.48746986052475,226.56821340371297,227.60792541503906,37769600,0.0,0.0
2022-10-10 00:00:00-04:00,226.45166042593948,227.91890247197844,220.31059141185503,222.75924682617188,29743600,0.0,0.0
2022-10-11 00:00:00-04:00,221.1753739104601,222.57460545971847,217.76475812921726,219.0279541015625,30474000,0.0,0.0
2022-10-12 00:00:00-04:00,219.01821055578878,221.40856673598395,217.6189939430992,219.35830688476562,21903900,0.0,0.0
2022-10-13 00:00:00-04:00,213.62535270758946,229.41526348823245,212.92573701301367,227.60792541503906,42551800,0.0,0.0
2022-10-14 00:00:00-04:00,228.87113093564267,230.5230105633838,221.87498806713398,222.08876037597656,30198600,0.0,0.0
2022-10-17 00:00:00-04:00,229.14320282236488,232.1942989747583,228.4824480465505,230.80477905273438,28142300,0.0,0.0
2022-10-18 00:00:00-04:00,236.3531154742312,237.02356694835538,228.7059298585046,231.747314453125,26329600,0.0,0.0
2022-10-19 00:00:00-04:00,230.32865767594038,232.82590014122383,227.65651868442322,229.78451538085938,19985700,0.0,0.0
2022-10-20 00:00:00-04:00,229.09462099466492,234.47775981300623,228.22009390223283,229.46385192871094,21811000,0.0,0.0
2022-10-21 00:00:00-04:00,228.09377738574145,236.11990546004,227.86056720320732,235.2648162841797,26299700,0.0,0.0
2022-10-24 00:00:00-04:00,236.85833519237556,240.8228185492143,234.46799430885156,240.24952697753906,24911200,0.0,0.0
2022-10-25 00:00:00-04:00,240.25930485991768,243.93228026742986,238.86979966752605,243.56304931640625,34775500,0.0,0.0
2022-10-26 00:00:00-04:00,224.62485269698536,231.55298484742156,223.5462796746697,224.77061462402344,82543200,0.0,0.0
2022-10-27 00:00:00-04:00,224.49851650888635,227.0734954795491,219.38744917013727,220.32998657226562,40424600,0.0,0.0
2022-10-28 00:00:00-04:00,219.83445281769383,229.9011298424008,219.64982993170372,229.19178771972656,40647700,0.0,0.0
2022-10-31 00:00:00-04:00,227.14154847284752,228.26870895469804,224.60544480206738,225.55770874023438,28357300,0.0,0.0
2022-11-01 00:00:00-04:00,227.95774742393274,229.0654698713663,220.89357967203034,221.7097930908203,30592300,0.0,0.0
2022-11-02 00:00:00-04:00,222.96327583397812,224.7511761173168,213.80997246609851,213.8682861328125,38407000,0.0,0.0
2022-11-03 00:00:00-04:00,213.85854633457637,214.16949323044878,207.9215393357344,208.18389892578125,36633900,0.0,0.0
2022-11-04 00:00:00-04:00,211.3905209364219,215.31613009916725,207.3871602036071,215.12179565429688,36789100,0.0,0.0
2022-11-07 00:00:00-05:00,215.7047654290473,221.9429931186714,215.01486125373305,221.41827392578125,33498000,0.0,0.0
2022-11-08 00:00:00-05:00,222.22476863616473,225.09124173650707,219.4457437895728,222.38995361328125,28192500,0.0,0.0
2022-11-09 00:00:00-05:00,220.93242142810288,222.15675627667915,217.97850010051374,218.1533966064453,27852900,0.0,0.0
2022-11-10 00:00:00-05:00,228.7642104865012,236.4405449105993,228.34639228979617,236.10044860839844,46268000,0.0,0.0
2022-11-11 00:00:00-05:00,236.11018052503232,240.96861451794143,235.0801800640539,240.113525390625,34620200,0.0,0.0
2022-11-14 00:00:00-05:00,235.13852790216598,237.00416504738854,232.4372393956365,234.7109832763672,31123300,0.0,0.0
2022-11-15 00:00:00-05:00,238.70460661108956,240.00666349429483,233.23400463788948,235.11907958984375,31390100,0.0,0.0
2022-11-16 00:00:00-05:00,236.58067882132508,237.5648577519869,234.27129594257252,235.54779052734375,24093300,0.68,0.0
2022-11-17 00:00:00-05:00,231.6988319904281,237.02893923380267,231.5526741520921,235.49908447265625,23123500,0.0,0.0
2022-11-18 00:00:00-05:00,237.28226939737314,237.50639789334227,232.91684876946883,235.05084228515625,27613500,0.0,0.0
2022-11-21 00:00:00-05:00,235.25549585436693,238.4126392167858,235.02164329544348,235.85964965820312,26394700,0.0,0.0
2022-11-22 00:00:00-05:00,237.36026810624583,239.03628090244808,234.55393320096024,238.76344299316406,19665700,0.0,0.0
2022-11-23 00:00:00-05:00,238.8413830694947,241.93030944994973,238.02286939557064,241.2482147216797,19508500,0.0,0.0
2022-11-25 00:00:00-05:00,240.9851181755742,242.33956874564888,240.4199497182592,241.1605224609375,9200800,0.0,0.0
2022-11-28 00:00:00-05:00,239.78656581676748,240.34198047417644,234.64160171816698,235.57704162597656,24778200,0.0,0.0
2022-11-29 00:00:00-05:00,235.22623623628454,236.58068666323004,232.11783235235237,234.18360900878906,17956300,0.0,0.0
2022-11-30 00:00:00-05:00,234.41749940509243,248.80001134833023,233.72565090628407,248.6148681640625,47594200,0.0,0.0
2022-12-01 00:00:00-05:00,247.37734047819936,249.56979735290415,244.50278888285192,248.17637634277344,26041500,0.0,0.0
2022-12-02 00:00:00-05:00,243.4309315609044,249.51133581657106,243.30425151606138,248.49794006347656,21528500,0.0,0.0
2022-12-05 00:00:00-05:00,245.5649005511503,247.32862273354516,241.7159238084992,243.8011932373047,23435300,0.0,0.0
2022-12-06 00:00:00-05:00,244.40534037511836,245.41873605992336,237.5453785123422,238.85110473632812,22463700,0.0,0.0
2022-12-07 00:00:00-05:00,238.56852717524598,239.8645144954358,236.0155378698541,238.1202850341797,20481500,0.0,0.0
2022-12-08 00:00:00-05:00,238.5782432324145,242.37851012823407,236.8437677052444,241.07276916503906,22611800,0.0,0.0
2022-12-09 00:00:00-05:00,238.44186049239534,241.95953631031935,237.91567738898425,239.14344787597656,20609700,0.0,0.0
2022-12-12 00:00:00-05:00,241.12151949404333,246.0813403319802,240.84868161991452,246.05210876464844,30665100,0.0,0.0
2022-12-13 00:00:00-05:00,254.99733220148903,257.1703110963209,246.59779176063924,250.34933471679688,42196900,0.0,0.0
2022-12-14 00:00:00-05:00,250.55395264064651,255.87430582571122,247.8060664813451,250.6416473388672,35410900,0.0,0.0
2022-12-15 00:00:00-05:00,247.2311972093182,247.69891720696873,241.0143588134877,242.6416473388672,35560400,0.0,0.0
2022-12-16 00:00:00-05:00,242.19339565744826,243.45039767115878,237.28228413602537,238.43211364746094,86102000,0.0,0.0
2022-12-19 00:00:00-05:00,238.5977558234553,238.93881059195638,232.60504677186884,234.300537109375,29696400,0.0,0.0
2022-12-20 00:00:00-05:00,233.27741342411088,236.69765578039272,232.32248078286008,235.6160430908203,25150800,0.0,0.0
2022-12-21 00:00:00-05:00,235.50885613255662,239.3383404733785,233.96926235474098,238.17877197265625,23690600,0.0,0.0
2022-12-22 00:00:00-05:00,235.08985146621117,235.80119266762082,227.8888488200861,232.09837341308594,28651700,0.0,0.0
2022-12-23 00:00:00-05:00,230.07152258563394,232.76093064490397,227.95702179597365,232.62451171875,21207000,0.0,0.0
2022-12-27 00:00:00-05:00,232.59531655901404,232.81943021522733,229.79872070086748,230.8998260498047,16688600,0.0,0.0
2022-12-28 00:00:00-05:00,230.83159608110222,233.5892213133109,228.18115822076558,228.53195190429688,17457100,0.0,0.0
2022-12-29 00:00:00-05:00,229.6232871191542,235.732937144972,229.6232871191542,234.84620666503906,19770700,0.0,0.0
2022-12-30 00:00:00-05:00,232.1178355853205,233.8230797011239,230.60747353761346,233.68666076660156,21938500,0.0,0.0
2023-01-03 00:00:00-05:00,236.86329296068058,239.46500660940322,231.32854977617055,233.4528045654297,25740000,0.0,0.0
2023-01-04 00:00:00-05:00,226.3395100790415,226.91441744415422,220.18114984436647,223.2408447265625,50623400,0.0,0.0
2023-01-05 00:00:00-05:00,221.3894202164649,221.73047501122883,216.08854432449274,216.62448120117188,39585600,0.0,0.0
2023-01-06 00:00:00-05:00,217.29681103305526,219.98621912634763,213.74016514069575,219.1774444580078,43613600,0.0,0.0
2023-01-09 00:00:00-05:00,220.65859925614794,225.3261046224166,220.61962878753835,221.31146240234375,27369800,0.0,0.0
2023-01-10 00:00:00-05:00,221.93507289887148,225.3942852499652,221.51607720978163,222.99720764160156,27033900,0.0,0.0
2023-01-11 00:00:00-05:00,225.37478378944797,229.91560850427538,225.19939440138353,229.74021911621094,28669300,0.0,0.0
2023-01-12 00:00:00-05:00,229.2432893034318,233.76462207264603,227.58676927741644,232.41017150878906,27269500,0.0,0.0
2023-01-13 00:00:00-05:00,230.93879116175304,233.24817431543465,228.91198479686696,233.11175537109375,21333300,0.0,0.0
2023-01-17 00:00:00-05:00,231.8839729382192,234.74878549049157,231.02647397875015,234.20310974121094,29831300,0.0,0.0
2023-01-18 00:00:00-05:00,235.3919352846435,236.1812174269308,229.4966590348899,229.77923583984375,30028700,0.0,0.0
2023-01-19 00:00:00-05:00,227.80113628343994,229.49664158993286,224.78041202749904,225.99844360351562,28623000,0.0,0.0
2023-01-20 00:00:00-05:00,228.85351141709936,234.58313656009622,228.51245663723557,234.07643127441406,35389800,0.0,0.0
2023-01-23 00:00:00-05:00,234.93389264301655,238.8997949854124,233.52096438273486,236.37603759765625,31934000,0.0,0.0
2023-01-24 00:00:00-05:00,236.2981109084017,237.71102447414427,234.2907973761476,235.84986877441406,40234400,0.0,0.0
2023-01-25 00:00:00-05:00,228.4832349642451,237.07767305092727,224.99479068566467,234.4564666748047,66526600,0.0,0.0
2023-01-26 00:00:00-05:00,237.4186997744048,241.95952488467353,235.8109041029407,241.65745544433594,33454500,0.0,0.0
2023-01-27 00:00:00-05:00,242.62212916997672,243.44064274681827,240.5173672279143,241.8133544921875,26498900,0.0,0.0
2023-01-30 00:00:00-05:00,238.25673078922537,239.31886569324453,236.0058106681411,236.50277709960938,25867400,0.0,0.0
2023-01-31 00:00:00-05:00,237.22381085108213,241.6087242304683,236.73659825337256,241.47230529785156,26541100,0.0,0.0
2023-02-01 00:00:00-05:00,241.65746031930018,248.65382642873757,239.19216564342997,246.28598022460938,31259900,0.0,0.0
2023-02-02 00:00:00-05:00,252.20079944287713,257.9206720160433,250.67094436562596,257.8329772949219,39940400,0.0,0.0
2023-02-03 00:00:00-05:00,252.90236640961302,257.4431921583374,250.52476615084572,251.7427978515625,29077300,0.0,0.0
2023-02-06 00:00:00-05:00,250.85600290857124,251.69399423007144,248.26402854533762,250.203125,22518000,0.0,0.0
2023-02-07 00:00:00-05:00,253.86707506089127,261.89633168827555,253.42857168977852,260.71728515625,50841400,0.0,0.0
2023-02-08 00:00:00-05:00,266.2129795710124,269.6819309436082,259.4017271241036,259.908447265625,54686000,0.0,0.0
2023-02-09 00:00:00-05:00,266.79766475449935,266.9730839280978,256.0789852689524,256.8780212402344,42375100,0.0,0.0
2023-02-10 00:00:00-05:00,254.8414524853322,257.3359789229723,253.99370721574917,256.3713073730469,25818500,0.0,0.0
2023-02-13 00:00:00-05:00,260.7951650159258,267.5771558270563,260.3176764646167,264.38104248046875,44630900,0.0,0.0
2023-02-14 00:00:00-05:00,265.69653266891055,267.93769873660716,262.3932169633668,265.2093200683594,37047900,0.0,0.0
2023-02-15 00:00:00-05:00,262.1126422431033,264.4668924311176,260.0221350925757,263.0895080566406,28922400,0.68,0.0
2023-02-16 00:00:00-05:00,257.91212263576193,260.569199060256,255.8411717100615,256.08538818359375,29603600,0.0,0.0
2023-02-17 00:00:00-05:00,253.38922926241392,254.07301742221924,250.07763995501477,252.08998107910156,30000100,0.0,0.0
2023-02-21 00:00:00-05:00,248.5928626748876,249.57950690304585,245.7697204497102,246.82473754882812,28397400,0.0,0.0
2023-02-22 00:00:00-05:00,248.2118440405047,248.45606050673507,244.5485970470492,245.6915283203125,22491100,0.0,0.0
2023-02-23 00:00:00-05:00,249.64783134560344,250.89821842663798,244.68535109646456,248.87611389160156,29219100,0.0,0.0
2023-02-24 00:00:00-05:00,244.17741496448653,245.19334897539824,242.36044373441328,243.45452880859375,24990900,0.0,0.0
2023-02-27 00:00:00-05:00,246.61958212194187,246.97125445707402,243.62059652709382,244.37278747558594,21190000,0.0,0.0
2023-02-28 00:00:00-05:00,243.30799296891402,245.6720066203372,242.9758472398355,243.64988708496094,22491000,0.0,0.0
2023-03-01 00:00:00-05:00,244.9589030496448,245.12496847434377,240.10387803031043,240.57278442382812,27565300,0.0,0.0
2023-03-02 00:00:00-05:00,240.8463053757084,245.58409633737872,239.9280489885474,245.30081176757812,24808200,0.0,0.0
2023-03-03 00:00:00-05:00,246.35583390228538,249.70647705919302,245.57433813705987,249.3841094970703,30760100,0.0,0.0
2023-03-06 00:00:00-05:00,250.49771263487295,254.10235014838744,250.05812596620328,250.9275360107422,24109800,0.0,0.0
2023-03-07 00:00:00-05:00,250.37070236682902,251.7285601912726,247.5280341065123,248.27044677734375,21473200,0.0,0.0
2023-03-08 00:00:00-05:00,248.1630024049233,248.65143534651415,245.00772977586786,247.83087158203125,17340200,0.0,0.0
2023-03-09 00:00:00-05:00,249.90184935839267,253.55531839675493,245.75993244925678,246.48281860351562,26653400,0.0,0.0
2023-03-10 00:00:00-05:00,245.2714821705408,246.94191444562173,241.8719931478548,242.83908081054688,28333900,0.0,0.0
2023-03-13 00:00:00-04:00,241.67660681243697,251.94347649871762,240.04524262160942,248.0457763671875,33339700,0.0,0.0
2023-03-14 00:00:00-04:00,250.81027480388371,255.0303418891499,249.94086490517674,254.75682067871094,33620300,0.0,0.0
2023-03-15 00:00:00-04:00,253.96557655248083,260.3152041308793,253.21337082147616,259.29925537109375,46028000,0.0,0.0
2023-03-16 00:00:00-04:00,259.0745583407351,270.1619906139307,257.18921458978684,269.8103332519531,54768800,0.0,0.0
2023-03-17 00:00:00-04:00,271.8227207737094,276.7754083374073,269.9275985016487,272.96563720703125,69527400,0.0,0.0
2023-03-20 00:00:00-04:00,270.57236463472236,271.06079765137076,263.60730504746243,265.9322509765625,43466600,0.0,0.0
2023-03-21 00:00:00-04:00,268.5209085708176,268.6381277112385,263.28489174322317,267.44635009765625,34558700,0.0,0.0
2023-03-22 00:00:00-04:00,267.0751210074597,274.5383905110529,265.8833434620223,265.9908142089844,34873300,0.0,0.0
2023-03-23 00:00:00-04:00,271.5100935079119,274.55791015384574,268.8334906504202,271.236572265625,36610900,0.0,0.0
2023-03-24 00:00:00-04:00,270.82630438464923,274.1378942395977,268.911655484411,274.07928466796875,28172000,0.0,0.0
2023-03-27 00:00:00-04:00,274.0108888501196,274.9486717802247,269.1460858667074,269.9862060546875,26840200,0.0,0.0
2023-03-28 00:00:00-04:00,269.40986602798046,269.75177506940884,265.756367139309,268.8628234863281,21878600,0.0,0.0
2023-03-29 00:00:00-04:00,272.5064700346815,274.63606009495277,271.96920577953756,274.0206298828125,25087000,0.0,0.0
2023-03-30 00:00:00-04:00,277.65461829253616,277.8792783804837,274.9682369436602,277.478759765625,25053400,0.0,0.0
2023-03-31 00:00:00-04:00,277.1661475082968,282.57796264121714,276.45302473352956,281.6304016113281,32766000,0.0,0.0
2023-04-03 00:00:00-04:00,279.8916392622568,281.6011547846993,277.3811162661027,280.5852355957031,24883300,0.0,0.0
2023-04-04 00:00:00-04:00,280.585207618267,283.7307170583828,279.0612991751383,280.5363464355469,25824300,0.0,0.0
2023-04-05 00:00:00-04:00,279.23710085498425,280.5070144974699,276.37489115464507,277.76202392578125,22064800,0.0,0.0
2023-04-06 00:00:00-04:00,276.6581468086852,285.32294143233264,275.50545235305464,284.85406494140625,29770300,0.0,0.0
2023-04-10 00:00:00-04:00,282.51936243851856,282.9003544272942,278.12346613985693,282.6952209472656,23103000,0.0,0.0
2023-04-11 00:00:00-04:00,279.139356536894,279.36404636618556,275.12445306738846,276.2868957519531,27276600,0.0,0.0
2023-04-12 00:00:00-04:00,278.20167586183015,280.3703195694183,275.4371283935577,276.9317321777344,27403400,0.0,0.0
2023-04-13 00:00:00-04:00,277.0293845422131,283.1934057090152,276.6191175771534,283.1347961425781,24222700,0.0,0.0
2023-04-14 00:00:00-04:00,280.36050660414264,281.8062788337825,277.1270829372931,279.5204162597656,20987900,0.0,0.0
2023-04-17 00:00:00-04:00,283.2226985900286,284.85407761818396,279.5399251996228,282.11883544921875,23836200,0.0,0.0
2023-04-18 00:00:00-04:00,284.82477404987856,285.01038094044696,280.37026829939435,281.69879150390625,20161800,0.0,0.0
2023-04-19 00:00:00-04:00,279.3738962456723,282.36310380411163,277.957458440505,281.7770080566406,17150300,0.0,0.0
2023-04-20 00:00:00-04:00,278.6510289270091,282.3435812467073,278.4849485884654,279.4911193847656,23244400,0.0,0.0
2023-04-21 00:00:00-04:00,278.41655103724565,279.6473817610795,276.511650666874,279.1492004394531,21676400,0.0,0.0
2023-04-24 00:00:00-04:00,275.564099605755,278.35795159650013,272.27206627525993,275.2514953613281,26611000,0.0,0.0
2023-04-25 00:00:00-04:00,273.0437166175051,275.085362168207,268.99947867623007,269.04833984375,45772200,0.0,0.0
2023-04-26 00:00:00-04:00,289.83614418187,292.6397447358396,285.957985102446,288.5368957519531,64599200,0.0,0.0
2023-04-27 00:00:00-04:00,289.12302732036886,298.1395111111619,288.4196826173737,297.7780456542969,46462600,0.0,0.0
2023-04-28 00:00:00-04:00,296.9769805922049,301.7831436206851,296.2931626094283,300.15179443359375,36469600,0.0,0.0
2023-05-01 00:00:00-04:00,299.8685037767096,301.4607998428203,298.0906008187468,298.4911193847656,21294100,0.0,0.0
2023-05-02 00:00:00-04:00,300.6402759672235,302.0274089293755,296.87933607669675,298.3446350097656,26404400,0.0,0.0
2023-05-03 00:00:00-04:00,299.52661466140324,301.47056824435134,297.05514515019064,297.35797119140625,22360800,0.0,0.0
2023-05-04 00:00:00-04:00,299.15542063563385,300.6402759672235,296.38112489974674,298.3446350097656,22519900,0.0,0.0
2023-05-05 00:00:00-04:00,298.6474673178527,304.7528796666807,297.2309997282912,303.4634094238281,28197100,0.0,0.0
2023-05-08 00:00:00-04:00,302.9554464323352,303.02383420465094,299.0088995873121,301.5096740722656,21318600,0.0,0.0
2023-05-09 00:00:00-04:00,300.8746930349145,302.86750779057024,299.2237873018419,299.8978271484375,21340800,0.0,0.0
2023-05-10 00:00:00-04:00,301.4803236876646,305.7590007361898,300.5523190484158,305.0849609375,30078000,0.0,0.0
2023-05-11 00:00:00-04:00,302.92610366423224,303.922496091225,299.17494240713177,302.93585205078125,31680200,0.0,0.0
2023-05-12 00:00:00-04:00,303.3656699936466,303.463362538451,299.50706787229524,301.8222351074219,19774700,0.0,0.0
2023-05-15 00:00:00-04:00,301.94924591720934,302.73072668738115,300.47416891606105,302.3009033203125,16336500,0.0,0.0
2023-05-16 00:00:00-04:00,302.66235026842685,306.452594750173,302.66235026842685,304.5281677246094,26730300,0.0,0.0
2023-05-17 00:00:00-04:00,305.73231876094286,307.82736596878567,304.21484884759707,307.4064025878906,24315000,0.68,0.0
2023-05-18 00:00:00-04:00,307.92533659511486,312.3406428632518,307.1323477805687,311.83154296875,27276000,0.0,0.0
2023-05-19 00:00:00-04:00,310.08886536616376,312.05666755980644,309.7266396617467,311.6552734375,27546700,0.0,0.0
2023-05-22 00:00:00-04:00,311.90988869959654,315.8160951844515,311.3322813908734,314.4356994628906,24115700,0.0,0.0
2023-05-23 00:00:00-04:00,313.30977897111853,315.9432948088947,308.63015403990534,308.63995361328125,30797200,0.0,0.0
2023-05-24 00:00:00-04:00,308.1211390989395,309.8539609209706,306.04563091509715,307.2596130371094,23384900,0.0,0.0
2023-05-25 00:00:00-04:00,316.4523646988683,320.03551297467794,313.28041010709336,319.07611083984375,43301700,0.0,0.0
2023-05-26 00:00:00-04:00,317.2160130284429,326.39905065575283,317.0789683726066,325.8997802734375,36630600,0.0,0.0
2023-05-30 00:00:00-04:00,328.1907018049732,328.6899722814739,323.5795829729366,324.2550964355469,29503100,0.0,0.0
2023-05-31 00:00:00-04:00,325.31242368593024,328.88577326121145,320.45655463188933,321.49432373046875,45950600,0.0,0.0
2023-06-01 00:00:00-04:00,319.0858695997825,326.52628506015486,317.90128645515614,325.5962219238281,26773900,0.0,0.0
2023-06-02 00:00:00-04:00,327.2312100565703,330.41296452982044,325.56689576601605,328.3570556640625,25873800,0.0,0.0
2023-06-05 00:00:00-04:00,328.18085996410906,331.45072114916485,327.6326215544442,328.8857421875,21307100,0.0,0.0
2023-06-06 00:00:00-04:00,328.2885029579965,328.32767137670015,325.19488504565373,326.67315673828125,20396200,0.0,0.0
2023-06-07 00:00:00-04:00,324.68587095816133,327.4662318852109,315.72801239577234,316.58953857421875,40717100,0.0,0.0
2023-06-08 00:00:00-04:00,317.1377037070702,319.7810193360927,316.5600964884988,318.42999267578125,23277700,0.0,0.0
2023-06-09 00:00:00-04:00,318.16566645574613,323.06067362544843,317.59785876983193,319.9278869628906,22529000,0.0,0.0
2023-06-12 00:00:00-04:00,321.6802383812358,325.1263421252022,318.3320706206992,324.881591796875,24260300,0.0,0.0
2023-06-13 00:00:00-04:00,327.44662935743804,329.9039326564141,323.45231642642443,327.2704162597656,22951300,0.0,0.0
2023-06-14 00:00:00-04:00,327.3193130414061,331.9206314111561,325.82144214687054,330.2563171386719,26003800,0.0,0.0
2023-06-15 00:00:00-04:00,330.393414820895,342.4938582086499,330.1192956143464,340.7904052734375,38899100,0.0,0.0
2023-06-16 00:00:00-04:00,343.94278354537636,344.08962778195877,334.769545086919,335.14154052734375,46552000,0.0,0.0
2023-06-20 00:00:00-04:00,332.1849367263642,334.89675963715365,328.8073702091856,330.9513854980469,26375400,0.0,0.0
2023-06-21 00:00:00-04:00,329.30668603957923,330.6381434386612,325.0969920993696,326.5556945800781,25117800,0.0,0.0
2023-06-22 00:00:00-04:00,327.1039241601426,332.9779322220441,326.3403043071654,332.5765380859375,23556800,0.0,0.0
2023-06-23 00:00:00-04:00,327.33887140406574,330.86328217867896,326.44800648245837,327.9850158691406,23146900,0.0,0.0
2023-06-26 00:00:00-04:00,326.7123419071995,329.0521396707675,321.59215393137123,321.6998596191406,21520600,0.0,0.0
2023-06-27 00:00:00-04:00,324.89140968264053,329.0913343051698,322.38516833897705,327.5445251464844,24354100,0.0,0.0
2023-06-28 00:00:00-04:00,327.63259343214776,330.8828850652817,326.80043631423547,328.797607421875,20259500,0.0,0.0
2023-06-29 00:00:00-04:00,327.6815169223393,329.052112767679,325.6354077895199,328.0143737792969,16997000,0.0,0.0
2023-06-30 00:00:00-04:00,330.6577377615813,335.53317570907825,330.1192989180002,333.38916015625,26832800,0.0,0.0
2023-07-03 00:00:00-04:00,332.06751392034784,333.7415980832822,329.5025348266666,330.8927001953125,12508700,0.0,0.0
2023-07-05 00:00:00-04:00,328.05360476311387,334.475852129054,327.7011785685613,331.0493469238281,18172400,0.0,0.0
2023-07-06 00:00:00-04:00,330.21715360852994,335.78767385230776,328.45496307477555,334.1037902832031,28161200,0.0,0.0
2023-07-07 00:00:00-04:00,332.1947331986414,334.6128676404688,329.92344297863576,330.1388244628906,21214800,0.0,0.0
2023-07-10 00:00:00-04:00,327.57376001099766,328.19053545787057,320.71095303325603,324.8619079589844,32791400,0.0,0.0
2023-07-11 00:00:00-04:00,324.10819090994494,325.8703814238738,320.1334477409768,325.48858642578125,26698200,0.0,0.0
2023-07-12 00:00:00-04:00,329.53188638120173,334.4758316380157,328.62142222429776,330.1192932128906,29995300,0.0,0.0
2023-07-13 00:00:00-04:00,332.42968950843436,336.52190790090776,331.9010204242932,335.464599609375,20567200,0.0,0.0
2023-07-14 00:00:00-04:00,340.29107663490123,344.0504382444472,337.07995339278386,337.99041748046875,28352700,0.0,0.0
2023-07-17 00:00:00-04:00,338.4211553009667,339.70364458763055,335.0142499676755,338.4701232910156,20363900,0.0,0.0
2023-07-18 00:00:00-04:00,338.56803033946636,359.0781209733801,334.98491162000175,351.9411926269531,64738600,0.0,0.0
2023-07-19 00:00:00-04:00,354.15376240808007,354.84884504828324,345.03926161088305,347.6238098144531,39732900,0.0,0.0
2023-07-20 00:00:00-04:00,346.14547130032105,350.45307072749904,338.1176492812762,339.5861511230469,33778400,0.0,0.0
2023-07-21 00:00:00-04:00,341.81830135851885,342.9441468894957,332.694001980304,336.55126953125,69405400,0.0,0.0
2023-07-24 00:00:00-04:00,338.58764053266464,339.6351792022214,335.1219672074144,337.8631591796875,26678100,0.0,0.0
2023-07-25 00:00:00-04:00,339.8211637778006,344.5008191812914,337.82402242034016,343.60992431640625,41637700,0.0,0.0
2023-07-26 00:00:00-04:00,334.2701938774004,337.43237871487065,326.1150966195682,330.67724609375,58383700,0.0,0.0
2023-07-27 00:00:00-04:00,333.3304238013421,334.1625511308161,322.14041454334006,323.7753601074219,39635300,0.0,0.0
2023-07-28 00:00:00-04:00,326.66339057868936,332.8702554950669,326.1738899082172,331.2646789550781,28484900,0.0,0.0
2023-07-31 00:00:00-04:00,329.8450900452103,330.6087097689983,326.3598183648438,328.8660888671875,25446000,0.0,0.0
2023-08-01 00:00:00-04:00,328.1514676458398,331.4311281711662,326.692765182679,329.2773132324219,18311900,0.0,0.0
2023-08-02 00:00:00-04:00,326.62420753627333,326.62420753627333,319.50684898513873,320.6229248046875,27761300,0.0,0.0
2023-08-03 00:00:00-04:00,319.154453640907,322.9529838203489,319.1055155220307,319.80059814453125,18253700,0.0,0.0
2023-08-04 00:00:00-04:00,324.91100665492644,328.10256094885904,320.3684255770162,320.8970947265625,23741500,0.0,0.0
2023-08-07 00:00:00-04:00,321.47470862016405,324.15716309321493,320.64255139351025,323.17816162109375,17741500,0.0,0.0
2023-08-08 00:00:00-04:00,320.09426392900343,321.84668466116545,316.21742705872686,319.203369140625,22327600,0.0,0.0
2023-08-09 00:00:00-04:00,319.61461022525367,320.2411556284152,314.30840912670357,315.4636535644531,22373300,0.0,0.0
2023-08-10 00:00:00-04:00,319.1740366258562,321.3670201533067,314.4356732724542,316.14892578125,20113700,0.0,0.0
2023-08-11 00:00:00-04:00,313.53500552400016,315.63985260966695,312.5070361030333,314.2692565917969,24355500,0.0,0.0
2023-08-14 00:00:00-04:00,314.64124818370647,317.2551649738709,313.35872896949473,317.235595703125,18836100,0.0,0.0
2023-08-15 00:00:00-04:00,316.2174247167932,318.26353387975075,314.1615159801267,315.1013488769531,16966300,0.0,0.0
2023-08-16 00:00:00-04:00,314.72854423868324,318.2800574602853,313.74747018564494,314.33612060546875,20698900,0.68,0.0
2023-08-17 00:00:00-04:00,314.47351697046,315.77833241862345,310.22544912717694,310.8827819824219,21257200,0.0,0.0
2023-08-18 00:00:00-04:00,308.5379985359399,312.3543913343559,305.653638152049,310.4903564453125,24755000,0.0,0.0
2023-08-21 00:00:00-04:00,311.9128620251327,316.66125678096233,311.0397216992485,315.7881164550781,24040000,0.0,0.0
2023-08-22 00:00:00-04:00,319.3395592658178,319.90856896279905,315.37601226684546,316.3570861816406,16084600,0.0,0.0
2023-08-23 00:00:00-04:00,317.6915005926863,322.96968534272673,317.33829826078113,320.8113098144531,21166400,0.0,0.0
2023-08-24 00:00:00-04:00,326.55054687218063,326.6780913060097,313.9044863180203,313.914306640625,23281400,0.0,0.0
2023-08-25 00:00:00-04:00,315.3859389138882,319.2023021602644,312.7664575046709,316.86737060546875,21684100,0.0,0.0
2023-08-28 00:00:00-04:00,319.49659681490056,319.97731354583135,315.63116244372804,317.5736999511719,14808500,0.0,0.0
2023-08-29 00:00:00-04:00,315.7881368695037,322.7537689845137,315.7881368695037,322.1945495605469,19284600,0.0,0.0
2023-08-30 00:00:00-04:00,322.44962819676334,323.5680370692741,320.2716425608164,322.5673522949219,15222100,0.0,0.0
2023-08-31 00:00:00-04:00,322.9696033369281,324.64723165247267,320.5953908586677,321.5568542480469,26411000,0.0,0.0
2023-09-01 00:00:00-04:00,325.0396597293619,325.7067829359754,320.5953952258838,322.4398193359375,14942000,0.0,0.0
2023-09-05 00:00:00-04:00,322.77336861557694,328.512657905709,322.4398070250058,327.23724365234375,18553900,0.0,0.0
2023-09-06 00:00:00-04:00,327.0704931119819,328.13003998213503,323.9310439692956,326.5799560546875,17535800,0.0,0.0
2023-09-07 00:00:00-04:00,325.0200859411969,326.7761872339446,322.8028486285546,323.66619873046875,18381000,0.0,0.0
2023-09-08 00:00:00-04:00,323.84272127726,329.797847793835,323.22463985119003,327.943603515625,19530100,0.0,0.0
2023-09-11 00:00:00-04:00,330.85742559530763,332.01511580762883,329.08168383895804,331.544189453125,16583300,0.0,0.0
2023-09-12 00:00:00-04:00,329.46433515175244,330.41597829482106,325.2064768442106,325.490966796875,17565500,0.0,0.0
2023-09-13 00:00:00-04:00,325.039726144919,330.47488618702863,324.90239131079244,329.6998291015625,16544400,0.0,0.0
2023-09-14 00:00:00-04:00,332.7312908414323,334.40891924896704,330.20013271673093,332.2898254394531,20267000,0.0,0.0
2023-09-15 00:00:00-04:00,330.54351516502703,331.0144115945299,323.4110869464427,323.9703063964844,37679800,0.0,0.0
2023-09-18 00:00:00-04:00,321.59608191122635,324.14688059021836,320.1833327948617,322.8322448730469,16834200,0.0,0.0
2023-09-19 00:00:00-04:00,319.9969481018416,323.15600785929996,318.36836152476627,322.42999267578125,16505900,0.0,0.0
2023-09-20 00:00:00-04:00,323.2737351610063,323.3522079151342,314.4440682913458,314.6991271972656,21436500,0.0,0.0
2023-09-21 00:00:00-04:00,313.21772575271143,319.1924634099481,309.0383405191742,313.48260498046875,35560400,0.0,0.0
2023-09-22 00:00:00-04:00,315.2388038490683,315.366348299517,310.16663650283107,311.0103759765625,21447900,0.0,0.0
2023-09-25 00:00:00-04:00,310.59824108043864,311.65781785899316,309.0383368775715,311.5302734375,17836000,0.0,0.0
2023-09-26 00:00:00-04:00,309.1658848784398,309.9016904509528,304.15258067558153,306.23248291015625,26297600,0.0,0.0
2023-09-27 00:00:00-04:00,306.3894620209308,308.35161042949267,303.82887271896175,306.8702087402344,19410100,0.0,0.0
2023-09-28 00:00:00-04:00,305.1042614505791,309.50930504825243,303.59342871178666,307.7041320800781,19683600,0.0,0.0
2023-09-29 00:00:00-04:00,311.7362875557097,313.4237361635249,309.01872314440465,309.7741394042969,24147300,0.0,0.0
2023-10-02 00:00:00-04:00,310.294137124608,315.7979787841784,309.21494955018176,315.70965576171875,20570000,0.0,0.0
2023-10-03 00:00:00-04:00,314.75799567015525,315.3074247202829,305.320067458415,307.4588317871094,21033500,0.0,0.0
2023-10-04 00:00:00-04:00,308.086742575961,313.9830083427308,308.0573115463436,312.9234313964844,20720100,0.0,0.0
2023-10-05 00:00:00-04:00,313.0510081572693,313.9241786927475,308.94030426959654,313.3158874511719,16965600,0.0,0.0
2023-10-06 00:00:00-04:00,310.55901920701876,322.9598111936179,310.3137506624104,321.06634521484375,25673600,0.0,0.0
2023-10-09 00:00:00-04:00,318.6038277713841,324.04877728616253,317.063534182084,323.577880859375,19891200,0.0,0.0
2023-10-10 00:00:00-04:00,324.6962643518777,324.83362909225707,321.4685522330149,322.1749267578125,20557100,0.0,0.0
2023-10-11 00:00:00-04:00,324.9416321233758,326.52117742019715,322.91083094176787,326.1287536621094,20063200,0.0,0.0
2023-10-12 00:00:00-04:00,324.31365647453015,327.3157406777027,322.49866349078104,324.8924865722656,19313100,0.0,0.0
2023-10-13 00:00:00-04:00,326.0894240178062,327.5119635418574,320.1833385954494,321.5274353027344,21072400,0.0,0.0
2023-10-16 00:00:00-04:00,324.7845483540111,329.7782415554048,324.3430830008452,326.344482421875,22158000,0.0,0.0
2023-10-17 00:00:00-04:00,323.3522278123477,327.1489800095309,321.2134933356926,325.7754821777344,18338500,0.0,0.0
2023-10-18 00:00:00-04:00,326.1973576731345,329.23869374170175,322.0866542980727,323.8623962402344,23153600,0.0,0.0
2023-10-19 00:00:00-04:00,325.86377789501114,330.5042694735543,324.6472555112947,325.04949951171875,25052100,0.0,0.0
2023-10-20 00:00:00-04:00,325.441930986154,325.6381577998448,319.29060660305254,320.4875183105469,25027700,0.0,0.0
2023-10-23 00:00:00-04:00,319.31019990102027,326.4328077015871,318.25065300887303,323.08734130859375,24374700,0.0,0.0
2023-10-24 00:00:00-04:00,325.02983032476106,325.55961871050516,321.39987419726737,324.2744140625,31153600,0.0,0.0
2023-10-25 00:00:00-04:00,338.4901826566504,339.64787287454516,331.2302401447983,334.2225341796875,55053800,0.0,0.0
2023-10-26 00:00:00-04:00,334.0949997460641,335.1643669777935,320.75238530520863,321.6844177246094,37828500,0.0,0.0
2023-10-27 00:00:00-04:00,324.1763153652428,330.3472799837888,322.1847360926127,323.56805419921875,29856500,0.0,0.0
2023-10-30 00:00:00-04:00,327.09996393650596,333.02566069281073,325.54984988044805,330.9261474609375,22828100,0.0,0.0
2023-10-31 00:00:00-04:00,332.4369832511366,332.5841383863149,328.355711175483,331.7109680175781,20265300,0.0,0.0
2023-11-01 00:00:00-04:00,333.35918048886424,340.8447807446002,333.2218157421507,339.52032470703125,28158800,0.0,0.0
2023-11-02 00:00:00-04:00,340.66814542171755,342.2280495770279,338.24489130724083,341.72772216796875,24348100,0.0,0.0
2023-11-03 00:00:00-04:00,343.0129064819289,347.6828282900891,340.75641832403534,346.1228942871094,23637700,0.0,0.0
2023-11-06 00:00:00-05:00,346.76065357014403,350.7732430573265,346.66254017187435,349.7823486328125,23828300,0.0,0.0
2023-11-07 00:00:00-05:00,352.59804644995546,355.6001309786841,350.86155596843827,353.7066650390625,25833900,0.0,0.0
2023-11-08 00:00:00-05:00,354.8348894957631,356.9834442680157,353.7262709217689,356.3261413574219,26767800,0.0,0.0
2023-11-09 00:00:00-05:00,355.4431931692312,357.8860884409739,353.53990670562916,353.8636779785156,24847300,0.0,0.0
2023-11-10 00:00:00-05:00,354.6484666487655,363.0955302142946,354.23643229337705,362.6736755371094,28042100,0.0,0.0
2023-11-13 00:00:00-05:00,361.2510661868597,361.4963346846255,358.97496734199274,359.7402038574219,19986500,0.0,0.0
2023-11-14 00:00:00-05:00,363.9882832033251,364.91049518103034,360.39754868289896,363.26226806640625,27683900,0.0,0.0
2023-11-15 00:00:00-05:00,364.99251089097083,366.8111878331865,360.89311508068755,363.4097900390625,26860100,0.75,0.0
2023-11-16 00:00:00-05:00,364.6779209606421,369.97665770103697,363.91113117269197,369.7997131347656,27182300,0.0,0.0
2023-11-17 00:00:00-05:00,367.28306715379995,368.0302064935661,360.78501895126305,363.5867614746094,40157000,0.0,0.0
2023-11-20 00:00:00-05:00,364.9335496074717,372.45399413615905,364.7172740131472,371.0482177734375,52465100,0.0,0.0
2023-11-21 00:00:00-05:00,369.30817317536815,369.8488471174716,364.8352078331243,366.752197265625,28423100,0.0,0.0
2023-11-22 00:00:00-05:00,371.5986867063138,373.358382009187,368.6200000208417,371.45123291015625,23345300,0.0,0.0
2023-11-24 00:00:00-05:00,370.9400175476793,371.56919374191403,368.78713213501106,371.038330078125,10176600,0.0,0.0
2023-11-27 00:00:00-05:00,370.3993982063347,374.19404643508545,369.82923344697656,372.1983947753906,22179200,0.0,0.0
2023-11-28 00:00:00-05:00,371.9428061684763,376.51405435302496,371.75602133936184,376.2191467285156,20453100,0.0,0.0
2023-11-29 00:00:00-05:00,377.2611498870986,377.79198354961045,371.04816997841607,372.4342956542969,28963400,0.0,0.0
2023-11-30 00:00:00-05:00,372.0804464632099,373.6533572420955,369.11159949363696,372.49334716796875,30554400,0.0,0.0
2023-12-01 00:00:00-05:00,370.3796825127047,371.7559678971917,365.0219647650427,368.16778564453125,33040500,0.0,0.0
2023-12-04 00:00:00-05:00,362.84943241289693,363.26230306598103,356.75441514637487,362.8887634277344,32063300,0.0,0.0
2023-12-05 00:00:00-05:00,360.2442730291583,366.7619704390207,359.42831207085,366.2114562988281,23065000,0.0,0.0
2023-12-06 00:00:00-05:00,367.2142547508921,367.8434010010659,361.7975548433351,362.55450439453125,21182100,0.0,0.0
2023-12-07 00:00:00-05:00,361.99418225567007,365.15965403682253,360.11652374565716,364.6681213378906,23118900,0.0,0.0
2023-12-08 00:00:00-05:00,362.94776032697274,368.11866396815253,361.99418568198814,367.892578125,20154400,0.0,0.0
2023-12-11 00:00:00-05:00,362.2399548445349,365.30711413857625,359.90025435719485,365.0121765136719,27708800,0.0,0.0
2023-12-12 00:00:00-05:00,364.56981930802976,368.07937007976545,364.1864093914376,368.0400390625,24838300,0.0,0.0
2023-12-13 00:00:00-05:00,369.65223376326037,371.2448248811306,364.4911405130115,368.0301818847656,30955500,0.0,0.0
2023-12-14 00:00:00-05:00,366.9881825491579,367.43057402825946,357.9636483820258,359.733154296875,43277500,0.0,0.0
2023-12-15 00:00:00-05:00,360.6375447439286,366.09354566450713,360.0771902707865,364.45184326171875,78502300,0.0,0.0
2023-12-18 00:00:00-05:00,363.1935335888459,366.6834038503824,362.43655401042764,366.3393249511719,21802900,0.0,0.0
2023-12-19 00:00:00-05:00,365.19895042864266,366.9389953613281,363.5768985428581,366.9389953613281,20603700,0.0,0.0
2023-12-20 00:00:00-05:00,368.649551038678,369.66210727216645,364.2552471902659,364.3437194824219,26316700,0.0,0.0
2023-12-21 00:00:00-05:00,366.25081857048275,368.06949543921024,363.77350472816454,367.2142333984375,17708000,0.0,0.0
2023-12-22 00:00:00-05:00,367.3518499751321,368.8264479888416,366.39827539290235,368.2366027832031,17107500,0.0,0.0
2023-12-26 00:00:00-05:00,368.649515727109,370.5566649551992,367.1749176642006,368.3152770996094,12673100,0.0,0.0
2023-12-27 00:00:00-05:00,367.3617208659254,368.7085156973093,366.4966184922779,367.73529052734375,14905400,0.0,0.0
2023-12-28 00:00:00-05:00,369.0132159290277,370.08475350322914,367.82371531924764,368.92474365234375,14327000,0.0,0.0
2023-12-29 00:00:00-05:00,369.6325745030526,370.77293391810167,367.15526060187455,369.6719055175781,18730800,0.0,0.0
2024-01-02 00:00:00-05:00,367.528833625427,369.5342955375811,360.55890320609336,364.5894775390625,25258600,0.0,0.0
2024-01-03 00:00:00-05:00,362.76093490456435,366.9389624174864,362.2694022559853,364.3240051269531,23083500,0.0,0.0
2024-01-04 00:00:00-05:00,364.3928244536736,366.78166590955874,360.95209593669983,361.70904541015625,20901500,0.0,0.0
2024-01-05 00:00:00-05:00,362.72167998133955,365.7593487866836,360.29350698796526,361.5223388671875,21004600,0.0,0.0
2024-01-08 00:00:00-05:00,363.04605054064757,368.8461605661577,362.76098316710153,368.34478759765625,23134000,0.0,0.0
2024-01-09 00:00:00-05:00,365.71016152546855,369.62274253642516,364.9040407138779,369.4261474609375,20830000,0.0,0.0
2024-01-10 00:00:00-05:00,369.99626075854405,377.6641876554582,369.9471194966955,376.2878723144531,25514200,0.0,0.0
2024-01-11 00:00:00-05:00,379.4632498955057,384.063988833949,373.9384270676175,378.116455078125,27850800,0.0,0.0
2024-01-12 00:00:00-05:00,378.9619030381072,382.0978843256019,378.13613163335935,381.8914489746094,21661200,0.0,0.0
2024-01-16 00:00:00-05:00,386.9935560466254,387.3572854699558,381.0558322148753,383.66094970703125,27202300,0.0,0.0
2024-01-17 00:00:00-05:00,381.40975376136174,383.5036580222972,378.29342300551,382.87451171875,22234100,0.0,0.0
2024-01-18 00:00:00-05:00,385.0863666336801,387.317914215752,383.51345604684644,387.199951171875,23392100,0.0,0.0
2024-01-19 00:00:00-05:00,389.05794692680297,391.9186706542969,386.83620966747424,391.9186706542969,29331100,0.0,0.0
2024-01-22 00:00:00-05:00,393.2457965997971,393.83564181909105,386.9246935015416,389.7952575683594,27016900,0.0,0.0
2024-01-23 00:00:00-05:00,389.0481557100348,392.6166881291798,387.25896937303906,392.1448059082031,20525900,0.0,0.0
2024-01-24 00:00:00-05:00,394.7400515217606,398.7607850247389,393.6685139379053,395.7427673339844,24867000,0.0,0.0
2024-01-25 00:00:00-05:00,397.4729979213706,400.11744616888006,395.71330250742477,398.013671875,21021200,0.0,0.0
2024-01-26 00:00:00-05:00,397.52215078520555,399.291686504724,395.6150015101639,397.089599609375,17803300,0.0,0.0
2024-01-29 00:00:00-05:00,399.1835624719501,403.03719231588735,397.4828484080428,402.7815856933594,24510200,0.0,0.0
2024-01-30 00:00:00-05:00,405.27857879420264,406.0551789121295,399.5669708342569,401.67071533203125,33477600,0.0,0.0
2024-01-31 00:00:00-05:00,400.06832715130344,408.2867703249603,390.48343853417316,390.84716796875,47871100,0.0,0.0
2024-02-01 00:00:00-05:00,395.02514917701313,401.0906757831929,394.9956584155895,396.942138671875,30657700,0.0,0.0
2024-02-02 00:00:00-05:00,396.9716161967069,405.66191028214797,396.7258498594463,404.2561340332031,28256700,0.0,0.0
2024-02-05 00:00:00-05:00,402.95851515251775,404.19718719885634,397.14859484100157,398.7804870605469,25352300,0.0,0.0
2024-02-06 00:00:00-05:00,399.0065788415849,401.06118187336995,396.0868734804641,398.6231689453125,18382600,0.0,0.0
2024-02-07 00:00:00-05:00,400.54016025565755,407.28397435246177,400.5008292402968,407.0382080078125,22340500,0.0,0.0
2024-02-08 00:00:00-05:00,407.0382169623767,408.52265531696276,405.5439683543155,407.0971984863281,21225300,0.0,0.0
2024-02-09 00:00:00-05:00,408.2178966207668,413.693577955035,408.060602560808,413.4281311035156,22032800,0.0,0.0
2024-02-12 00:00:00-05:00,413.43795646301396,413.6149010238027,407.7263492449608,408.22772216796875,21202900,0.0,0.0
2024-02-13 00:00:00-05:00,398.0825128718903,403.12564326770877,396.55877347389134,399.43914794921875,27824900,0.0,0.0
2024-02-14 00:00:00-05:00,401.9013178119368,403.64455035620506,398.4542264131706,403.2998352050781,20401200,0.75,0.0
2024-02-15 00:00:00-05:00,401.9703171422234,402.94534207042653,398.17851011795324,400.4141845703125,21825500,0.0,0.0
2024-02-16 00:00:00-05:00,401.7929427744023,402.11797106264504,397.34128152047964,397.951904296875,22296500,0.0,0.0
2024-02-20 00:00:00-05:00,397.1443513475326,398.3754555316585,391.99343067715284,396.701171875,24307900,0.0,0.0
2024-02-21 00:00:00-05:00,394.12077725006736,396.20872511051635,391.2153593903598,396.1003723144531,18518900,0.0,0.0
2024-02-22 00:00:00-05:00,403.98929433440406,406.5893706886108,402.393788153555,405.4272155761719,27009900,0.0,0.0
2024-02-23 00:00:00-05:00,409.38646893086735,409.5735691126935,402.7877385663373,404.13702392578125,16295900,0.0,0.0
2024-02-26 00:00:00-05:00,405.24008986741234,405.92952022656453,401.2020621700657,401.3793640136719,16193500,0.0,0.0
2024-02-27 00:00:00-05:00,401.8225215015325,402.1475498168189,397.74512033420825,401.32025146484375,14835800,0.0,0.0
2024-02-28 00:00:00-05:00,402.00967855020446,403.1127430930959,399.1929265964819,401.556640625,13183100,0.0,0.0
2024-02-29 00:00:00-05:00,402.46269930682627,407.93864768524475,399.7838157071772,407.3871154785156,31947300,0.0,0.0
2024-03-01 00:00:00-05:00,405.05298754832427,409.5834572269849,404.6688986492537,409.21905517578125,17823400,0.0,0.0
2024-03-04 00:00:00-05:00,407.19018891902937,411.04108655942895,406.0871243373175,408.6478271484375,17596000,0.0,0.0
2024-03-05 00:00:00-05:00,407.7022908884421,407.9879154671031,394.58366790374333,396.5632629394531,26919200,0.0,0.0
2024-03-06 00:00:00-05:00,396.87848202355104,399.03537916711076,392.36772908168757,396.01177978515625,22344100,0.0,0.0
2024-03-07 00:00:00-05:00,399.98080286179095,403.5854793634372,396.159450830879,402.9551696777344,18718500,0.0,0.0
2024-03-08 00:00:00-05:00,401.793002594602,404.21583727335775,398.2178712291556,400.0793151855469,18002200,0.0,0.0
2024-03-11 00:00:00-04:00,397.65650787745375,399.5474670630361,395.19429952187465,398.4049987792969,16120800,0.0,0.0
2024-03-12 00:00:00-04:00,401.4581099515854,409.28794389731524,400.64067006988586,409.0023193359375,22457000,0.0,0.0
2024-03-13 00:00:00-04:00,411.77975394826365,411.8585313952043,405.23028537501085,408.8251037597656,17115900,0.0,0.0
2024-03-14 00:00:00-04:00,413.88738417925487,421.3528170705886,411.6713965625505,418.7921142578125,34157300,0.0,0.0
2024-03-15 00:00:00-04:00,412.95173236718284,416.2116937258995,406.54999083820695,410.1251220703125,45079900,0.0,0.0
2024-03-18 00:00:00-04:00,407.98787589557446,414.3699300128756,407.5249795776433,411.011474609375,20106000,0.0,0.0
2024-03-19 00:00:00-04:00,411.5138040831413,415.2957826626085,409.26827120822617,415.0397033691406,19837900,0.0,0.0
2024-03-20 00:00:00-04:00,415.6207267192323,419.5208559286198,414.3009867861631,418.8019104003906,17860100,0.0,0.0
2024-03-21 00:00:00-04:00,423.3324019440985,424.30745690999566,420.70278020104655,422.8793640136719,21296200,0.0,0.0
2024-03-22 00:00:00-04:00,423.2043902779049,423.36194516542855,419.62925888508494,422.2588806152344,17648500,0.0,0.0
2024-03-25 00:00:00-04:00,418.8117700116772,420.9489800236463,415.2366387798196,416.4677429199219,18060500,0.0,0.0
2024-03-26 00:00:00-04:00,419.17616089060704,419.55042134825453,414.98057853086766,415.2760314941406,16725600,0.0,0.0
2024-03-27 00:00:00-04:00,418.02386500319915,418.0337234540762,412.67595596490696,415.0593566894531,16705000,0.0,0.0
2024-03-28 00:00:00-04:00,414.59650033328086,415.4927478182186,412.784318516005,414.3601379394531,21871200,0.0,0.0
2024-04-01 00:00:00-04:00,417.5413241302687,421.42176708130677,415.83746504973493,418.1519470214844,16316000,0.0,0.0
2024-04-02 00:00:00-04:00,413.7593022671653,415.9950065592136,411.5236280313696,415.0692138671875,17912000,0.0,0.0
2024-04-03 00:00:00-04:00,413.3850905644336,416.8617275140834,412.75475080677563,414.0942077636719,16502300,0.0,0.0
2024-04-04 00:00:00-04:00,418.5655243045058,422.18991752028893,411.25770739473046,411.5630187988281,19370900,0.0,0.0
2024-04-05 00:00:00-04:00,413.6608680769513,420.0626098925823,411.99641280038685,419.0875549316406,16554800,0.0,0.0
2024-04-08 00:00:00-04:00,418.7428800514856,420.820969557038,416.9011228829619,418.171630859375,14272400,0.0,0.0
2024-04-09 00:00:00-04:00,419.9936445079337,421.27398079875763,415.24649970194963,419.8360595703125,12496900,0.0,0.0
2024-04-10 00:00:00-04:00,415.80792292497927,417.62010476496505,413.35557288951713,416.86175537109375,16216600,0.0,0.0
2024-04-11 00:00:00-04:00,419.38303118441615,422.87935502001585,415.97531318643956,421.46112060546875,17966400,0.0,0.0
2024-04-12 00:00:00-04:00,417.6397710155257,418.75269400595073,413.4244714952131,415.52227783203125,19253800,0.0,0.0
2024-04-15 00:00:00-04:00,420.1511937797841,420.36786929358846,407.1802683588039,407.3871154785156,20273500,0.0,0.0
2024-04-16 00:00:00-04:00,408.3030988508173,412.0751888679084,407.4758004410801,408.31292724609375,16765600,0.0,0.0
2024-04-17 00:00:00-04:00,410.94250998116144,412.5478743857738,404.1271050989649,405.6142883300781,15855500,0.0,0.0
2024-04-18 00:00:00-04:00,404.42265672373026,405.6636193685748,397.843643128254,398.1587829589844,21029900,0.0,0.0
2024-04-19 00:00:00-04:00,397.9224202787546,399.35051316442866,391.7570408652649,393.0866394042969,30565800,0.0,0.0
2024-04-22 00:00:00-04:00,394.0321015888098,396.7602475945419,389.76757007965125,394.8988037109375,20286900,0.0,0.0
2024-04-23 00:00:00-04:00,398.1292267170022,402.0293863346637,396.9670716039761,401.4089050292969,15734500,0.0,0.0
2024-04-24 00:00:00-04:00,403.36878440202247,406.2347982871372,400.6308101493401,402.8763427734375,15065300,0.0,0.0
2024-04-25 00:00:00-04:00,388.0735680343126,393.8449998393028,382.16426819567243,393.0078430175781,40586500,0.0,0.0
2024-04-26 00:00:00-04:00,405.9393688090581,406.7568087350332,399.6262631587446,400.17779541015625,29694700,0.0,0.0
2024-04-29 00:00:00-04:00,399.12396145400385,400.17779380940664,393.1555709987601,396.1693115234375,19582100,0.0,0.0
2024-04-30 00:00:00-04:00,395.4208268707794,396.0807119739039,383.2870862186978,383.44464111328125,28781400,0.0,0.0
2024-05-01 00:00:00-04:00,386.6750535015372,395.64735681788176,384.4098337259813,388.9698486328125,23562500,0.0,0.0
2024-05-02 00:00:00-04:00,391.6487169798458,393.88439136644655,388.6842084752251,391.82598876953125,17709400,0.0,0.0
2024-05-03 00:00:00-04:00,396.1988407447482,400.99521746175435,395.7851765465019,400.51263427734375,17446700,0.0,0.0
2024-05-06 00:00:00-04:00,402.5808944329267,407.67272409935384,400.2270089943109,407.28863525390625,16996600,0.0,0.0
2024-05-07 00:00:00-04:00,408.3917474588945,408.4016059107325,402.9059397986261,403.15216064453125,20018200,0.0,0.0
2024-05-08 00:00:00-04:00,401.99981584395204,405.9984394987751,400.5618646353196,404.333984375,11792300,0.0,0.0
2024-05-09 00:00:00-04:00,404.3635513602943,406.48104448418644,402.91577167959764,406.08709716796875,14689700,0.0,0.0
2024-05-10 00:00:00-04:00,406.6976812024574,409.1007986751684,405.5748998993257,408.470458984375,13402300,0.0,0.0
2024-05-13 00:00:00-04:00,411.6910695528216,412.02592626132173,404.6097563640546,407.4659118652344,15440200,0.0,0.0
2024-05-14 00:00:00-04:00,405.7916519071735,411.1789653639721,405.3287555020644,410.2630310058594,15109300,0.0,0.0
2024-05-15 00:00:00-04:00,412.3250840833171,418.1562465444383,411.7034836524185,417.43597412109375,22239500,0.75,0.0
2024-05-16 00:00:00-04:00,416.1730933998144,419.7448271840896,414.74245474989345,415.3739013671875,17530100,0.0,0.0
2024-05-17 00:00:00-04:00,416.903243294278,417.2781788386251,412.4533979292135,414.60430908203125,15352200,0.0,0.0
2024-05-20 00:00:00-04:00,414.6042935983872,421.07677928196154,414.3872272445279,419.6658630371094,16272100,0.0,0.0
2024-05-21 00:00:00-04:00,421.1359581260157,427.1940633042462,419.1823911367933,423.3164978027344,21453300,0.0,0.0
2024-05-22 00:00:00-04:00,424.35250743086516,426.6415653807663,421.43200286988593,424.7767639160156,18073700,0.0,0.0
2024-05-23 00:00:00-04:00,427.19410176133954,427.81570226312846,419.7448321943187,421.3037414550781,17211700,0.0,0.0
2024-05-24 00:00:00-04:00,421.49115879915024,425.3095270127513,418.74824604311783,424.4215393066406,11855300,0.0,0.0
2024-05-28 00:00:00-04:00,423.8986700778892,425.07279769134385,420.9090919797955,424.5794677734375,15718000,0.0,0.0
2024-05-29 00:00:00-04:00,420.0111765352336,425.19114003957617,420.0111765352336,423.44476318359375,15517100,0.0,0.0
2024-05-30 00:00:00-04:00,418.639722265152,418.639722265152,408.7139275324575,409.1382141113281,28394500,0.0,0.0
2024-05-31 00:00:00-04:00,411.19045552886206,411.19045552886206,399.1137496856911,409.5920715332031,47995300,0.0,0.0
2024-06-03 00:00:00-04:00,409.98670515974976,410.8746928703061,403.46489897631534,408.0035095214844,17484700,0.0,0.0
2024-06-04 00:00:00-04:00,406.9280752908703,410.88459054146256,404.21476096620233,410.51953125,14348900,0.0,0.0
2024-06-05 00:00:00-04:00,412.2363648709012,418.4227115210052,410.74649880657006,418.3536682128906,16988000,0.0,0.0
2024-06-06 00:00:00-04:00,418.35363549566944,419.63628120393724,414.96936946485204,418.8568115234375,14861300,0.0,0.0
2024-06-07 00:00:00-04:00,420.5143654866237,420.5932850120117,417.3570424827578,418.1957092285156,13621700,0.0,0.0
2024-06-10 00:00:00-04:00,419.0344450692757,422.3693300275411,418.2352530096641,422.1621398925781,13982900,0.0,0.0
2024-06-11 00:00:00-04:00,419.8040264249776,427.04610581067664,419.57708382911113,426.907958984375,14551100,0.0,0.0
2024-06-12 00:00:00-04:00,429.51273012432705,437.4849276655188,427.47033721280536,435.1761474609375,22366200,0.0,0.0
2024-06-13 00:00:00-04:00,434.9689970884557,437.47512151645753,433.5087296834647,435.6892395019531,15960600,0.0,0.0
2024-06-14 00:00:00-04:00,432.43323683903066,437.22841891267086,430.89405002785384,436.666015625,13582000,0.0,0.0
2024-06-17 00:00:00-04:00,436.68574902549324,444.92436422206765,434.84070005199675,442.3886413574219,20790000,0.0,0.0
2024-06-18 00:00:00-04:00,443.71078097637735,444.1350675846114,438.95510350912195,440.3857421875,17112500,0.0,0.0
2024-06-20 00:00:00-04:00,440.3462442358131,440.57318682315986,435.38334678666155,439.7542724609375,19877400,0.0,0.0
2024-06-21 00:00:00-04:00,441.41180797040636,444.5691008480433,440.5534188752036,443.77978515625,34187100,0.0,0.0
2024-06-24 00:00:00-04:00,443.7995580906483,446.71021649298933,440.45479708566984,441.697998046875,15913700,0.0,0.0
2024-06-25 00:00:00-04:00,442.27024120018433,445.3979659147229,440.7902515475345,444.9342346191406,16413400,0.0,0.0
2024-06-26 00:00:00-04:00,443.0102338094888,447.5488747436615,442.21104180989477,446.1280822753906,16507000,0.0,0.0
2024-06-27 00:00:00-04:00,446.14779313508967,450.0845859651154,445.74325902922413,446.8088684082031,14806300,0.0,0.0
2024-06-28 00:00:00-04:00,447.0259011535714,449.3050825683631,440.4547441786846,440.987548828125,28362300,0.0,0.0
2024-07-01 00:00:00-04:00,442.67479410049566,451.2685926172397,439.71481466960876,450.63714599609375,17662800,0.0,0.0
2024-07-02 00:00:00-04:00,447.15425853449676,453.4589993533835,447.06543265029325,453.15313720703125,13979800,0.0,0.0
2024-07-03 00:00:00-04:00,452.07763057164084,454.869864398923,451.7717684597979,454.6231994628906,9932800,0.0,0.0
2024-07-05 00:00:00-04:00,453.4786447544731,462.1020709028193,452.8471982115864,461.3226013183594,16000300,0.0,0.0
2024-07-08 00:00:00-04:00,460.3261258064599,461.4608086849496,458.26401040115894,460.020263671875,12962300,0.0,0.0
2024-07-09 00:00:00-04:00,460.77011087707854,461.09569535136285,451.89017298008986,453.4096374511719,17207200,0.0,0.0
2024-07-10 00:00:00-04:00,455.0672233776237,460.2373109717691,452.73869064735504,460.0301208496094,18196100,0.0,0.0
2024-07-11 00:00:00-04:00,456.8037891977259,458.5797648874454,445.5262442034591,448.6342468261719,23111200,0.0,0.0
2024-07-12 00:00:00-04:00,448.2691662493938,450.2720845844748,444.6382651481434,447.49957275390625,16324300,0.0,0.0
2024-07-15 00:00:00-04:00,447.2528536845848,451.1600479833261,445.40780476541227,447.904052734375,14429400,0.0,0.0
2024-07-16 00:00:00-04:00,448.1606286695201,448.23954820722287,440.7014827721708,443.5233154296875,17175700,0.0,0.0
2024-07-17 00:00:00-04:00,436.68574615539535,438.9156068819966,433.3212327097638,437.60333251953125,21778000,0.0,0.0
2024-07-18 00:00:00-04:00,438.41237105587203,438.7182331565263,428.60497114914784,434.4953308105469,20794800,0.0,0.0
2024-07-19 00:00:00-04:00,427.3223538949878,435.2551069043024,426.23702212212055,431.2788391113281,20940400,0.0,0.0
2024-07-22 00:00:00-04:00,435.89641421757136,438.6689256733767,433.05482935357276,437.03106689453125,15808800,0.0,0.0
2024-07-23 00:00:00-04:00,437.9782800404941,442.40840302613475,437.1889642431626,438.9156188964844,13107100,0.0,0.0
2024-07-24 00:00:00-04:00,434.5743451525585,435.5906035987281,421.88588376058476,423.17840576171875,26805800,0.0,0.0
2024-07-25 00:00:00-04:00,423.0797067418699,424.066366533815,411.94033937034624,412.8184509277344,29943800,0.0,0.0
2024-07-26 00:00:00-04:00,412.6211098546519,423.19810333197387,411.7034934246348,419.5967712402344,23583800,0.0,0.0
2024-07-29 00:00:00-04:00,425.8225986635412,426.38500194360023,419.0344049240428,421.0373229980469,15125800,0.0,0.0
2024-07-30 00:00:00-04:00,422.0141226280364,423.32636688783225,411.7923116419938,417.2781677246094,32687600,0.0,0.0
2024-07-31 00:00:00-04:00,414.8904164009859,416.1533396507724,406.7109988096176,412.76910400390625,42891400,0.0,0.0
2024-08-01 00:00:00-04:00,415.1765544542287,421.75755796351626,407.57926252131097,411.5456237792969,30296400,0.0,0.0
2024-08-02 00:00:00-04:00,406.98728858808795,409.46381430513844,398.9460172931046,403.0406494140625,29437900,0.0,0.0
2024-08-05 00:00:00-04:00,383.9783949357412,395.6900415573509,380.43625987349014,389.87860107421875,40709200,0.0,0.0
2024-08-06 00:00:00-04:00,394.66389500260414,400.25826896287094,393.18390539634436,394.2790832519531,24946500,0.0,0.0
2024-08-07 00:00:00-04:00,403.18865539095805,404.6094177317887,392.16765271577526,393.1148376464844,20650900,0.0,0.0
2024-08-08 00:00:00-04:00,397.0714197373412,400.4457797944305,394.60476994278486,397.3180847167969,20203000,0.0,0.0
2024-08-09 00:00:00-04:00,398.64013341356633,402.6064947272633,396.89375651412195,400.60357666015625,19276700,0.0,0.0
2024-08-12 00:00:00-04:00,401.6296910455733,403.3070245629386,398.84730349296393,401.3830261230469,16762900,0.0,0.0
2024-08-13 00:00:00-04:00,404.1259805010332,409.41449264240543,404.10625814496586,408.4870300292969,19414300,0.0,0.0
2024-08-14 00:00:00-04:00,409.26643361174075,412.1474931990996,406.94780739323824,411.2989501953125,18267000,0.0,0.0
2024-08-15 00:00:00-04:00,414.94631960204117,416.2411711538097,412.8310776655769,416.162109375,20752100,0.75,0.0
2024-08-16 00:00:00-04:00,415.7370612802868,416.46849580465874,412.4751975268654,413.6316833496094,22775600,0.0,0.0
2024-08-19 00:00:00-04:00,414.11601787893187,416.87376862371895,411.64492262923585,416.65631103515625,15234000,0.0,0.0
2024-08-20 00:00:00-04:00,416.82435482083605,420.9362307322599,416.76505094858624,419.88848876953125,16387600,0.0,0.0
2024-08-21 00:00:00-04:00,419.1768414959673,421.4700252660244,416.8441419181339,419.2361755371094,16067300,0.0,0.0
2024-08-22 00:00:00-04:00,419.45362155809136,421.8555493177983,409.8163490739685,410.7454833984375,19361900,0.0,0.0
2024-08-23 00:00:00-04:00,412.15893602611095,414.41257372157986,407.32545916499066,411.97113037109375,18493800,0.0,0.0
2024-08-26 00:00:00-04:00,411.55596557862424,412.4554478665689,406.58412315782203,408.7092590332031,13152800,0.0,0.0
2024-08-27 00:00:00-04:00,408.0865261332207,409.5691832347041,405.5067172557128,409.0552062988281,13492900,0.0,0.0
2024-08-28 00:00:00-04:00,410.08323636580656,410.2018441208808,402.6007521142328,405.85272216796875,14882700,0.0,0.0
2024-08-29 00:00:00-04:00,410.14253158113485,417.17031240351145,405.85271359636084,408.34356689453125,17045200,0.0,0.0
2024-08-30 00:00:00-04:00,410.7949049431994,412.663037378181,407.3650233246306,412.3171081542969,24308300,0.0,0.0
2024-09-03 00:00:00-04:00,413.0781880012741,415.02541234976394,402.32397617802485,404.70611572265625,20313600,0.0,0.0
2024-09-04 00:00:00-04:00,401.21691249953295,406.48527429622453,399.6947093805116,404.1723327636719,15135800,0.0,0.0
2024-09-05 00:00:00-04:00,402.9071267784607,408.3237783354607,401.4343636867301,403.6682434082031,14195500,0.0,0.0
2024-09-06 00:00:00-04:00,404.3305241544344,405.9021372589665,396.16601504088436,397.0556335449219,19609500,0.0,0.0
2024-09-09 00:00:00-04:00,402.5315288470681,403.9252302108811,397.5003824546475,401.02911376953125,15295100,0.0,0.0
2024-09-10 00:00:00-04:00,403.48047327180706,411.5164502597468,402.9862541865475,409.4111022949219,19594300,0.0,0.0
2024-09-11 00:00:00-04:00,410.6960629554886,419.08789343392027,404.84449566929334,418.1488952636719,19266900,0.0,0.0
2024-09-12 00:00:00-04:00,418.415740735589,422.42879711427406,414.89690341994134,422.0630798339844,17395700,0.0,0.0
2024-09-13 00:00:00-04:00,420.9065669174341,426.8371952929349,420.54084966063596,425.6115417480469,15874600,0.0,0.0
2024-09-16 00:00:00-04:00,425.62144023461013,428.51755654874484,423.26895279469,426.3528747558594,13834700,0.0,0.0
2024-09-17 00:00:00-04:00,435.1401487897844,436.741413807479,427.2721591954558,430.1188659667969,18874200,0.0,0.0
2024-09-18 00:00:00-04:00,429.9705680090547,430.9886580324637,425.43364080776206,425.8290100097656,18898000,0.0,0.0
2024-09-19 00:00:00-04:00,436.12853049068684,436.3953979041661,431.84857685341797,433.6178894042969,21706600,0.0,0.0
2024-09-20 00:00:00-04:00,432.1649237095232,434.1615578880838,429.1996092968504,430.2374572753906,55167100,0.0,0.0
2024-09-23 00:00:00-04:00,429.25888919848313,431.41367697848,425.4138807437856,428.497802734375,15128900,0.0,0.0
2024-09-24 00:00:00-04:00,427.9937433882553,428.33970279345715,421.17352579677157,424.2080383300781,17015800,0.0,0.0
2024-09-25 00:00:00-04:00,424.8603454388432,428.1123153119531,423.61493391499886,427.1139831542969,13396400,0.0,0.0
2024-09-26 00:00:00-04:00,430.0595370663028,430.2671006249204,424.1684543301705,426.3232421875,14492000,0.0,0.0
2024-09-27 00:00:00-04:00,426.5308226116947,426.85702409572957,422.52766014209345,423.0712890625,14896100,0.0,0.0
2024-09-30 00:00:00-04:00,423.2590885562286,425.4435585697777,420.4519278512811,425.3249206542969,16807300,0.0,0.0
2024-10-01 00:00:00-04:00,423.49633953955015,423.52599147760804,413.9677812470877,415.8260498046875,19092900,0.0,0.0
2024-10-02 00:00:00-04:00,417.6941594936009,417.93140514988795,411.89203266645677,412.30718994140625,16582300,0.0,0.0
2024-10-03 00:00:00-04:00,412.80139289185587,414.6991770797124,409.5000133826852,411.7239990234375,13686400,0.0,0.0
2024-10-04 00:00:00-04:00,413.40436067339476,414.8969119270876,410.172178794162,411.24957275390625,19169700,0.0,0.0
2024-10-07 00:00:00-04:00,411.1902950616205,412.287446994849,404.27122759664127,404.80499267578125,20919800,0.0,0.0
2024-10-08 00:00:00-04:00,406.14924457508937,410.8542199929417,403.4508276328713,409.9151916503906,19229300,0.0,0.0
2024-10-09 00:00:00-04:00,411.0518548194861,415.51961434814075,409.5098937927917,412.63336181640625,14974300,0.0,0.0
2024-10-10 00:00:00-04:00,410.42917171763446,412.5246557071608,408.37320353432506,411.0321044921875,13848400,0.0,0.0
2024-10-11 00:00:00-04:00,411.32871066776545,412.3072548892894,408.4721096265101,411.5066223144531,14144900,0.0,0.0
2024-10-14 00:00:00-04:00,412.9398206598447,419.1373475498946,412.6927111070291,414.29400634765625,16653100,0.0,0.0
2024-10-15 00:00:00-04:00,417.29881980944174,417.5953693595967,410.4588445581101,413.8985900878906,18900200,0.0,0.0
2024-10-16 00:00:00-04:00,410.369900734698,411.5461144410461,405.7341231638779,411.30889892578125,15508900,0.0,0.0
2024-10-17 00:00:00-04:00,417.4767225011017,417.61511832115826,410.78500708577025,411.9019470214844,14820000,0.0,0.0
2024-10-18 00:00:00-04:00,412.3171212877513,414.79808063402476,411.44729085370335,413.3253173828125,17145300,0.0,0.0
2024-10-21 00:00:00-04:00,411.30886136013186,414.1160219717621,408.9662678666254,413.9381103515625,14206100,0.0,0.0
2024-10-22 00:00:00-04:00,413.65143848774744,425.60165114081286,413.20665945484586,422.5671691894531,25482200,0.0,0.0
2024-10-23 00:00:00-04:00,425.8784594235447,426.0959170295647,417.64478266305224,419.69085693359375,19654400,0.0,0.0
2024-10-24 00:00:00-04:00,420.4123746810587,421.0548835944768,417.5162582126422,419.8193359375,13581600,0.0,0.0
2024-10-25 00:00:00-04:00,421.8258547879259,427.5192377532194,421.63804913504384,423.19976806640625,16899100,0.0,0.0
2024-10-28 00:00:00-04:00,426.669225694439,426.94598717649535,421.3711813975522,421.6578369140625,14882400,0.0,0.0
2024-10-29 00:00:00-04:00,423.05152881793293,428.16176733338216,420.87695281886124,426.95587158203125,17644100,0.0,0.0
2024-10-30 00:00:00-04:00,432.38237913794643,433.43012114532394,427.10412312962825,427.5291442871094,29749100,0.0,0.0
2024-10-31 00:00:00-04:00,410.55766284750285,411.3484314804884,401.60241546152275,401.65185546875,53971000,0.0,0.0
2024-11-01 00:00:00-04:00,404.2811047814158,410.69605883957496,402.78855349489004,405.6253662109375,24230400,0.0,0.0
2024-11-04 00:00:00-05:00,405.06189960347484,405.67475653100576,400.88082597000493,403.7373962402344,19672300,0.0,0.0
2024-11-05 00:00:00-05:00,403.6484884800003,410.102988488707,403.3618329661191,406.7027587890625,17626000,0.0,0.0
2024-11-06 00:00:00-05:00,407.65170044035887,415.58885807174516,405.7736437068039,415.32196044921875,26681800,0.0,0.0
2024-11-07 00:00:00-05:00,416.40921822256973,421.91482589939426,415.0254108601489,420.51123046875,19901800,0.0,0.0
2024-11-08 00:00:00-05:00,420.4024892096892,421.568838898406,416.90340997880253,417.6546325683594,16891400,0.0,0.0
2024-11-11 00:00:00-05:00,417.6348679260246,419.89839969038087,411.1902621762221,413.1770324707031,24503300,0.0,0.0
2024-11-12 00:00:00-05:00,413.41424403977334,419.5326784209289,412.37639607879026,418.13897705078125,19401200,0.0,0.0
2024-11-13 00:00:00-05:00,416.7650676989441,424.366129168666,413.3747019871383,420.2839050292969,21502200,0.0,0.0
2024-11-14 00:00:00-05:00,420.086213638624,423.21957584577814,415.14402288993426,421.9543762207031,30246900,0.0,0.0
2024-11-15 00:00:00-05:00,414.9661533841751,417.9116800639509,408.8576122382768,410.2018737792969,28247600,0.0,0.0
2024-11-18 00:00:00-05:00,410.07330906060787,413.5624943414024,407.33534638732004,410.9530334472656,24727000,0.0,0.0
2024-11-19 00:00:00-05:00,408.3336509537854,413.10782389174204,406.79168992363145,412.9595642089844,18133500,0.0,0.0
2024-11-20 00:00:00-05:00,412.05020669970736,412.46536399512735,405.8329222910528,410.6861572265625,19191700,0.0,0.0
2024-11-21 00:00:00-05:00,415.4797975064388,415.7571129679985,406.35806834126146,408.913330078125,20780200,0.83,0.0
2024-11-22 00:00:00-05:00,407.4276728377604,413.39988374041405,407.1206461090675,413.00372314453125,24814600,0.0,0.0
2024-11-25 00:00:00-05:00,414.37053686089325,417.0446437711569,410.87436717729366,414.776611328125,27691100,0.0,0.0
2024-11-26 00:00:00-05:00,415.56890369905886,424.92835279721186,414.8360050762814,423.8883972167969,23458900,0.0,0.0
2024-11-27 00:00:00-05:00,421.03601885024915,423.13572759358533,417.97563494679554,418.93634033203125,18332400,0.0,0.0
2024-11-29 00:00:00-05:00,416.06412568619913,420.808229889217,413.7960631011275,419.4018249511719,16271900,0.0,0.0
2024-12-02 00:00:00-05:00,417.52996787602956,428.8504232970242,417.27244986667705,426.84979248046875,20207200,0.0,0.0
2024-12-03 00:00:00-05:00,425.7207055754366,428.3255063010946,423.64082448545395,427.06768798828125,18302000,0.0,0.0
2024-12-04 00:00:00-05:00,428.8800841135143,435.4564646159383,428.48392353237045,433.22802734375,26009400,0.0,0.0
2024-12-05 00:00:00-05:00,433.72329450893346,440.39869339406243,431.99006528414975,438.37823486328125,21697800,0.0,0.0
2024-12-06 00:00:00-05:00,438.0612738202398,441.82487523918803,437.5363542028089,439.3191223144531,18821000,0.0,0.0
2024-12-09 00:00:00-05:00,438.3583975889403,444.03346541962105,436.2785166631167,441.74560546875,19144400,0.0,0.0
2024-12-10 00:00:00-05:00,440.13125981361975,445.31111943385133,437.3679889585384,439.0813903808594,18469500,0.0,0.0
2024-12-11 00:00:00-05:00,439.7945337941877,446.0341772846715,439.7945337941877,444.68719482421875,19200200,0.0,0.0
2024-12-12 00:00:00-05:00,444.8060093995974,451.7884649521135,444.8060093995974,445.251708984375,20834800,0.0,0.0
2024-12-13 00:00:00-05:00,444.142443353527,447.10377945438483,441.30983602760955,442.983642578125,20177800,0.0,0.0
2024-12-16 00:00:00-05:00,442.9836607244317,447.8466102847365,441.0127411892908,447.26226806640625,23598800,0.0,0.0
2024-12-17 00:00:00-05:00,446.6878170659997,450.92679906279125,445.26161469090005,450.104736328125,22733500,0.0,0.0
2024-12-18 00:00:00-05:00,446.9948298056794,448.3120705924071,432.83185420697276,433.1983337402344,24444500,0.0,0.0
2024-12-19 00:00:00-05:00,437.38777493352876,438.93282241461935,432.13857903304347,432.8417663574219,22963700,0.0,0.0
2024-12-20 00:00:00-05:00,428.95931906801104,439.48745236080407,424.5222720446017,432.4158935546875,64263700,0.0,0.0
2024-12-23 00:00:00-05:00,432.5545685943141,433.4558513948008,428.6820357713906,431.078857421875,19152500,0.0,0.0
2024-12-24 00:00:00-05:00,430.484577930417,435.3871522905164,430.02899474815183,435.1197204589844,7164500,0.0,0.0
2024-12-26 00:00:00-05:00,434.8721127935591,436.7143034093448,432.44561022869516,433.9114074707031,8194200,0.0,0.0
2024-12-27 00:00:00-05:00,430.43505550450976,431.0491089535002,422.2641186475361,426.404052734375,18117700,0.0,0.0
2024-12-30 00:00:00-05:00,421.9769208859116,423.45263204127576,417.8567839421245,420.7586975097656,13158700,0.0,0.0
2024-12-31 00:00:00-05:00,422.016524265212,422.64049156656444,416.6286554798762,417.4606018066406,13246500,0.0,0.0
2025-01-02 00:00:00-05:00,421.4519805555425,421.98681399014663,410.87433837182135,414.5685729980469,16896500,0.0,0.0
2025-01-03 00:00:00-05:00,417.0446121521978,419.96635323692743,415.51939233739597,419.2928771972656,16662900,0.0,0.0
2025-01-06 00:00:00-05:00,423.8983428352595,430.15778356293015,421.4025036603563,423.7497863769531,20573600,0.0,0.0
2025-01-07 00:00:00-05:00,424.8887326935554,426.52291408196885,416.76730426764124,418.322265625,18139100,0.0,0.0
2025-01-08 00:00:00-05:00,419.40180766065134,422.87817962096636,417.50022470253026,420.49127197265625,15054600,0.0,0.0
2025-01-10 00:00:00-05:00,420.56061778951556,420.63983782074297,411.042698272716,414.93505859375,20201100,0.0,0.0
2025-01-13 00:00:00-05:00,411.2606004893305,414.48936844362913,408.3388895039501,413.1919250488281,17604800,0.0,0.0
2025-01-14 00:00:00-05:00,413.80596878606093,415.7174656234234,406.783918522941,411.6864929199219,16935900,0.0,0.0
2025-01-15 00:00:00-05:00,415.1133035563719,424.04685017409594,414.2615295855494,422.2244873046875,19637800,0.0,0.0
2025-01-16 00:00:00-05:00,424.59158895645874,425.3739962723433,420.32289602505284,420.51104736328125,15300000,0.0,0.0
2025-01-17 00:00:00-05:00,429.9299628963343,430.31623990051855,424.06671321451194,424.91845703125,26197500,0.0,0.0
2025-01-21 00:00:00-05:00,426.0772445238866,426.7705180269004,421.52132200002626,424.3935241699219,26085700,0.0,0.0
2025-01-22 00:00:00-05:00,433.366705345479,442.98364251820686,431.82165779523024,441.9239196777344,27803800,0.0,0.0
2025-01-23 00:00:00-05:00,437.7641319289048,442.46861072225846,437.26892363486763,442.4289855957031,18389300,0.0,0.0
2025-01-24 00:00:00-05:00,440.89387719602587,442.3695883246394,437.169900939795,439.8044128417969,15549500,0.0,0.0
2025-01-27 00:00:00-05:00,419.9465634582157,431.0293279263355,419.4414413066827,430.39544677734375,35647800,0.0,0.0
2025-01-28 00:00:00-05:00,430.43508134605355,444.08302154903276,427.24593852989443,442.9143371582031,23491700,0.0,0.0
2025-01-29 00:00:00-05:00,442.4091742886292,442.5973558524787,436.17944568172504,438.0909423828125,23581400,0.0,0.0
2025-01-30 00:00:00-05:00,414.75677425796516,418.8075747745586,409.20055129765046,411.01300048828125,54586300,0.0,0.0
2025-01-31 00:00:00-05:00,414.9648138373058,416.65841798837124,410.9338104783747,411.0823669433594,34161900,0.0,0.0
2025-02-03 00:00:00-05:00,407.6555317858933,411.4290171061556,404.7437041840203,406.9820556640625,25679100,0.0,0.0
2025-02-04 00:00:00-05:00,408.7350313881363,409.9532546940812,405.81329031153365,408.4180908203125,20532100,0.0,0.0
2025-02-05 00:00:00-05:00,408.39829064688985,409.8640878693508,406.46696618877354,409.32928466796875,16316700,0.0,0.0
2025-02-06 00:00:00-05:00,410.03245657619226,414.1922182257068,410.03245657619226,411.83502197265625,16309800,0.0,0.0
2025-02-07 00:00:00-05:00,412.48872643025265,414.63791357819275,404.1890302854019,405.8232116699219,22886800,0.0,0.0
2025-02-10 00:00:00-05:00,409.7452423090315,411.4784713555885,406.982001762604,408.26953125,20817900,0.0,0.0
2025-02-11 00:00:00-05:00,405.71427148321067,408.53693461973535,405.37750324031913,407.49700927734375,18140600,0.0,0.0
2025-02-12 00:00:00-05:00,403.3075158999609,406.8135989590122,400.49473651773883,405.1199951171875,19121700,0.0,0.0
2025-02-13 00:00:00-05:00,403.0995382668374,407.0612044905901,402.465657162982,406.6056213378906,23891700,0.0,0.0
2025-02-14 00:00:00-05:00,403.88198772560423,404.99124946496545,401.99028842093395,404.5158386230469,22758500,0.0,0.0
2025-02-18 00:00:00-05:00,404.08996621044764,406.6650553734785,402.6043413346739,405.7142639160156,21423100,0.0,0.0
2025-02-19 00:00:00-05:00,403.97114994678657,411.5082061808428,403.7433432351679,410.79510498046875,24114200,0.0,0.0
2025-02-20 00:00:00-05:00,412.134891295379,416.1243389128722,409.40578409861945,412.968505859375,23508700,0.83,0.0
2025-02-21 00:00:00-05:00,414.16928284227896,414.8738801834256,404.79109677447474,405.108642578125,27524800,0.0,0.0
2025-02-24 00:00:00-05:00,405.40634791593595,406.2597995139474,396.286166676689,400.93060302734375,26443700,0.0,0.0
2025-02-25 00:00:00-05:00,398.05265327493277,398.8664306026397,393.6860882830661,394.876953125,29387400,0.0,0.0
2025-02-26 00:00:00-05:00,394.9861207223364,400.53364695077397,391.25467770642615,396.69305419921875,19619000,0.0,0.0
2025-02-27 00:00:00-05:00,398.22137954122604,402.6574203650982,389.19054012926085,389.54779052734375,21127400,0.0,0.0
2025-02-28 00:00:00-05:00,389.67678725566606,394.6090291195634,383.6330593862238,393.973876953125,32845700,0.0,0.0
2025-03-03 00:00:00-05:00,395.7899873220531,395.7899873220531,383.2261675615013,385.5384521484375,23007700,0.0,0.0
2025-03-04 00:00:00-05:00,380.487153157592,389.5974018138781,378.10539295987144,385.6575622558594,29342900,0.0,0.0
2025-03-05 00:00:00-05:00,386.3820118850688,398.61835249883035,385.85603973587394,397.9732666015625,23433100,0.0,0.0
2025-03-06 00:00:00-05:00,391.28447789138556,399.09468114787944,389.6966277473878,393.8746643066406,23304600,0.0,0.0
2025-03-07 00:00:00-05:00,389.3394000020522,391.80053909690844,382.61091150423107,390.3218688964844,22034100,0.0,0.0
2025-03-10 00:00:00-04:00,382.90859827837613,383.4643412864511,374.3540930979484,377.2717590332031,32840100,0.0,0.0
2025-03-11 00:00:00-04:00,376.1205440687611,383.0673615053873,374.04642649696916,377.5595397949219,30380200,0.0,0.0
2025-03-12 00:00:00-04:00,380.0405779726452,382.2933209136247,376.0709676751301,380.3581237792969,24253600,0.0,0.0
2025-03-13 00:00:00-04:00,380.2489960755926,382.39258939479765,374.58238552740926,375.892333984375,20473000,0.0,0.0
2025-03-14 00:00:00-04:00,376.8946174814204,387.2652356448431,376.62667971124,385.60791015625,19952800,0.0,0.0
2025-03-17 00:00:00-04:00,383.7620820869245,389.7264008785539,382.6406623483486,385.74688720703125,22474300,0.0,0.0
2025-03-18 00:00:00-04:00,384.1292790671939,384.4269877309022,378.2046343736099,380.6062316894531,19486900,0.0,0.0
2025-03-19 00:00:00-04:00,382.60095534567967,386.719419886704,381.0825806498319,384.8735656738281,19185500,0.0,0.0
2025-03-20 00:00:00-04:00,382.80932167745146,388.81337483302246,380.36802006472885,383.9009704589844,18470500,0.0,0.0
2025-03-21 00:00:00-04:00,380.3085198055768,388.76377892625936,379.8916973941909,388.2874450683594,39675900,0.0,0.0
2025-03-24 00:00:00-04:00,392.3959786933822,392.3959786933822,386.84845184017416,390.0935974121094,21004500,0.0,0.0
2025-03-25 00:00:00-04:00,390.9272368910712,393.34867131877104,389.65696280253144,392.1578063964844,15775000,0.0,0.0
2025-03-26 00:00:00-04:00,391.99901639757354,392.30665877239477,385.61787512073846,387.0072326660156,16108400,0.0,0.0
2025-03-27 00:00:00-04:00,387.1660163642304,389.259971232933,384.4567464670721,387.6125793457031,13766800,0.0,0.0
2025-03-28 00:00:00-04:00,385.1315521729189,386.1735929782764,374.06627026028934,375.92205810546875,21632000,0.0,0.0
2025-03-31 00:00:00-04:00,369.7096411618319,374.20522334023684,364.449889664545,372.5379943847656,35184700,0.0,0.0
2025-04-01 00:00:00-04:00,371.80362246362756,379.9413357760227,370.3944277527412,379.2863464355469,19689500,0.0,0.0
2025-04-02 00:00:00-04:00,375.0984230803946,382.1543912389325,373.75867347343586,379.23675537109375,16092600,0.0,0.0
2025-04-03 00:00:00-04:00,371.9425583652147,374.61212363444304,366.54388609690864,370.2752990722656,30198000,0.0,0.0
2025-04-04 00:00:00-04:00,361.36358655898334,371.74410993496775,356.7489202327306,357.1061706542969,49209900,0.0,0.0
2025-04-07 00:00:00-04:00,348.2142236601539,368.1813588125757,342.17049555544185,355.14117431640625,50425000,0.0,0.0
2025-04-08 00:00:00-04:00,365.46216834014683,370.8112022714622,347.5889889390993,351.8662414550781,35868900,0.0,0.0
2025-04-09 00:00:00-04:00,350.85399906862426,390.24245792204835,350.41733953240174,387.52325439453125,50199700,0.0,0.0
2025-04-10 00:00:00-04:00,379.1572950457799,380.983312003396,365.00562576710445,378.45269775390625,38024400,0.0,0.0
2025-04-11 00:00:00-04:00,377.74814777589194,387.08662977771354,376.01144319106686,385.4988098144531,23839200,0.0,0.0
2025-04-14 00:00:00-04:00,390.23251818413166,391.6516465120973,381.2909618319917,384.8636169433594,19251200,0.0,0.0
2025-04-15 00:00:00-04:00,385.5583162962043,388.9126416904877,381.24135923720473,382.7994384765625,17199900,0.0,0.0
2025-04-16 00:00:00-04:00,377.7779079921512,378.71073856569086,365.2041538267982,368.7867126464844,21967800,0.0,0.0
2025-04-17 00:00:00-04:00,370.9104537724408,371.4761304955969,364.10258680355696,364.9858093261719,21120200,0.0,0.0
2025-04-21 00:00:00-04:00,360.0635031391147,361.71089501866106,352.9678309109542,356.3916015625,20807300,0.0,0.0
2025-04-22 00:00:00-04:00,360.61927460023594,364.9759064223077,357.1259979397675,364.03314208984375,19485000,0.0,0.0
2025-04-23 00:00:00-04:00,373.20288850682186,377.50000836988784,370.1859763720142,371.54559326171875,20545500,0.0,0.0
2025-04-24 00:00:00-04:00,372.84566753938213,385.49880064204365,372.33953252384407,384.3575134277344,22232300,0.0,0.0
2025-04-25 00:00:00-04:00,384.05979677325973,389.1805976978566,381.67803664886475,388.8729553222656,18973200,0.0,0.0
2025-04-28 00:00:00-04:00,388.9821118643913,389.7561846754867,383.7025530868883,388.1882019042969,16579400,0.0,0.0
2025-04-29 00:00:00-04:00,388.3270916828822,392.0982394081848,387.41409832984397,391.0462951660156,14974000,0.0,0.0
2025-04-30 00:00:00-04:00,387.33468087236696,393.6463764759126,381.51921680100196,392.25701904296875,36461100,0.0,0.0
2025-05-01 00:00:00-04:00,427.8346397458207,433.669971462135,421.67182852064957,422.16802978515625,58938100,0.0,0.0
2025-05-02 00:00:00-04:00,428.4598480759583,436.10135948336034,426.72314369115975,431.97296142578125,30757400,0.0,0.0
2025-05-05 00:00:00-04:00,429.581254830481,436.1608880903925,428.8270192574835,432.856201171875,20136100,0.0,0.0
2025-05-06 00:00:00-04:00,428.91639204817295,434.4043769104007,427.8942186382879,430.0179443359375,15104200,0.0,0.0
2025-05-07 00:00:00-04:00,430.54391525930873,434.79139692835327,427.83464541633373,430.0576477050781,23295300,0.0,0.0
2025-05-08 00:00:00-04:00,434.602806230982,440.2992170006134,432.35006352791333,434.84100341796875,23491300,0.0,0.0
2025-05-09 00:00:00-04:00,436.6570993033328,437.3914674607305,432.5684058555715,435.3967590332031,15324200,0.0,0.0
2025-05-12 00:00:00-04:00,442.5519572732001,445.95589045656413,436.4387544599253,445.84674072265625,22821900,0.0,0.0
2025-05-13 00:00:00-04:00,444.37803887168343,447.24609694771215,441.9764112331301,445.72772216796875,23618800,0.0,0.0
2025-05-14 00:00:00-04:00,444.73528972695,450.45150777480933,444.73528972695,449.4988098144531,19902800,0.0,0.0
2025-05-15 00:00:00-04:00,448.1665235651595,453.5552331837817,447.8284909088357,450.5129089355469,21992300,0.83,0.0
2025-05-16 00:00:00-04:00,449.43915228561843,451.73580834700897,446.1383501578063,451.6463317871094,23849800,0.0,0.0
2025-05-19 00:00:00-04:00,448.27591363294266,456.9355998797858,448.1963586877965,456.2197570800781,21336500,0.0,0.0
2025-05-20 00:00:00-04:00,452.9587181303489,455.69283539558984,451.69606398891386,455.5238342285156,15441800,0.0,0.0
2025-05-21 00:00:00-04:00,451.94462570262056,455.1360777634671,449.20055644956204,449.9561767578125,19216900,0.0,0.0
2025-05-22 00:00:00-04:00,452.32244757902833,457.5918252828005,451.27849365115543,452.2329406738281,18025600,0.0,0.0
2025-05-23 00:00:00-04:00,447.3811293692874,451.06969358680703,446.3173019248347,447.5799560546875,16883500,0.0,0.0
2025-05-27 00:00:00-04:00,453.8435898996704,458.2877744248074,453.48565331857327,458.0292663574219,20974300,0.0,0.0
2025-05-28 00:00:00-04:00,458.55619745791415,459.84867709346275,454.2909661144885,454.7184753417969,17086300,0.0,0.0
2025-05-29 00:00:00-04:00,458.884303233251,459.05333474747385,452.68035209769624,456.0308837890625,13974800,0.0,0.0
2025-05-30 00:00:00-04:00,457.0648535034259,459.0135248792732,452.90900269221845,457.7011413574219,34770500,0.0,0.0
2025-06-02 00:00:00-04:00,454.4997588416313,459.44102500437896,454.25120274050374,459.3018493652344,16626500,0.0,0.0
2025-06-03 00:00:00-04:00,458.8047449110186,461.4593374660713,458.19825223653834,460.29608154296875,15743800,0.0,0.0
2025-06-04 00:00:00-04:00,461.3201414833542,463.00038321907994,460.3457906064832,461.1908874511719,14162700,0.0,0.0
2025-06-05 00:00:00-04:00,462.2745901279283,466.93750520910584,461.3499686746429,464.9788818359375,20131700,0.0,0.0
2025-06-06 00:00:00-04:00,467.37496597576217,470.6061954238558,466.0725343793748,467.6632995605469,15285600,0.0,0.0
2025-06-09 00:00:00-04:00,466.98725027602023,470.69568816704816,465.9134708467471,470.0196228027344,16469900,0.0,0.0
2025-06-10 00:00:00-04:00,468.4686249933991,470.06931180763127,464.26304461137784,468.2001953125,15375900,0.0,0.0
2025-06-11 00:00:00-04:00,467.3053910772251,472.72392676786,466.94748481913814,469.890380859375,16399200,0.0,0.0
2025-06-12 00:00:00-04:00,472.2764779222473,477.6453141185156,470.7851412769109,476.104248046875,18950600,0.0,0.0
2025-06-13 00:00:00-04:00,473.6584649544854,476.4124557062983,470.0295518485209,472.2168273925781,16814500,0.0,0.0
2025-06-16 00:00:00-04:00,472.4653860858625,477.91374692205306,472.25660744971805,476.3727111816406,15626100,0.0,0.0
2025-06-17 00:00:00-04:00,472.65428568792316,475.97499162724574,471.3419021646973,475.279052734375,15414100,0.0,0.0
2025-06-18 00:00:00-04:00,475.2392860574369,478.2219594008936,471.71972301658775,477.4663391113281,17526500,0.0,0.0
2025-06-20 00:00:00-04:00,479.4448516392065,480.6677282539423,474.11579298541653,474.6427307128906,37576200,0.0,0.0
2025-06-23 00:00:00-04:00,475.44806772339973,484.932977511559,469.7810065395394,483.1930847167969,24864000,0.0,0.0
2025-06-24 00:00:00-04:00,486.1260232932434,489.0092679302753,483.9884166007436,487.279296875,22305600,0.0,0.0
2025-06-25 00:00:00-04:00,489.1981971647186,491.70363180611855,486.5635084927723,489.4268493652344,17495100,0.0,0.0
2025-06-26 00:00:00-04:00,490.13278082199906,495.1635541172166,489.9637493151316,494.57696533203125,21578900,0.0,0.0
2025-06-27 00:00:00-04:00,494.6763398018984,496.41623250794254,490.18245642116284,493.0756530761719,34539200,0.0,0.0
2025-06-30 00:00:00-04:00,494.1693427257206,497.86785899517616,492.4691970236715,494.5372009277344,28369000,0.0,0.0
2025-07-01 00:00:00-04:00,493.602615314542,495.17347659984546,488.14433277768,489.2081298828125,19945400,0.0,0.0
2025-07-02 00:00:00-04:00,487.1600396387865,490.6497772469701,485.87751191483574,488.2536926269531,16319600,0.0,0.0
2025-07-03 00:00:00-04:00,490.95797554637323,497.2414813819725,490.59011735274714,495.95892333984375,13984800,0.0,0.0
2025-07-07 00:00:00-04:00,494.50736527479916,495.8694479262707,492.36978876052433,494.84539794921875,13981600,0.0,0.0
2025-07-08 00:00:00-04:00,494.36815380384166,495.3226311177228,491.25622643335066,493.7517395019531,11846600,0.0,0.0
2025-07-09 00:00:00-04:00,497.41047691930333,503.8530622357068,496.85371365827956,500.6019592285156,18659500,0.0,0.0
2025-07-10 00:00:00-04:00,500.14458849842043,501.52657502305914,494.87521114411277,498.58367919921875,16492100,0.0,0.0
2025-07-11 00:00:00-04:00,495.59106078877636,502.1131707269345,494.9249170598048,500.4130554199219,16459500,0.0,0.0
2025-07-14 00:00:00-04:00,498.6234399223271,501.05930198422453,498.1362796464767,500.1147766113281,12058800,0.0,0.0
2025-07-15 00:00:00-04:00,500.11477392946824,505.36427783294863,499.88612172349406,502.89862060546875,14927200,0.0,0.0
2025-07-16 00:00:00-04:00,502.2623068754336,503.793421043838,498.99133023831314,502.69976806640625,15154400,0.0,0.0
2025-07-17 00:00:00-04:00,502.75940886082554,510.40499725185873,502.6997578215743,508.7446594238281,17503100,0.0,0.0
2025-07-18 00:00:00-04:00,511.50859420333654,511.6677041033988,504.499323712682,507.10418701171875,21209700,0.0,0.0
2025-07-21 00:00:00-04:00,503.7834776665751,509.1324405638626,502.6301736290422,507.1141357421875,14066800,0.0,0.0
2025-07-22 00:00:00-04:00,508.01886761548803,508.2475501614973,502.3517761230469,502.3517761230469,13868600,0.0,0.0
2025-07-23 00:00:00-04:00,503.8232255681408,503.8630030405687,497.80817995491657,502.94830322265625,16396600,0.0,0.0
2025-07-24 00:00:00-04:00,505.83158338819493,510.703277326071,504.37007217269974,507.9294128417969,16107000,0.0,0.0
2025-07-25 00:00:00-04:00,509.5101527540243,515.2965460849812,507.4123538189797,510.7430419921875,19125700,0.0,0.0
2025-07-28 00:00:00-04:00,511.110930710653,512.0256002286585,507.17377997770546,509.5400390625,14308000,0.0,0.0
2025-07-29 00:00:00-04:00,512.5525452747698,514.6304403339567,508.6054427654301,509.609619140625,16469200,0.0,0.0
2025-07-30 00:00:00-04:00,512.1946027794743,512.9701269930791,506.49771598970693,510.2757568359375,26380400,0.0,0.0
2025-07-31 00:00:00-04:00,552.0232408256204,552.2420017670738,528.8280273057109,530.4187622070312,51617300,0.0,0.0
2025-08-01 00:00:00-04:00,531.9100652869249,532.7054326872741,517.8517174087783,521.0829467773438,28977600,0.0,0.0
2025-08-04 00:00:00-04:00,525.2190177406763,535.1413592423181,525.0798117410876,532.5464477539062,25349000,0.0,0.0
2025-08-05 00:00:00-04:00,534.077432699505,534.196734767709,524.194840165689,524.701904296875,19171600,0.0,0.0
2025-08-06 00:00:00-04:00,527.8338028961505,528.6291703469228,521.0034855448089,521.908203125,21355700,0.0,0.0
2025-08-07 00:00:00-04:00,523.757448292983,525.0400367197672,514.5608717763297,517.8319091796875,16079100,0.0,0.0
2025-08-08 00:00:00-04:00,519.5816044995674,521.6297041680745,516.4100264967077,519.0248413085938,15531000,0.0,0.0
2025-08-11 00:00:00-04:00,519.2833770884752,524.542862850504,516.7182612189127,518.7564697265625,20194400,0.0,0.0
2025-08-12 00:00:00-04:00,520.7250669698358,527.9132904806338,519.6811434112465,526.183349609375,18667000,0.0,0.0
2025-08-13 00:00:00-04:00,529.0368026236954,529.6234217995657,516.3703917601634,517.5734252929688,19619200,0.0,0.0
2025-08-14 00:00:00-04:00,519.5419572956574,522.9123929469488,517.13595097363,519.46240234375,20269100,0.0,0.0
2025-08-15 00:00:00-04:00,519.7507304052322,523.0614541020369,516.0820397908819,517.1657104492188,25213300,0.0,0.0
2025-08-18 00:00:00-04:00,518.5775833311014,519.8004600468895,511.05129658888984,514.1134643554688,23760600,0.0,0.0
2025-08-19 00:00:00-04:00,512.0255798217245,512.1846290296555,505.61282013208876,506.8257751464844,21481000,0.0,0.0
2025-08-20 00:00:00-04:00,506.92525053820776,508.0487290990465,501.526618683124,502.7992248535156,27723000,0.0,0.0
2025-08-21 00:00:00-04:00,501.6041452591809,505.5278315490841,500.6381609615915,502.15185546875,18443300,0.83,0.0
2025-08-22 00:00:00-04:00,502.1618461633245,508.6150227226763,500.32946944945456,505.1295166015625,24324200,0.0,0.0
2025-08-25 00:00:00-04:00,504.5319946732823,506.0855321115255,502.0323791323648,502.17181396484375,21638600,0.0,0.0
2025-08-26 00:00:00-04:00,502.2713680297872,502.88882606141556,496.4456179190968,499.96099853515625,30835700,0.0,0.0
2025-08-27 00:00:00-04:00,499.92117896114246,505.18928116929357,497.82986914621193,504.64154052734375,17277900,0.0,0.0
2025-08-28 00:00:00-04:00,504.99008260275673,508.9735181763212,503.406670609209,507.529541015625,18015600,0.0,0.0
2025-08-29 00:00:00-04:00,506.5535790393771,507.4896888132377,502.40083415821226,504.59173583984375,20961600,0.0,0.0
2025-09-02 00:00:00-04:00,498.3974910813857,503.90458943006223,494.75264396148896,503.0282287597656,18128000,0.0,0.0
2025-09-03 00:00:00-04:00,501.70375627159575,505.68719181229375,500.2398424947412,503.2572937011719,16345100,0.0,0.0
2025-09-04 00:00:00-04:00,502.2116394820944,506.04570238922344,501.0664078062513,505.866455078125,15509500,0.0,0.0
2025-09-05 00:00:00-04:00,506.9619070760115,509.8498918622262,490.3310509759443,492.9501647949219,31994800,0.0,0.0
2025-09-08 00:00:00-04:00,496.04724781279185,499.1244784694731,492.9800158612091,496.13690185546875,16771000,0.0,0.0
2025-09-09 00:00:00-04:00,499.3534910580183,500.17010260105087,495.6389570336189,496.34600830078125,14410500,0.0,0.0
2025-09-10 00:00:00-04:00,500.8971201283455,501.1460848531792,494.6630336933239,498.29791259765625,21611800,0.0,0.0
2025-09-11 00:00:00-04:00,500.17012751524385,501.08633106619584,495.8182290284252,498.9352722167969,18881600,0.0,0.0
2025-09-12 00:00:00-04:00,504.55191069082485,510.42747218178897,501.7635178992086,507.7884521484375,23624900,0.0,0.0
2025-09-15 00:00:00-04:00,506.68306017742736,513.3353599697668,504.9004642300766,513.225830078125,17143800,0.0,0.0
2025-09-16 00:00:00-04:00,514.7395367165727,515.0880630075219,506.4938265025834,506.9320068359375,19711900,0.0,0.0
2025-09-17 00:00:00-04:00,508.5054498653079,509.1726886784055,503.8348693472275,507.9079284667969,15816600,0.0,0.0
2025-09-18 00:00:00-04:00,509.37184097126715,510.9453149965379,505.55771489166153,506.3444519042969,18913700,0.0,0.0
2025-09-19 00:00:00-04:00,508.44574170609144,517.1495391803752,508.19677696926453,515.7852172851562,52474100,0.0,0.0
2025-09-22 00:00:00-04:00,513.4549348866175,515.5959951267806,510.41751650985566,512.3196411132812,20009300,0.0,0.0
2025-09-23 00:00:00-04:00,511.67229848312854,512.4590659268906,505.2091838485409,507.1212463378906,19799600,0.0,0.0
2025-09-24 00:00:00-04:00,508.26644250853604,510.35772177145367,504.82077941210207,508.0373840332031,13533700,0.0,0.0
2025-09-25 00:00:00-04:00,506.1950582100621,507.89799878212006,502.94857891661616,504.9303283691406,15786500,0.0,0.0
2025-09-26 00:00:00-04:00,507.9477531769938,511.8116903059077,504.52199636524745,509.3419494628906,16213100,0.0,0.0
2025-09-29 00:00:00-04:00,509.3817950243417,514.7096154882738,506.77264973451184,512.4689331054688,17617800,0.0,0.0
2025-09-30 00:00:00-04:00,511.11459757878936,516.0142062084105,507.54943619028296,515.8051147460938,19728200,0.0,0.0
2025-10-01 00:00:00-04:00,512.6680995330014,518.3544751787417,509.5709932440202,517.5578002929688,22632300,0.0,0.0
2025-10-02 00:00:00-04:00,515.4963429681408,519.4399047558908,508.56514411884206,513.6041870117188,21222900,0.0,0.0
2025-10-03 00:00:00-04:00,514.9585548343116,518.3345307125708,512.8672756929882,515.20751953125,15112300,0.0,0.0
2025-10-06 00:00:00-04:00,516.4623876768178,528.8309994124726,516.0541122577388,526.3811645507812,21388600,0.0,0.0
2025-10-07 00:00:00-04:00,526.1022689962125,527.6060256392368,519.2806599401652,521.8101196289062,14615200,0.0,0.0
2025-10-08 00:00:00-04:00,521.1130687043808,524.7678538085896,520.923853084141,522.676513671875,13363400,0.0,0.0
2025-10-09 00:00:00-04:00,520.1769452354545,522.158694647609,515.2574000210162,520.2366943359375,18343600,0.0,0.0
2025-10-10 00:00:00-04:00,517.4881335274953,521.4118200258811,507.5195762105422,508.84405517578125,24133800,0.0,0.0
2025-10-13 00:00:00-04:00,514.2714771071726,514.2714771071726,509.56108387533754,511.9212646484375,14284200,0.0,0.0
2025-10-14 00:00:00-04:00,508.1170420708167,513.146147202046,503.9045484424133,511.4432067871094,14684300,0.0,0.0
2025-10-15 00:00:00-04:00,512.8275263160849,515.0482722356254,507.88804423946306,511.3038330078125,14694700,0.0,0.0
2025-10-16 00:00:00-04:00,510.4573477017149,514.7096236704256,506.02576365101777,509.4913330078125,15559600,0.0,0.0
2025-10-17 00:00:00-04:00,506.9320087638593,513.3453119402852,505.20916197429216,511.4532165527344,19867800,0.0,0.0
2025-10-20 00:00:00-04:00,512.4788764440519,516.5519656323323,511.30377036778043,514.6498413085938,14665600,0.0,0.0
2025-10-21 00:00:00-04:00,515.3569857054445,516.5420602391357,510.91543308707116,515.5162963867188,15586200,0.0,0.0
2025-10-22 00:00:00-04:00,518.9918584655633,523.0549187669818,515.566101626736,518.3843383789062,18962700,0.0,0.0
2025-10-23 00:00:00-04:00,520.2964530626382,521.7802730707533,516.4623598997719,518.404296875,14023500,0.0,0.0
2025-10-24 00:00:00-04:00,520.6250388201142,523.1744351060786,518.5536961256696,521.441650390625,15532400,0.0,0.0
2025-10-27 00:00:00-04:00,529.577902779321,532.3662956890146,526.819354031342,529.3189697265625,18734700,0.0,0.0
2025-10-28 00:00:00-04:00,547.722348424072,551.4269140414981,538.5305910090683,539.8251953125,29986700,0.0,0.0
2025-10-29 00:00:00-04:00,542.6832878753321,544.0077970763692,534.5072653816836,539.3073120117188,36023000,0.0,0.0
2025-10-30 00:00:00-04:00,528.2831883129468,532.7545848667123,519.9578228356851,523.582763671875,41023100,0.0,0.0
2025-10-31 00:00:00-04:00,526.6898137654194,527.1279940743384,512.9668501497666,515.6656494140625,34006400,0.0,0.0
2025-11-03 00:00:00-05:00,517.657371934483,522.7860691817526,512.4590180581705,514.888916015625,22374700,0.0,0.0
2025-11-04 00:00:00-05:00,509.6407695643784,513.4150529816625,505.73698923396887,512.2001342773438,20958700,0.0,0.0
2025-11-05 00:00:00-05:00,511.17434154282535,512.6980347767452,504.4821687767013,505.0597839355469,23024300,0.0,0.0
2025-11-06 00:00:00-05:00,503.5659922381216,503.6058351018555,493.75677643867937,495.04144287109375,27406500,0.0,0.0
2025-11-07 00:00:00-05:00,494.89207027354036,497.31199999791255,491.2073803526309,494.7626037597656,24019800,0.0,0.0
2025-11-10 00:00:00-05:00,497.96929153220975,504.7510881917551,496.73440583349895,503.90460205078125,26101500,0.0,0.0
2025-11-11 00:00:00-05:00,502.70954902224156,507.48968986721945,500.26971300797675,506.573486328125,17980000,0.0,0.0
2025-11-12 00:00:00-05:00,507.2506574723947,509.5511194130969,497.05307240824305,509.0233154296875,26574900,0.0,0.0
2025-11-13 00:00:00-05:00,508.1967287528611,511.3735209246628,499.2140928412288,501.205810546875,25273100,0.0,0.0
2025-11-14 00:00:00-05:00,496.16679552350377,509.48142428367663,495.3800584752997,508.0672912597656,28505700,0.0,0.0
2025-11-17 00:00:00-05:00,506.34447416817187,509.9992593431845,502.8191251226507,505.388427734375,19092800,0.0,0.0
2025-11-18 00:00:00-05:00,493.31862192366924,500.89712400975867,484.76419755903834,491.74517822265625,33815100,0.0,0.0
2025-11-19 00:00:00-05:00,488.070453670226,493.13937183157236,480.8305400064438,485.102783203125,23245300,0.0,0.0
2025-11-20 00:00:00-05:00,491.5879641710541,492.4460215630244,474.41716428973194,477.3404846191406,26802500,0.91,0.0
2025-11-21 00:00:00-05:00,477.4103368698009,477.8293938228302,467.20362215472323,471.04486083984375,31769200,0.0,0.0
2025-11-24 00:00:00-05:00,473.9183160323131,475.8139832068258,466.9542001322548,472.92059326171875,34421000,0.0,0.0
2025-11-25 00:00:00-05:00,472.9904142849383,478.0588322743821,463.8313270788984,475.90374755859375,28019800,0.0,0.0
2025-11-26 00:00:00-05:00,485.2025316262965,487.1979770584782,480.10418316215106,484.3943786621094,25709100,0.0,0.0
2025-11-28 00:00:00-05:00,486.48962635446395,491.5081706450152,485.54177754838196,490.88958740234375,14386700,0.0,0.0
2025-12-01 00:00:00-05:00,487.32770213243884,488.7444513856018,483.5463243869077,485.6315612792969,23964000,0.0,0.0
2025-12-02 00:00:00-05:00,485.6116258193264,492.3761849539621,485.2125428025972,488.8841552734375,19562700,0.0,0.0
2025-12-03 00:00:00-05:00,475.23529714339696,483.13724409881166,474.1178525596479,476.64208984375,34615100,0.0,0.0
2025-12-04 00:00:00-05:00,478.6674679630734,480.2239129901724,475.40489514051177,479.7449951171875,22318200,0.0,0.0
2025-12-05 00:00:00-05:00,481.4211657314621,482.299166614698,477.78947078944657,482.0597229003906,22608700,0.0,0.0
2025-12-08 00:00:00-05:00,483.7858099301447,491.17890888246444,483.2769615726175,489.9018249511719,21965900,0.0,0.0
2025-12-09 00:00:00-05:00,487.9862027558801,490.99931449735556,487.3875630167038,490.8995361328125,14696100,0.0,0.0
2025-12-10 00:00:00-05:00,482.92772884397027,483.14722906115725,473.99809828560024,477.4701843261719,35756200,0.0,0.0
2025-12-11 00:00:00-05:00,475.5445986070271,484.92318635563356,474.7763326037194,482.3690185546875,24669200,0.0,0.0
2025-12-12 00:00:00-05:00,478.72734800157895,481.3513637649093,475.2552617920193,477.4402770996094,21248100,0.0,0.0
2025-12-15 00:00:00-05:00,479.0066832317436,479.6252664455081,471.44392797474177,473.73870849609375,23727700,0.0,0.0
2025-12-16 00:00:00-05:00,470.8353364785088,476.80172935648005,469.8076832860371,475.3051452636719,20705600,0.0,0.0
2025-12-17 00:00:00-05:00,475.8239455574328,478.9069051052783,473.9182915104317,475.0357360839844,24527200,0.0,0.0
2025-12-18 00:00:00-05:00,477.10104539067044,488.4850656489584,476.8017407441929,482.87786865234375,28573500,0.0,0.0
2025-12-19 00:00:00-05:00,486.2501387748106,486.73904362092316,481.39123391446003,484.8134460449219,70836100,0.0,0.0
2025-12-22 00:00:00-05:00,485.01298390813173,487.6170561484318,481.5908021440126,483.81573486328125,16963000,0.0,0.0
2025-12-23 00:00:00-05:00,483.8755963136496,486.71908182827985,483.63612214595605,485.7413330078125,14683600,0.0,0.0
2025-12-24 00:00:00-05:00,484.5739628623746,488.04604888584674,483.7258924615979,486.90863037109375,5855900,0.0,0.0
2025-12-26 00:00:00-05:00,485.601642461088,487.00843522519267,484.85335038112265,486.599365234375,8842200,0.0,0.0
2025-12-29 00:00:00-05:00,483.7558335295542,487.23790659993216,483.0773893732932,485.9907531738281,10893400,0.0,0.0
2025-12-30 00:00:00-05:00,484.82341501264875,488.56487537463653,484.39440153201394,486.3699035644531,13944500,0.0,0.0
2025-12-31 00:00:00-05:00,486.7290680267604,487.0284031238816,482.1993981667827,482.5186767578125,15601600,0.0,0.0
2026-01-02 00:00:00-05:00,483.2869444224563,483.5563186075122,469.0893385249197,471.8630065917969,25571600,0.0,0.0
2026-01-05 00:00:00-05:00,472.98042932285466,474.9858617296903,468.4308161640092,471.773193359375,25250300,0.0,0.0
2026-01-06 00:00:00-05:00,472.72102257015473,477.64977534720424,468.68025764779384,477.4203186035156,23037700,0.0,0.0
2026-01-07 00:00:00-05:00,478.6674756822987,488.5848422406915,476.86159994291296,482.3690185546875,25564200,0.0,0.0
2026-01-08 00:00:00-05:00,480.14408679814625,481.5608665012806,474.7763335277468,477.0212097167969,18162600,0.0,0.0
2026-01-09 00:00:00-05:00,472.9804540365218,478.72734693664125,471.1247042989064,478.1885681152344,18491000,0.0,0.0
2026-01-12 00:00:00-05:00,475.5845048686955,479.89464390147504,474.59673866594744,476.09332275390625,23519900,0.0,0.0
2026-01-13 00:00:00-05:00,473.5990225282599,474.6965236309785,464.888922501957,469.5981750488281,28545800,0.0,0.0
2026-01-14 00:00:00-05:00,465.39775666549855,467.13381499707015,456.1289340170423,458.3338928222656,28184300,0.0,0.0
2026-01-15 00:00:00-05:00,463.0630900555096,463.1927988881192,454.8618076165624,455.6200866699219,23225800,0.0,0.0
2026-01-16 00:00:00-05:00,456.78739866953146,462.13520850615447,455.4404972994736,458.8127746582031,34246700,0.0,0.0
2026-01-20 00:00:00-05:00,450.1924514863621,455.7597309230742,448.2568669541529,453.48492431640625,26130000,0.0,0.0
2026-01-21 00:00:00-05:00,451.56931960591265,451.65911099901973,437.68100562513575,443.0986328125,37980500,0.0,0.0
2026-01-22 00:00:00-05:00,446.600636936346,451.8087507279656,443.6873036586902,450.1126403808594,25349400,0.0,0.0
2026-01-23 00:00:00-05:00,450.8409629929935,470.0271819611143,449.50401819491054,464.888916015625,38000200,0.0,0.0
2026-01-26 00:00:00-05:00,464.25036221183507,473.1700058760031,460.94790240319116,469.20904541015625,29291200,0.0,0.0
2026-01-27 00:00:00-05:00,472.62128861771004,481.7703893732875,472.0825097961169,479.485595703125,29213900,0.0,0.0
2026-01-28 00:00:00-05:00,482.10959164059926,482.63838346935967,476.9114647448887,480.533203125,36875400,0.0,0.0
2026-01-29 00:00:00-05:00,438.98802836564175,441.49232224197124,420.06122635013605,432.5128173828125,128855300,0.0,0.0
2026-01-30 00:00:00-05:00,438.1699022937122,438.5989157576861,425.47886802078926,429.31011962890625,58566800,0.0,0.0
2026-02-02 00:00:00-05:00,429.2602343395754,429.7590957240154,421.28843915961005,422.4058837890625,42219900,0.0,0.0
2026-02-03 00:00:00-05:00,421.0489834358989,421.0888704228976,407.6296003977664,410.2735595703125,61424100,0.0,0.0
2026-02-04 00:00:00-05:00,410.0640575889883,418.84400576689177,408.3080557741746,413.2467956542969,45012400,0.0,0.0
2026-02-05 00:00:00-05:00,406.51216038211834,407.37018733348754,391.4265972483441,392.7735290527344,66289200,0.0,0.0
2026-02-06 00:00:00-05:00,398.2609865133262,400.87501513504304,392.0252195920243,400.22650146484375,53515300,0.0,0.0
2026-02-09 00:00:00-05:00,403.9280678877113,413.94521298339265,399.9571203178888,412.65814208984375,45480500,0.0,0.0
2026-02-10 00:00:00-05:00,418.66440278178237,422.7151545880433,411.76017861216997,412.328857421875,44857900,0.0,0.0
2026-02-11 00:00:00-05:00,415.2322299614449,415.51159110220135,400.096793508188,403.4491271972656,42491000,0.0,0.0
2026-02-12 00:00:00-05:00,404.07770370563327,405.2749831551046,397.1036315998776,400.9248962402344,40802400,0.0,0.0
2026-02-13 00:00:00-05:00,403.528974460687,404.61648859375555,397.1435245648219,400.4060974121094,34091600,0.0,0.0
2026-02-17 00:00:00-05:00,398.31087932693146,399.60790672873594,393.6315571718042,395.95623779296875,32078800,0.0,0.0
2026-02-18 00:00:00-05:00,397.2233488345012,401.6432531481791,395.41747315874426,398.69000244140625,23223400,0.0,0.0
2026-02-19 00:00:00-05:00,400.69000244140625,404.42999267578125,396.6700134277344,398.4599914550781,28234000,0.91,0.0
2026-02-20 00:00:00-05:00,396.1099853515625,400.1199951171875,395.1600036621094,397.2300109863281,34015200,0.0,0.0
2026-02-23 00:00:00-05:00,395.0,395.3599853515625,383.1000061035156,384.4700012207031,43238300,0.0,0.0
2026-02-24 00:00:00-05:00,384.1400146484375,389.3599853515625,381.7099914550781,389.0,33884700,0.0,0.0
2026-02-25 00:00:00-05:00,390.5299987792969,401.4700012207031,390.1600036621094,400.6000061035156,43625500,0.0,0.0
2026-02-26 00:00:00-05:00,404.7099914550781,407.489990234375,398.739990234375,401.7200012207031,34405900,0.0,0.0
2026-02-27 00:00:00-05:00,390.8800048828125,396.82000732421875,389.8800048828125,392.739990234375,51367200,0.0,0.0
2026-03-02 00:00:00-05:00,392.8599853515625,401.19000244140625,390.6300048828125,398.54998779296875,35474900,0.0,0.0
2026-03-03 00:00:00-05:00,393.1400146484375,406.70001220703125,392.6700134277344,403.92999267578125,38199200,0.0,0.0
2026-03-04 00:00:00-05:00,401.2699890136719,411.0299987792969,400.30999755859375,405.20001220703125,35808000,0.0,0.0
2026-03-05 00:00:00-05:00,404.4200134277344,411.6099853515625,404.3999938964844,410.67999267578125,39001300,0.0,0.0
2026-03-06 00:00:00-05:00,409.20001220703125,413.04998779296875,408.510009765625,408.9599914550781,31123900,0.0,0.0
2026-03-09 00:00:00-04:00,404.9200134277344,410.2099914550781,403.5,409.4100036621094,30131900,0.0,0.0
2026-03-10 00:00:00-04:00,410.0299987792969,410.20001220703125,402.92999267578125,405.760009765625,31706400,0.0,0.0
2026-03-11 00:00:00-04:00,405.57000732421875,409.010009765625,401.5899963378906,404.8800048828125,25512100,0.0,0.0
2026-03-12 00:00:00-04:00,404.6300048828125,406.1199951171875,401.7099914550781,401.8599853515625,27263900,0.0,0.0
2026-03-13 00:00:00-04:00,401.0,404.79998779296875,394.25,395.54998779296875,26848000,0.0,0.0
2026-03-16 00:00:00-04:00,398.07000732421875,400.6300048828125,394.7900085449219,399.95001220703125,27733700,0.0,0.0
2026-03-17 00:00:00-04:00,400.2699890136719,404.3999938964844,397.75,399.4100036621094,26228300,0.0,0.0
2026-03-18 00:00:00-04:00,397.1300048828125,398.0,391.0,391.7900085449219,25908500,0.0,0.0
2026-03-19 00:00:00-04:00,390.1000061035156,392.489990234375,387.05999755859375,389.0199890136719,25138800,0.0,0.0
2026-03-20 00:00:00-04:00,386.7900085449219,387.0,380.1199951171875,381.8699951171875,50853200,0.0,0.0
2026-03-23 00:00:00-04:00,383.8999938964844,387.2099914550781,381.67999267578125,383.0,29680100,0.0,0.0
2026-03-24 00:00:00-04:00,382.3599853515625,382.4700012207031,371.8500061035156,372.739990234375,42733600,0.0,0.0
2026-03-25 00:00:00-04:00,376.9200134277344,377.05999755859375,369.6300048828125,371.0400085449219,31181200,0.0,0.0
2026-03-26 00:00:00-04:00,370.82000732421875,374.7200012207031,365.19000244140625,365.9700012207031,36836600,0.0,0.0
2026-03-27 00:00:00-04:00,361.8999938964844,362.45001220703125,356.510009765625,356.7699890136719,37883400,0.0,0.0
2026-03-30 00:00:00-04:00,361.8999938964844,365.3599853515625,356.2799987792969,358.9599914550781,44797000,0.0,0.0
2026-03-31 00:00:00-04:00,364.54998779296875,372.8999938964844,363.07000732421875,370.1700134277344,45244400,0.0,0.0
2026-04-01 00:00:00-04:00,373.489990234375,373.989990234375,368.20001220703125,369.3699951171875,29417200,0.0,0.0
2026-04-02 00:00:00-04:00,367.2099914550781,373.6400146484375,364.1499938964844,373.4599914550781,24099100,0.0,0.0
2026-04-06 00:00:00-04:00,373.489990234375,373.7300109863281,369.5,372.8800048828125,16146600,0.0,0.0
2026-04-07 00:00:00-04:00,370.3399963378906,372.45001220703125,366.55999755859375,372.2900085449219,21443300,0.0,0.0
2026-04-08 00:00:00-04:00,384.9800109863281,385.0,371.4100036621094,374.3299865722656,33064800,0.0,0.0
2026-04-09 00:00:00-04:00,372.5,373.5,367.04998779296875,373.07000732421875,30435300,0.0,0.0
2026-04-10 00:00:00-04:00,372.9800109863281,375.6400146484375,370.0299987792969,370.8699951171875,28111100,0.0,0.0
2026-04-13 00:00:00-04:00,373.6099853515625,384.5400085449219,371.0199890136719,384.3699951171875,35745800,0.0,0.0
2026-04-14 00:00:00-04:00,387.9200134277344,394.69000244140625,386.5199890136719,393.1099853515625,37504500,0.0,0.0
2026-04-15 00:00:00-04:00,398.0,414.3699951171875,396.7300109863281,411.2200012207031,45063400,0.0,0.0
2026-04-16 00:00:00-04:00,419.8599853515625,420.82000732421875,412.1400146484375,420.260009765625,41642400,0.0,0.0
2026-04-17 00:00:00-04:00,424.82000732421875,431.5799865722656,420.69000244140625,422.7900085449219,48568200,0.0,0.0
2026-04-20 00:00:00-04:00,421.1499938964844,423.3299865722656,416.29998779296875,418.07000732421875,27582200,0.0,0.0
2026-04-21 00:00:00-04:00,420.239990234375,427.17999267578125,417.20001220703125,424.1600036621094,32048500,0.0,0.0
2026-04-22 00:00:00-04:00,426.19000244140625,433.70001220703125,423.6700134277344,432.9200134277344,29378200,0.0,0.0
2026-04-23 00:00:00-04:00,419.8900146484375,423.6600036621094,411.4100036621094,415.75,38308000,0.0,0.0
2026-04-24 00:00:00-04:00,416.9700012207031,424.95001220703125,415.79998779296875,424.6199951171875,27457400,0.0,0.0
2026-04-27 00:00:00-04:00,422.3800048828125,427.1099853515625,417.07000732421875,424.82000732421875,30867300,0.0,0.0
2026-04-28 00:00:00-04:00,424.57000732421875,429.9200134277344,421.8999938964844,429.25,30438100,0.0,0.0
2026-04-29 00:00:00-04:00,424.5799865722656,426.82000732421875,420.2900085449219,424.4599914550781,38288300,0.0,0.0
2026-04-30 00:00:00-04:00,410.80999755859375,414.4200134277344,398.010009765625,407.7799987792969,70909400,0.0,0.0
2026-05-01 00:00:00-04:00,412.79998779296875,417.1099853515625,410.44000244140625,414.44000244140625,31372400,0.0,0.0
2026-05-04 00:00:00-04:00,411.5400085449219,420.7799987792969,410.79998779296875,413.6199951171875,28066500,0.0,0.0
2026-05-05 00:00:00-04:00,415.32000732421875,416.7799987792969,408.79998779296875,411.3800048828125,25700900,0.0,0.0
2026-05-06 00:00:00-04:00,408.0,418.4200134277344,405.1099853515625,413.9599914550781,30285900,0.0,0.0
2026-05-07 00:00:00-04:00,420.1099853515625,427.9800109863281,418.760009765625,420.7699890136719,34942400,0.0,0.0
2026-05-08 00:00:00-04:00,417.3900146484375,418.6300048828125,414.0,415.1199951171875,33383800,0.0,0.0
2026-05-11 00:00:00-04:00,407.8699951171875,412.69000244140625,405.5,412.6600036621094,35657900,0.0,0.0
2026-05-12 00:00:00-04:00,414.4800109863281,415.5,406.6400146484375,407.7699890136719,38594200,0.0,0.0
2026-05-13 00:00:00-04:00,403.20001220703125,406.30999755859375,401.0299987792969,405.2099914550781,29667100,0.0,0.0
2026-05-14 00:00:00-04:00,404.4800109863281,411.8399963378906,400.8800048828125,409.42999267578125,27077500,0.0,0.0
2026-05-15 00:00:00-04:00,414.2699890136719,428.1700134277344,412.9100036621094,421.9200134277344,50310800,0.0,0.0
