Date,Open,High,Low,Close,Volume,Dividends,Stock Splits
2021-05-17 00:00:00-04:00,14.121408850962863,14.133628001156678,13.818672627064075,14.129887580871582,216980000,0.0,0.0
2021-05-18 00:00:00-04:00,14.231130241326667,14.368035115402556,13.968790986386999,13.980511665344238,186256000,0.0,0.0
2021-05-19 00:00:00-04:00,13.532392615609274,14.04410338609354,13.509201440576488,14.030387878417969,344000000,0.0,0.0
2021-05-20 00:00:00-04:00,14.266541704450896,14.646833580285021,14.234622566942482,14.575762748718262,321592000,0.0,0.0
2021-05-21 00:00:00-04:00,15.125627113969413,15.183731096129877,14.832117340430838,14.954059600830078,672992000,0.0,0.0
2021-05-24 00:00:00-04:00,15.174252706728867,15.705414174003659,15.137844497008365,15.572749137878418,554816000,0.0,0.0
2021-05-25 00:00:00-04:00,15.726362482639168,15.778730264045185,15.44357551176999,15.608409881591797,435408000,0.0,0.0
2021-05-26 00:00:00-04:00,15.69469233324552,15.754042484575189,15.547064658382558,15.660528182983398,370440000,0.0,0.0
2021-05-27 00:00:00-04:00,15.660278094852826,15.71040181104527,15.421130958607247,15.449060440063477,581476000,0.0,0.0
2021-05-28 00:00:00-04:00,15.46202947906416,16.236577036281336,15.46202947906416,16.203659057617188,644536000,0.0,0.0
2021-06-01 00:00:00-04:00,16.229096888512235,16.34704949574134,15.86326820041709,16.223609924316406,472804000,0.0,0.0
2021-06-02 00:00:00-04:00,16.21139203355558,16.876216524208118,16.194683808700496,16.736068725585938,594168000,0.0,0.0
2021-06-03 00:00:00-04:00,16.658761189100893,17.215608058599543,16.54130706968029,16.92708396911621,580008000,0.0,0.0
2021-06-04 00:00:00-04:00,17.069478766631683,17.616599909816845,17.052523208969372,17.534059524536133,617120000,0.0,0.0
2021-06-07 00:00:00-04:00,17.527072794284408,17.767715323688513,17.14952444459165,17.5747013092041,575756000,0.0,0.0
2021-06-08 00:00:00-04:00,17.483185585690848,17.57719836078649,17.207629259933416,17.41311264038086,323848000,0.0,0.0
2021-06-09 00:00:00-04:00,17.475716134562592,17.53483058843353,17.216310173340066,17.318574905395508,381656000,0.004,0.0
2021-06-10 00:00:00-04:00,17.31035015277787,17.45202583585592,17.13674801084878,17.385177612304688,287772000,0.0,0.0
2021-06-11 00:00:00-04:00,17.439547219530038,17.898247503293362,17.403879495985695,17.784507751464844,416308000,0.0,0.0
2021-06-14 00:00:00-04:00,17.865072468441838,17.9982664755166,17.622378570506847,17.977563858032227,321376000,0.0,0.0
2021-06-15 00:00:00-04:00,17.874054743695652,17.975073024219547,17.687481873167364,17.74784278869629,243032000,0.0,0.0
2021-06-16 00:00:00-04:00,17.75009034027756,17.91371508228744,17.54431057593765,17.76954460144043,307124000,0.0,0.0
2021-06-17 00:00:00-04:00,17.7338803438254,18.79195600704923,17.71567253718677,18.614612579345703,809656000,0.0,0.0
2021-06-18 00:00:00-04:00,18.74106585941373,19.330714616540423,18.54152223766029,18.596147537231445,968856000,0.0,0.0
2021-06-21 00:00:00-04:00,18.393118696833035,18.494138905663043,17.78201922276795,18.3851375579834,672384000,0.0,0.0
2021-06-22 00:00:00-04:00,18.429284231032042,18.920409647101682,18.343978923682204,18.843584060668945,580144000,0.0,0.0
2021-06-23 00:00:00-04:00,18.96430647751163,19.108975530104733,18.864534651482277,19.01369285583496,332356000,0.0,0.0
2021-06-24 00:00:00-04:00,19.183806109567367,19.375616025449478,19.044623366172903,19.161605834960938,320924000,0.0,0.0
2021-06-25 00:00:00-04:00,19.236433070795265,19.301285040207212,18.851315628683007,18.987503051757812,278364000,0.0,0.0
2021-06-28 00:00:00-04:00,19.31699836660214,20.03285915279017,19.274845251778927,19.93932342529297,495436000,0.0,0.0
2021-06-29 00:00:00-04:00,19.837062518712774,20.05281779301835,19.612077743887852,19.98098373413086,367632000,0.0,0.0
2021-06-30 00:00:00-04:00,19.953546322125256,20.116423218061342,19.818356024611578,19.956789016723633,326568000,0.0,0.0
2021-07-01 00:00:00-04:00,20.0790066589229,20.409249572834405,19.973248011353004,20.165807723999023,480136000,0.0,0.0
2021-07-02 00:00:00-04:00,20.39353374130317,20.458385715167392,20.241382131269432,20.440176010131836,342764000,0.0,0.0
2021-07-06 00:00:00-04:00,20.690105954402014,20.794366948413263,20.30374197663126,20.651195526123047,446708000,0.0,0.0
2021-07-07 00:00:00-04:00,20.805839022549197,20.827289518235947,20.285531292892728,20.3251895904541,418428000,0.0,0.0
2021-07-08 00:00:00-04:00,19.811117972492724,20.086984820406965,19.65572366995776,19.857261657714844,503300000,0.0,0.0
2021-07-09 00:00:00-04:00,19.916874216592717,20.03435525988892,19.709100137865747,20.004423141479492,296624000,0.0,0.0
2021-07-12 00:00:00-04:00,20.193741842138916,20.485822176822126,20.141611349333026,20.465620040893555,321984000,0.0,0.0
2021-07-13 00:00:00-04:00,20.353873559779505,20.41448567344241,20.068029336079224,20.203718185424805,290708000,0.0,0.0
2021-07-14 00:00:00-04:00,20.311222848316984,20.371085187091623,19.7076060162833,19.796152114868164,380100000,0.0,0.0
2021-07-15 00:00:00-04:00,19.766471657258307,19.801640805909646,18.815399378990502,18.922903060913086,550564000,0.0,0.0
2021-07-16 00:00:00-04:00,18.98700141266361,19.113211442977995,18.031689563231986,18.119487762451172,688224000,0.0,0.0
2021-07-19 00:00:00-04:00,17.874305524272554,18.998479381294242,17.824667948945038,18.73682975769043,749060000,0.0,0.0
2021-07-20 00:00:00-04:00,18.68719792250743,18.794950924006848,18.122491355636242,18.569467544555664,434687000,0.0,4.0
2021-07-21 00:00:00-04:00,18.838843731264284,19.482369991726237,18.699164320803426,19.365636825561523,371017000,0.0,0.0
2021-07-22 00:00:00-04:00,19.597102117631838,19.84154102601024,19.231937601254018,19.549211502075195,323826000,0.0,0.0
2021-07-23 00:00:00-04:00,19.611075532676935,19.654975593030052,19.20600332552339,19.5132999420166,195672000,0.0,0.0
2021-07-26 00:00:00-04:00,19.266865977371694,19.397565194519427,18.87077204812226,19.24990463256836,203943000,0.0,0.0
2021-07-27 00:00:00-04:00,19.220967669853962,19.577152067527226,18.698165146922616,19.164098739624023,248863000,0.0,0.0
2021-07-28 00:00:00-04:00,19.274847933928527,19.601100261911586,18.951589008448458,19.45842742919922,202191000,0.0,0.0
2021-07-29 00:00:00-04:00,19.4743887933179,19.80762698019667,19.283825335460097,19.617063522338867,190781000,0.0,0.0
2021-07-30 00:00:00-04:00,19.373617296753032,19.585132640892724,19.218972784196303,19.45443344116211,183497000,0.0,0.0
2021-08-02 00:00:00-04:00,19.654977627712686,19.915380808627756,19.316751690978577,19.704862594604492,217444000,0.0,0.0
2021-08-03 00:00:00-04:00,19.694886903097746,20.175785713093944,19.176074829948746,19.769716262817383,301811000,0.0,0.0
2021-08-04 00:00:00-04:00,19.944315500211438,20.271566923364023,19.782685073295433,20.2276668548584,231309000,0.0,0.0
2021-08-05 00:00:00-04:00,20.45314439887646,20.68561164706014,20.295504585968366,20.58983039855957,211435000,0.0,0.0
2021-08-06 00:00:00-04:00,20.477090195052455,20.52298458479839,20.163806797419902,20.31945037841797,178497000,0.0,0.0
2021-08-09 00:00:00-04:00,20.399267299813797,20.46112586521887,20.096960345968807,20.248613357543945,146443000,0.0,0.0
2021-08-10 00:00:00-04:00,20.275555576217656,20.38330854964685,19.789667174813598,19.890438079833984,179238000,0.0,0.0
2021-08-11 00:00:00-04:00,19.997190075674563,20.00317688001312,19.38559215044887,19.653976440429688,185925000,0.0,0.0
2021-08-12 00:00:00-04:00,19.824584849910885,19.983219923418048,19.57515626394466,19.85950469970703,151652000,0.0,0.0
2021-08-13 00:00:00-04:00,19.859506824153872,20.167800604611397,19.805629391282583,20.14185905456543,183063000,0.0,0.0
2021-08-16 00:00:00-04:00,20.088984173742237,20.24063722279305,19.408541689128278,19.904407501220703,210876000,0.0,0.0
2021-08-17 00:00:00-04:00,19.640010842343834,19.7248175706279,19.22296688145729,19.413530349731445,204585000,0.0,0.0
2021-08-18 00:00:00-04:00,19.455434460739273,19.589128991914862,18.956577166874165,18.99648666381836,285913000,0.0,0.0
2021-08-19 00:00:00-04:00,19.449444360898706,20.448157848964946,18.719117056246247,19.752750396728516,766555000,0.0,0.0
2021-08-20 00:00:00-04:00,19.945311597000565,20.817314696928367,19.887445490471492,20.7684268951416,675741000,0.0,0.0
2021-08-23 00:00:00-04:00,20.923070353137504,21.946724447846748,20.90211844107872,21.907814025878906,575807000,0.0,0.0
2021-08-24 00:00:00-04:00,21.703281272193063,21.9088098112893,21.485779125252666,21.743188858032227,297299000,0.0,0.0
2021-08-25 00:00:00-04:00,21.687317646197013,22.41864211092378,21.67235253900136,22.162229537963867,347701000,0.0,0.0
2021-08-26 00:00:00-04:00,22.149264978237373,22.28894441389268,21.740202142684332,22.017566680908203,237940000,0.0,0.0
2021-08-27 00:00:00-04:00,22.13329627384273,22.670066727828846,22.116334931124943,22.58426284790039,304722000,0.0,0.0
2021-08-30 00:00:00-04:00,22.777822203844707,22.990334740001824,22.499460525203325,22.636146545410156,262580000,0.0,0.0
2021-08-31 00:00:00-04:00,22.647125533698055,22.647125533698055,22.073339614358837,22.337779998779297,259850000,0.004,0.0
2021-09-01 00:00:00-04:00,22.43756548471316,22.64911813568257,22.309835259034962,22.393657684326172,201767000,0.0,0.0
2021-09-02 00:00:00-04:00,22.47049726134416,22.545339807951134,22.24796811279879,22.3487548828125,187834000,0.0,0.0
2021-09-03 00:00:00-04:00,22.27790436202972,22.93750922846225,22.153168059674176,22.794811248779297,280532000,0.0,0.0
2021-09-07 00:00:00-04:00,22.784829827757243,22.85069057355953,22.474485116430305,22.61419105529785,198107000,0.0,0.0
2021-09-08 00:00:00-04:00,22.465506645086627,22.562302133901152,21.930636197722126,22.291873931884766,254434000,0.0,0.0
2021-09-09 00:00:00-04:00,22.264930118963175,22.490453174173346,22.08431220635336,22.13021469116211,196856000,0.0,0.0
2021-09-10 00:00:00-04:00,22.30085522288771,22.578268644590512,22.22302065137504,22.43058204650879,248376000,0.0,0.0
2021-09-13 00:00:00-04:00,22.636151617409755,22.915561685811408,21.811893723783985,22.105274200439453,297500000,0.0,0.0
2021-09-14 00:00:00-04:00,22.22800922879762,22.36272466695094,22.039408757377963,22.195079803466797,199755000,0.0,0.0
2021-09-15 00:00:00-04:00,22.261938841506673,22.31981705301157,21.919661994088578,22.29387092590332,166538000,0.0,0.0
2021-09-16 00:00:00-04:00,22.136204252125346,22.23000581669266,21.88074378110906,22.195079803466797,156033000,0.0,0.0
2021-09-17 00:00:00-04:00,22.252955607329,22.273911214791905,21.78394779506993,21.85379981994629,294503000,0.0,0.0
2021-09-20 00:00:00-04:00,21.101393708407006,21.387788954115265,20.61841542305834,21.068464279174805,349440000,0.0,0.0
2021-09-21 00:00:00-04:00,21.37181828897263,21.379800833477784,20.905804421130274,21.20117950439453,204688000,0.0,0.0
2021-09-22 00:00:00-04:00,21.320928442562238,21.91367528465587,21.15128697509486,21.894716262817383,268726000,0.0,0.0
2021-09-23 00:00:00-04:00,22.093292745342225,22.48745990832766,21.843820146489403,22.434572219848633,248555000,0.0,0.0
2021-09-24 00:00:00-04:00,22.02344353743368,22.102277360773,21.814884783571202,22.034420013427734,217655000,0.0,0.0
2021-09-27 00:00:00-04:00,21.664199253926697,21.753012198242896,21.280013132238278,21.61430549621582,245215000,0.0,0.0
2021-09-28 00:00:00-04:00,21.1692454550303,21.373812889724803,20.607431588731302,20.655330657958984,343069000,0.0,0.0
2021-09-29 00:00:00-04:00,20.89582469355393,20.97266191637048,20.423821075791892,20.473716735839844,218394000,0.0,0.0
2021-09-30 00:00:00-04:00,20.724186869005347,21.021558534466575,20.64435571548034,20.67229652404785,221009000,0.0,0.0
2021-10-01 00:00:00-04:00,20.706226639761606,20.814995951669495,20.16037968568149,20.698244094848633,240978000,0.0,0.0
2021-10-04 00:00:00-04:00,20.460745149157145,20.49866509219777,19.51374772206686,19.69037437438965,345635000,0.0,0.0
2021-10-05 00:00:00-04:00,19.907915325430285,20.60444281688041,19.812117171843163,20.40785789489746,279282000,0.0,0.0
2021-10-06 00:00:00-04:00,20.077553806928158,20.676286468248467,20.037637281066957,20.656330108642578,297202000,0.0,0.0
2021-10-07 00:00:00-04:00,21.047497170685276,21.277013341580666,20.92775142383269,21.030534744262695,256919000,0.0,0.0
2021-10-08 00:00:00-04:00,21.056484923625863,21.161262957637216,20.73117244375026,20.78705406188965,151258000,0.0,0.0
2021-10-11 00:00:00-04:00,20.53160039737169,21.018569987595196,20.46773431619996,20.65134620666504,163388000,0.0,0.0
2021-10-12 00:00:00-04:00,20.78406211740241,21.01257912959574,20.484695733535407,20.62739372253418,162134000,0.0,0.0
2021-10-13 00:00:00-04:00,20.873871281370185,20.94571989479939,20.669303819377614,20.894826889038086,180652000,0.0,0.0
2021-10-14 00:00:00-04:00,21.24309636015395,21.709110351768604,21.077446146064016,21.700130462646484,243589000,0.0,0.0
2021-10-15 00:00:00-04:00,21.763989474383635,21.88473450421562,21.616302880257262,21.815879821777344,226994000,0.0,0.0
2021-10-18 00:00:00-04:00,21.70311955926144,22.243975990824204,21.59833961734775,22.175121307373047,189494000,0.0,0.0
2021-10-19 00:00:00-04:00,22.229001022509024,22.331784351960835,21.990506849818576,22.24297332763672,161473000,0.0,0.0
2021-10-20 00:00:00-04:00,22.257945210436517,22.38567543781395,21.935626663665868,22.056371688842773,146276000,0.0,0.0
2021-10-21 00:00:00-04:00,22.050384685989254,22.663089722334,22.03641428104515,22.644128799438477,187590000,0.0,0.0
2021-10-22 00:00:00-04:00,22.77485029056531,23.081201821142454,22.5134038996593,22.678054809570312,249384000,0.0,0.0
2021-10-25 00:00:00-04:00,22.9245366329956,23.30573075031013,22.72196575698433,23.117130279541016,230235000,0.0,0.0
2021-10-26 00:00:00-04:00,23.93839486421811,25.20571622107296,23.873531450575534,24.664857864379883,485898000,0.0,0.0
2021-10-27 00:00:00-04:00,24.422371980713933,25.0370717258524,24.230775672972076,24.3994197845459,245990000,0.0,0.0
2021-10-28 00:00:00-04:00,24.82551894824574,24.897367563338552,24.471268294233596,24.888385772705078,234204000,0.0,0.0
2021-10-29 00:00:00-04:00,24.94825747657164,25.654764066294884,24.94726013432384,25.513063430786133,292503000,0.0,0.0
2021-11-01 00:00:00-04:00,25.59489225344684,25.839374347203503,25.173781601491516,25.77251625061035,265740000,0.0,0.0
2021-11-02 00:00:00-04:00,25.767527357616604,26.62172056643218,25.74557250420256,26.345304489135742,294112000,0.0,0.0
2021-11-03 00:00:00-04:00,26.613737804003005,26.727497632609634,26.17965600054016,26.541889190673828,239910000,0.0,0.0
2021-11-04 00:00:00-04:00,27.171563087465618,31.298838266325888,27.060797170575963,29.73813819885254,1153631000,0.0,0.0
2021-11-05 00:00:00-04:00,30.123317473930538,31.333757862133087,29.347956214634998,29.68923568725586,851260000,0.0,0.0
2021-11-08 00:00:00-05:00,30.08540230696262,31.034396431529643,29.843912215673015,30.73902130126953,503101000,0.0,0.0
2021-11-09 00:00:00-05:00,32.21390301112386,32.24184382365619,29.900792011768303,30.592329025268555,646746000,0.0,0.0
2021-11-10 00:00:00-05:00,29.29407294809422,30.784920762665642,28.717291247821386,29.396854400634766,636206000,0.0,0.0
2021-11-11 00:00:00-05:00,30.40372414895419,30.525466515020483,29.714181919765508,30.32588768005371,332172000,0.0,0.0
2021-11-12 00:00:00-05:00,29.946690177606644,30.615276800423047,29.567490771834745,30.32588768005371,413054000,0.0,0.0
2021-11-15 00:00:00-05:00,30.487551019532958,30.57935600274197,29.185303594652737,29.96166229248047,384909000,0.0,0.0
2021-11-16 00:00:00-05:00,29.696226196021204,30.32589375894315,29.643336595058535,30.1392879486084,264484000,0.0,0.0
2021-11-17 00:00:00-05:00,30.353830996008032,30.444640534447622,28.739244216455628,29.19927215576172,428508000,0.0,0.0
2021-11-18 00:00:00-05:00,32.2987206204707,32.690889311922675,31.25492578342417,31.608179092407227,781711000,0.0,0.0
2021-11-19 00:00:00-05:00,32.17498516255957,33.018203898804174,31.83769881005684,32.91542053222656,533867000,0.0,0.0
2021-11-22 00:00:00-05:00,33.446291928728265,34.573909183585116,31.832704423703742,31.888586044311523,754335000,0.0,0.0
2021-11-23 00:00:00-05:00,31.468474145181016,32.29173450046671,30.814855236904044,31.67902946472168,532163000,0.0,0.0
2021-11-24 00:00:00-05:00,31.39462055334091,32.78567844000114,30.862744191486737,32.60506057739258,435162000,0.0,0.0
2021-11-26 00:00:00-05:00,32.53122455866597,32.64099310849513,31.283863498749785,31.436540603637695,283069000,0.0,0.0
2021-11-29 00:00:00-05:00,32.297720190128416,33.34151112072589,31.96841454748494,33.30558776855469,454964000,0.0,0.0
2021-11-30 00:00:00-05:00,33.0990155148107,33.28262921213299,31.796770530469267,32.6070556640625,622066000,0.0,0.0
2021-12-01 00:00:00-05:00,33.1529809663594,33.22284154092527,31.317633266156314,31.37252426147461,484368000,0.004,0.0
2021-12-02 00:00:00-05:00,31.15196660239209,32.413454492397044,30.963341136104958,32.06215286254883,472890000,0.0,0.0
2021-12-03 00:00:00-05:00,31.936405556758363,32.06515080587632,30.070121019469727,30.632003784179688,544325000,0.0,0.0
2021-12-06 00:00:00-05:00,29.820618786249153,30.180901433648863,27.98228032790173,29.97730827331543,658938000,0.0,0.0
2021-12-07 00:00:00-05:00,30.895480355032714,32.38451590477449,30.59008680428253,32.36255645751953,593053000,0.0,0.0
2021-12-08 00:00:00-05:00,31.935407148072855,32.22582919300085,31.358554819452596,31.76275062561035,475551000,0.0,0.0
2021-12-09 00:00:00-05:00,31.670932420721524,32.14099894850159,30.367528154513945,30.429405212402344,488507000,0.0,0.0
2021-12-10 00:00:00-05:00,31.088096849224158,31.242789511090688,29.801658853309153,30.137989044189453,488825000,0.0,0.0
2021-12-13 00:00:00-05:00,30.18888146399585,30.23379210383315,28.060119419977152,28.105030059814453,598344000,0.0,0.0
2021-12-14 00:00:00-05:00,27.643950978334946,28.621005425069747,27.19584390568892,28.280683517456055,667035000,0.0,0.0
2021-12-15 00:00:00-05:00,28.3435563263877,30.439383083328448,27.782672993494028,30.39846420288086,698297000,0.0,0.0
2021-12-16 00:00:00-05:00,31.090085593980838,31.098069115239593,28.037165364074696,28.33057975769043,707366000,0.0,0.0
2021-12-17 00:00:00-05:00,27.929388611016584,28.864526871827557,27.704835351962142,27.74575424194336,713758000,0.0,0.0
2021-12-20 00:00:00-05:00,27.250735034271646,28.088066423723266,27.091053166532397,27.663911819458008,461847000,0.0,0.0
2021-12-21 00:00:00-05:00,28.317608716176828,29.062126369769842,27.346541025319663,29.017215728759766,524385000,0.0,0.0
2021-12-22 00:00:00-05:00,28.833580742440954,29.49626062055205,28.392457864198384,29.341567993164062,395184000,0.0,0.0
2021-12-23 00:00:00-05:00,29.69586596971552,29.99926267226298,29.372510460598956,29.58109474182129,343022000,0.0,0.0
2021-12-27 00:00:00-05:00,29.60105129762086,31.025215214480056,29.58109059029503,30.88349723815918,403686000,0.0,0.0
2021-12-28 00:00:00-05:00,31.249766105775617,31.26772997961943,29.952348778754626,30.261734008789062,420591000,0.0,0.0
2021-12-29 00:00:00-05:00,30.212836426014583,30.48728951276,29.30763749732145,29.941375732421875,343139000,0.0,0.0
2021-12-30 00:00:00-05:00,29.76772287739856,30.39647191079737,29.481294496536442,29.527202606201172,308864000,0.0,0.0
2021-12-31 00:00:00-05:00,29.61502640680273,29.97031979961117,29.272707665423898,29.352548599243164,266530000,0.0,0.0
2022-01-03 00:00:00-05:00,29.755748425658155,30.649967690712824,29.725807360139775,30.061140060424805,391547000,0.0,0.0
2022-01-04 00:00:00-05:00,30.216832454107198,30.407452874103246,28.29266437490383,29.231794357299805,527154000,0.0,0.0
2022-01-05 00:00:00-05:00,28.89146324143612,29.357536037891197,27.478279080838995,27.549137115478516,498064000,0.0,0.0
2022-01-06 00:00:00-05:00,27.58506883228335,28.381483256103156,27.01121270492406,28.121999740600586,454186000,0.0,0.0
2022-01-07 00:00:00-05:00,28.085074417160133,28.36551610574402,27.003227178529944,27.19285011291504,409939000,0.0,0.0
2022-01-10 00:00:00-05:00,26.528170402992973,27.4144060158557,25.593032389418763,27.345542907714844,594681000,0.0,0.0
2022-01-11 00:00:00-05:00,27.268699119824706,28.009225072030798,26.785661751752833,27.761716842651367,404089000,0.0,0.0
2022-01-12 00:00:00-05:00,28.011217393989682,28.53816789323049,27.553130003657554,27.9433536529541,383413000,0.0,0.0
2022-01-13 00:00:00-05:00,28.32260611508707,28.42340524447823,26.445343444081608,26.522192001342773,540171000,0.0,0.0
2022-01-14 00:00:00-05:00,26.24773202314796,27.142950637215478,26.1579107320568,26.888456344604492,395832000,0.0,0.0
2022-01-18 00:00:00-05:00,26.20781332431235,26.585062377950432,25.718787337317245,25.85152244567871,424270000,0.0,0.0
2022-01-19 00:00:00-05:00,26.027173172244265,26.49024985304365,25.002213722761,25.017183303833008,488315000,0.0,0.0
2022-01-20 00:00:00-05:00,25.253710832650285,25.528163907695127,24.03014569021503,24.10200309753418,435181000,0.0,0.0
2022-01-21 00:00:00-05:00,23.460278334152008,24.77366268646621,23.216763817208136,23.327543258666992,718958000,0.0,0.0
2022-01-24 00:00:00-05:00,22.28561931721603,23.333531693411643,20.846485838339415,23.32554817199707,913982000,0.0,0.0
2022-01-25 00:00:00-05:00,22.501191486192454,22.89740375021859,21.956277081612978,22.279632568359375,664616000,0.0,0.0
2022-01-26 00:00:00-05:00,23.193812088529306,24.009187801451084,22.255679732041738,22.726741790771484,755959000,0.0,0.0
2022-01-27 00:00:00-05:00,23.52116377527102,23.94731523787376,21.63192420739024,21.900390625,573353000,0.0,0.0
2022-01-28 00:00:00-05:00,21.96825173742082,22.8125710384111,21.253675136018625,22.794607162475586,543774000,0.0,0.0
2022-01-31 00:00:00-05:00,23.135928523427957,24.46029288211656,23.006187716140168,24.43733787536621,564680000,0.0,0.0
2022-02-01 00:00:00-05:00,25.054106568459677,25.095025447548608,23.842518660207173,24.589033126831055,518925000,0.0,0.0
2022-02-02 00:00:00-05:00,25.742740370347118,25.76569347477143,24.50420547493788,25.191837310791016,543419000,0.0,0.0
2022-02-03 00:00:00-05:00,24.409392542148876,25.027161828554508,23.7327404966598,23.900405883789062,410178000,0.0,0.0
2022-02-04 00:00:00-05:00,23.9243556646601,24.586038055795374,23.585031263895463,24.270666122436523,354829000,0.0,0.0
2022-02-07 00:00:00-05:00,24.323564396360993,25.13195412147848,24.153902167281217,24.678857803344727,376868000,0.0,0.0
2022-02-08 00:00:00-05:00,24.310589623943148,25.1798589396147,23.93234311537428,25.058101654052734,410359000,0.0,0.0
2022-02-09 00:00:00-05:00,25.571078226959134,26.671886749229056,25.302613739727306,26.651926040649414,524282000,0.0,0.0
2022-02-10 00:00:00-05:00,25.943338051848187,26.871488159313945,25.549122622898047,25.772676467895508,513200000,0.0,0.0
2022-02-11 00:00:00-05:00,25.864495192370278,26.100026229482054,23.72575451723449,23.901403427124023,605472000,0.0,0.0
2022-02-14 00:00:00-05:00,23.886432615759617,24.825562419077983,23.707787514804277,24.21877098083496,440424000,0.0,0.0
2022-02-15 00:00:00-05:00,24.8994193470862,26.492248355983154,24.734748234236406,26.44234848022461,699869000,0.0,0.0
2022-02-16 00:00:00-05:00,26.206814897463676,26.529172937045136,25.501219224442693,26.45831298828125,732676000,0.0,0.0
2022-02-17 00:00:00-05:00,25.57906520835988,25.73375786543632,24.116978322985712,24.458297729492188,810595000,0.0,0.0
2022-02-18 00:00:00-05:00,24.61897260173139,24.9363413812796,23.054090050944854,23.595012664794922,761255000,0.0,0.0
2022-02-22 00:00:00-05:00,22.989217603574094,24.016171787907638,22.954287318634705,23.3435115814209,633422000,0.0,0.0
2022-02-23 00:00:00-05:00,23.754697128771827,24.106996233636202,22.25668069011676,22.34250831604004,566511000,0.0,0.0
2022-02-24 00:00:00-05:00,20.973233676940158,23.752698549006187,20.8484821049316,23.700801849365234,735801000,0.0,0.0
2022-02-25 00:00:00-05:00,23.673857307735503,24.168869937955396,23.33453287499,24.108989715576172,528866000,0.0,0.0
2022-02-28 00:00:00-05:00,23.944319699810443,24.615982537692595,23.659886251331425,24.336538314819336,477319000,0.0,0.0
2022-03-01 00:00:00-05:00,24.24272310643019,24.328552626962264,23.086026170341224,23.430339813232422,412056000,0.0,0.0
2022-03-02 00:00:00-05:00,23.712826005452477,24.364639111563292,23.372446139998853,24.175981521606445,389642000,0.004,0.0
2022-03-03 00:00:00-05:00,24.217906685184186,24.281791456450637,23.426348571587415,23.6709041595459,365095000,0.0,0.0
2022-03-04 00:00:00-05:00,23.341503399554565,23.63696498590784,22.441142240714978,22.894317626953125,431415000,0.0,0.0
2022-03-07 00:00:00-05:00,22.775536020572545,22.99114500980663,21.291238708054614,21.31319808959961,450821000,0.0,0.0
2022-03-08 00:00:00-05:00,21.270275724010467,22.332341322019484,20.61247291155514,21.474903106689453,557467000,0.0,0.0
2022-03-09 00:00:00-05:00,22.34631612059236,23.17780252535281,22.206571146307404,22.972177505493164,492742000,0.0,0.0
2022-03-10 00:00:00-05:00,22.490051297255544,22.746584183582087,21.842230651130887,22.6168212890625,428066000,0.0,0.0
2022-03-11 00:00:00-05:00,22.98015875370695,23.102936307878903,22.005932721614773,22.05983543395996,367209000,0.0,0.0
2022-03-14 00:00:00-04:00,21.829256910095523,22.221542360192014,21.1205481082041,21.291236877441406,385354000,0.0,0.0
2022-03-15 00:00:00-04:00,21.47889215070773,22.996130111197097,21.28324922029345,22.93124771118164,491996000,0.0,0.0
2022-03-16 00:00:00-04:00,23.457294382081265,24.552300969340088,23.129891326873263,24.45148468017578,671422000,0.0,0.0
2022-03-17 00:00:00-04:00,24.07617083617655,24.79685706155921,23.862559008695648,24.720996856689453,471941000,0.0,0.0
2022-03-18 00:00:00-04:00,24.753932770637824,26.52071662131349,24.579251558233064,26.404926300048828,730719000,0.0,0.0
2022-03-21 00:00:00-04:00,26.45882851334558,27.102656804840144,25.919808947289926,26.685415267944336,591727000,0.0,0.0
2022-03-22 00:00:00-04:00,26.67842208862025,27.18849491345856,26.024613790999855,26.475791931152344,547007000,0.0,0.0
2022-03-23 00:00:00-04:00,26.078520250553925,26.56363709584055,25.52852290161085,25.58741569519043,502120000,0.0,0.0
2022-03-24 00:00:00-04:00,26.118448890609304,28.268533755984528,25.859918794556325,28.09884262084961,877379000,0.0,0.0
2022-03-25 00:00:00-04:00,27.835321724179195,28.306464068102645,27.221439608204165,27.641674041748047,579016000,0.0,0.0
2022-03-28 00:00:00-04:00,27.705557176871118,28.19865887077309,27.15655559634973,28.167715072631836,425494000,0.0,0.0
2022-03-29 00:00:00-04:00,28.64285057154714,28.89339386605595,27.929149831104116,28.60392189025879,488984000,0.0,0.0
2022-03-30 00:00:00-04:00,28.252563440733994,28.444213951833504,27.453018519672682,27.639678955078125,463487000,0.0,0.0
2022-03-31 00:00:00-04:00,27.731507065559907,28.19665973571714,27.220438470476218,27.236408233642578,523440000,0.0,0.0
2022-04-01 00:00:00-04:00,27.325251194574196,27.446031589701068,26.219264969798488,26.663455963134766,517235000,0.0,0.0
2022-04-04 00:00:00-04:00,26.679428397203534,27.507919979186674,26.564637612794822,27.310279846191406,397120000,0.0,0.0
2022-04-05 00:00:00-04:00,27.204472540950196,27.269354953173288,25.773078453703725,25.88387680053711,436615000,0.0,0.0
2022-04-06 00:00:00-04:00,24.888688841537608,25.25402295327637,23.95938093983907,24.362646102905273,703833000,0.0,0.0
2022-04-07 00:00:00-04:00,24.396585485641776,24.677074985912075,23.435336116546427,24.16400909423828,557992000,0.0,0.0
2022-04-08 00:00:00-04:00,23.873534503516744,23.879524117334512,23.02008878589578,23.076984405517578,524781000,0.0,0.0
2022-04-11 00:00:00-04:00,22.173627848560624,22.27943419352608,21.620633863364553,21.877166748046875,575207000,0.0,0.0
2022-04-12 00:00:00-04:00,22.496041696902733,22.683699749756602,21.243321479658512,21.46491813659668,662258000,0.0,0.0
2022-04-13 00:00:00-04:00,21.68851390489682,22.459110293944573,21.416009317470518,22.162649154663086,516943000,0.0,0.0
2022-04-14 00:00:00-04:00,22.464099572114247,22.735606515539892,21.124539407798157,21.2193660736084,569097000,0.0,0.0
2022-04-18 00:00:00-04:00,21.161473248993577,22.047858038582817,21.040692857198728,21.7434139251709,525701000,0.0,0.0
2022-04-19 00:00:00-04:00,21.680521961467626,22.332334974444365,21.27525975281229,22.15765380859375,512781000,0.0,0.0
2022-04-20 00:00:00-04:00,22.476079663374364,22.628801491972297,21.161473633865274,21.442960739135742,468974000,0.0,0.0
2022-04-21 00:00:00-04:00,21.66954608901935,22.351305380675164,19.963652360371036,20.146320343017578,656209000,0.0,0.0
2022-04-22 00:00:00-04:00,20.26610021349829,20.448768187334096,19.464560112515493,19.47953224182129,624713000,0.0,0.0
2022-04-25 00:00:00-04:00,19.167106444428228,19.90875632059273,19.061300069268512,19.865835189819336,641566000,0.0,0.0
2022-04-26 00:00:00-04:00,19.682166873800284,19.75203935812216,18.636071069969407,18.753856658935547,653143000,0.0,0.0
2022-04-27 00:00:00-04:00,18.564198736347848,19.132164853990513,18.256759849659264,18.381532669067383,499460000,0.0,0.0
2022-04-28 00:00:00-04:00,18.932528613649104,20.000585605277607,18.456396224687087,19.746047973632812,570327000,0.0,0.0
2022-04-29 00:00:00-04:00,19.36673991620479,20.091420341877647,18.48334805551463,18.513294219970703,500435000,0.0,0.0
2022-05-02 00:00:00-04:00,18.507305480868084,19.538427232283176,18.35757845927692,19.49750328063965,572049000,0.0,0.0
2022-05-03 00:00:00-04:00,19.364745058425033,19.788973871458698,19.09823006494358,19.566377639770508,475751000,0.0,0.0
2022-05-04 00:00:00-04:00,19.886794272202142,20.36292670436252,18.716923264105464,20.297046661376953,648855000,0.0,0.0
2022-05-05 00:00:00-04:00,19.830894968407897,19.888788220846624,18.466378728953146,18.80975341796875,626331000,0.0,0.0
2022-05-06 00:00:00-04:00,18.701949838466604,19.47653863115754,17.957305306226015,18.64105987548828,633297000,0.0,0.0
2022-05-09 00:00:00-04:00,18.001226735376935,18.221823872571708,16.796419517005482,16.91919708251953,644455000,0.0,0.0
2022-05-10 00:00:00-04:00,17.656851643260232,18.16492737651773,16.99405882150625,17.56302261352539,761474000,0.0,0.0
2022-05-11 00:00:00-04:00,17.315477156303142,17.7207395102495,16.537893425141622,16.59977912902832,670167000,0.0,0.0
2022-05-12 00:00:00-04:00,16.189521927319188,16.75748801691552,15.538707458895326,16.145601272583008,708728000,0.0,0.0
2022-05-13 00:00:00-04:00,16.757487791205303,17.895415223446868,16.56284250978314,17.673818588256836,670437000,0.0,0.0
2022-05-16 00:00:00-04:00,17.477181558942796,17.75567386028926,17.074914055272394,17.23262596130371,521446000,0.0,0.0
2022-05-17 00:00:00-04:00,18.041149425668817,18.33761050359506,17.601950508278644,18.143962860107422,585830000,0.0,0.0
2022-05-18 00:00:00-04:00,17.67282130331116,18.085070787489677,16.833350206512566,16.907215118408203,545161000,0.0,0.0
2022-05-19 00:00:00-04:00,16.906217932771696,17.654854836825514,16.703585856926992,17.092878341674805,621310000,0.0,0.0
2022-05-20 00:00:00-04:00,17.300506956537912,17.37836434024827,15.726371887941493,16.663665771484375,739105000,0.0,0.0
2022-05-23 00:00:00-04:00,16.244422161579827,16.88425788996982,16.149595509541346,16.86728858947754,639889000,0.0,0.0
2022-05-24 00:00:00-04:00,16.479993381421657,16.566835152715054,15.751319657965462,16.1246395111084,588550000,0.0,0.0
2022-05-25 00:00:00-04:00,15.990888366746299,17.079905368342203,15.97092425449637,16.94415283203125,781132000,0.0,0.0
2022-05-26 00:00:00-04:00,16.00685575522456,18.059118973315748,15.992881259502376,17.818557739257812,996575000,0.0,0.0
2022-05-27 00:00:00-04:00,18.152951232834447,18.846687898146087,18.06710707974636,18.77681541442871,738379000,0.0,0.0
2022-05-31 00:00:00-04:00,18.945508098862536,19.165109521892898,18.316653805372184,18.63806915283203,664100000,0.0,0.0
2022-06-01 00:00:00-04:00,18.68997592200463,19.018376635802273,18.089068680481994,18.28670883178711,544514000,0.0,0.0
2022-06-02 00:00:00-04:00,18.258752482034556,19.58334020655113,18.164923472465688,19.55638885498047,648656000,0.0,0.0
2022-06-03 00:00:00-04:00,19.047323404464223,19.296869084599603,18.488339710165604,18.68597984313965,598779000,0.0,0.0
2022-06-06 00:00:00-04:00,19.104216857601944,19.301856968127392,18.53026109692932,18.75185775756836,422406000,0.0,0.0
2022-06-07 00:00:00-04:00,18.43842998315099,18.965470299087695,18.154945715304475,18.891605377197266,388914000,0.0,0.0
2022-06-08 00:00:00-04:00,18.76880616680508,19.149194749604547,18.50523024581006,18.61804962158203,363252000,0.004,0.0
2022-06-09 00:00:00-04:00,18.451315596651252,18.902589231705353,18.01202181811601,18.019010543823242,395574000,0.0,0.0
2022-06-10 00:00:00-04:00,17.571731259755435,17.668575580223607,16.841904493178646,16.94673728942871,465248000,0.0,0.0
2022-06-13 00:00:00-04:00,15.974297907810348,16.285796991229645,15.580930768510546,15.621865272521973,604153000,0.0,0.0
2022-06-14 00:00:00-04:00,15.705732201117623,16.040194149141445,15.387244347607172,15.810564041137695,469680000,0.0,0.0
2022-06-15 00:00:00-04:00,16.069146736449664,16.840905821966867,15.90041852007138,16.50045394897461,563936000,0.0,0.0
2022-06-16 00:00:00-04:00,15.834524897841815,15.916393918477562,15.376262521633423,15.57594108581543,545749000,0.0,0.0
2022-06-17 00:00:00-04:00,15.622864496998716,15.969307235334867,15.303378815321718,15.8544921875,630334000,0.0,0.0
2022-06-21 00:00:00-04:00,16.448535233491057,16.98067807199888,16.380643675300785,16.53938865661621,483089000,0.0,0.0
2022-06-22 00:00:00-04:00,16.199937522982893,16.63523803952557,16.15401188075244,16.333723068237305,437135000,0.0,0.0
2022-06-23 00:00:00-04:00,16.492464841611433,16.558358811416724,15.827535215459164,16.198938369750977,463680000,0.0,0.0
2022-06-24 00:00:00-04:00,16.473495860765993,17.112467212054863,16.2838005267453,17.09848976135254,472153000,0.0,0.0
2022-06-27 00:00:00-04:00,17.284194868332495,17.302165607517388,16.599295854163095,16.84190559387207,427968000,0.0,0.0
2022-06-28 00:00:00-04:00,16.872852064808622,17.17436698853459,15.91938621875453,15.956327438354492,461149000,0.0,0.0
2022-06-29 00:00:00-04:00,15.788595985603974,15.79458591282437,15.14563047564201,15.517032623291016,482352000,0.0,0.0
2022-06-30 00:00:00-04:00,15.336324452753491,15.54199386594336,14.838126440244391,15.134649276733398,686070000,0.0,0.0
2022-07-01 00:00:00-04:00,14.875068383035895,15.03880451331611,14.368882791299097,14.499671936035156,577610000,0.0,0.0
2022-07-05 00:00:00-04:00,14.152230235873315,14.946951112194402,14.032423111650445,14.939962387084961,651397000,0.0,0.0
2022-07-06 00:00:00-04:00,14.985890495457909,15.29439418107764,14.765244805229912,15.105697631835938,529066000,0.0,0.0
2022-07-07 00:00:00-04:00,15.431173417202471,15.919387306256189,15.364280650557577,15.832527160644531,492903000,0.0,0.0
2022-07-08 00:00:00-04:00,15.405215450126937,16.01124079035871,15.364280941862427,15.812560081481934,467972000,0.0,0.0
2022-07-11 00:00:00-04:00,15.501060543530391,15.502059340934558,15.013844503778325,15.12766170501709,437321000,0.0,0.0
2022-07-12 00:00:00-04:00,15.243474689136713,15.406212969174792,14.85310295738434,15.05777359008789,458483000,0.0,0.0
2022-07-13 00:00:00-04:00,14.56656436693939,15.350303276177021,14.441765153311936,15.139641761779785,521918000,0.0,0.0
2022-07-14 00:00:00-04:00,15.083732275086524,15.448145758029392,14.70434254342208,15.347308158874512,456235000,0.0,0.0
2022-07-15 00:00:00-04:00,15.633844854727334,15.756646452854604,15.420187936175017,15.736679077148438,385935000,0.0,0.0
2022-07-18 00:00:00-04:00,16.275813524039364,16.8698570674019,15.976296187145689,16.075136184692383,670517000,0.0,0.0
2022-07-19 00:00:00-04:00,16.459518688005346,17.08251690860308,16.146023887163786,16.964706420898438,702366000,0.0,0.0
2022-07-20 00:00:00-04:00,16.919781096788945,17.9041974948796,16.774015685938632,17.778398513793945,760538000,0.0,0.0
2022-07-21 00:00:00-04:00,17.856271659241287,18.11485450174296,17.516817646879083,18.021005630493164,557049000,0.0,0.0
2022-07-22 00:00:00-04:00,17.864255040385185,17.93813556729671,17.10946901549391,17.29117774963379,536671000,0.0,0.0
2022-07-25 00:00:00-04:00,16.991665289176893,17.0964980984256,16.62226060379571,16.996658325195312,480748000,0.0,0.0
2022-07-26 00:00:00-04:00,16.86187210310339,16.89182460135965,16.451532969702946,16.506444931030273,397865000,0.0,0.0
2022-07-27 00:00:00-04:00,17.00464126060537,17.9071904085924,16.885832927058424,17.761425018310547,569776000,0.0,0.0
2022-07-28 00:00:00-04:00,17.946126134465974,18.11086009552277,17.411985687188125,17.955110549926758,474646000,0.0,0.0
2022-07-29 00:00:00-04:00,17.784387118127725,18.214694569102246,17.663581188162542,18.133825302124023,435460000,0.0,0.0
2022-08-01 00:00:00-04:00,18.152797867160455,18.815732907355017,17.961106793902616,18.4113826751709,476469000,0.0,0.0
2022-08-02 00:00:00-04:00,18.09289023442921,18.907579472181585,18.062937738115096,18.496240615844727,489527000,0.0,0.0
2022-08-03 00:00:00-04:00,18.154791057227346,18.937532114170036,18.10786566973609,18.862651824951172,418146000,0.0,0.0
2022-08-04 00:00:00-04:00,18.818724113299595,19.243040681587424,18.72986637165179,19.18413543701172,409652000,0.0,0.0
2022-08-05 00:00:00-04:00,18.779784678395007,19.198112256942917,18.636016886602366,18.958498001098633,386068000,0.0,0.0
2022-08-08 00:00:00-04:00,17.473886632127186,18.2097022715193,17.214304052200333,17.76441764831543,981859000,0.0,0.0
2022-08-09 00:00:00-04:00,17.224287400886112,17.418973850532034,16.697135695647425,17.05855369567871,668263000,0.0,0.0
2022-08-10 00:00:00-04:00,17.66956911758063,18.088894487490233,17.289180654581262,18.067928314208984,597422000,0.0,0.0
2022-08-11 00:00:00-04:00,18.101878818020555,18.67695387002045,17.84728732822926,17.91318130493164,509327000,0.0,0.0
2022-08-12 00:00:00-04:00,18.130829518331936,18.687933769017686,17.92416129028976,18.67894744873047,478094000,0.0,0.0
2022-08-15 00:00:00-04:00,18.670959037819138,19.133214622291845,18.583101055571028,19.001426696777344,457666000,0.0,0.0
2022-08-16 00:00:00-04:00,18.88961119385509,19.111254744277208,18.471283557711025,18.848676681518555,451240000,0.0,0.0
2022-08-17 00:00:00-04:00,18.49324543441833,18.65797938877472,18.115852393296763,18.305545806884766,446799000,0.0,0.0
2022-08-18 00:00:00-04:00,18.271605449183827,18.83469872730568,18.153794950823045,18.742847442626953,415447000,0.0,0.0
2022-08-19 00:00:00-04:00,18.37643021818228,18.490247392890844,17.741452295596194,17.82032585144043,441588000,0.0,0.0
2022-08-22 00:00:00-04:00,17.46190444615827,17.529796005514974,16.93874601388548,17.006637573242188,409593000,0.0,0.0
2022-08-23 00:00:00-04:00,16.961711297149357,17.436946542201706,16.94274081093071,17.15340232849121,369986000,0.0,0.0
2022-08-24 00:00:00-04:00,16.984674160286165,17.378042316071028,16.867863413110875,17.194337844848633,522661000,0.0,0.0
2022-08-25 00:00:00-04:00,16.816942772656006,17.918171626071466,16.805960762250074,17.884225845336914,770691000,0.0,0.0
2022-08-26 00:00:00-04:00,17.82831787419481,17.895209693014834,16.210919131366463,16.233882904052734,769127000,0.0,0.0
2022-08-29 00:00:00-04:00,15.994266622399852,16.31175468886111,15.741672771666877,15.775617599487305,496132000,0.0,0.0
2022-08-30 00:00:00-04:00,15.934363667656111,16.013236290955273,15.157613482274343,15.443154335021973,530181000,0.0,0.0
2022-08-31 00:00:00-04:00,15.359287767857783,15.515037314685223,14.93497027531041,15.069753646850586,573710000,0.0,0.0
2022-09-01 00:00:00-04:00,14.186177151435565,14.356902971270143,13.248686195036969,13.9146146774292,1178865000,0.0,0.0
2022-09-02 00:00:00-04:00,14.07735255557611,14.148237660215658,13.569169349058186,13.625080108642578,743157000,0.0,0.0
2022-09-06 00:00:00-04:00,13.708942355163417,13.75686558272209,13.329552676036796,13.44336986541748,535751000,0.0,0.0
2022-09-07 00:00:00-04:00,13.545237877389667,13.819878314045399,13.328522048866603,13.696040153503418,512657000,0.004,0.0
2022-09-08 00:00:00-04:00,13.44137306668779,13.989654808399921,13.351491735146373,13.971677780151367,624873000,0.0,0.0
2022-09-09 00:00:00-04:00,14.138460938492864,14.455046214271212,14.1075023483973,14.368160247802734,486612000,0.0,0.0
2022-09-12 00:00:00-04:00,14.350181361214242,14.527947731810595,14.179404839818012,14.486002922058105,484159000,0.0,0.0
2022-09-13 00:00:00-04:00,13.783926637848186,13.903769386262226,13.081847131926162,13.113804817199707,714956000,0.0,0.0
2022-09-14 00:00:00-04:00,13.23664185667735,13.272594961389391,12.896088837173366,13.110807418823242,588507000,0.0,0.0
2022-09-15 00:00:00-04:00,12.997954265186072,13.215668204044421,12.773248572458732,12.912066459655762,523625000,0.0,0.0
2022-09-16 00:00:00-04:00,12.725312420987274,13.194697165247513,12.600476123758247,13.180715560913086,670751000,0.0,0.0
2022-09-19 00:00:00-04:00,12.994958979609367,13.445368542937578,12.99296174366855,13.364474296569824,569685000,0.0,0.0
2022-09-20 00:00:00-04:00,13.197691379981011,13.465340007846075,13.039898333195593,13.15874195098877,524818000,0.0,0.0
2022-09-21 00:00:00-04:00,13.195695797303914,14.012624337752102,13.092830051959995,13.243632316589355,807679000,0.0,0.0
2022-09-22 00:00:00-04:00,13.052882186314475,13.131779194049958,12.411723754768438,12.544548988342285,759162000,0.0,0.0
2022-09-23 00:00:00-04:00,12.403734995875771,12.594484849369591,12.240948352013458,12.499608993530273,663309000,0.0,0.0
2022-09-26 00:00:00-04:00,12.47464261841831,12.642422835414386,12.198004936367159,12.211986541748047,547343000,0.0,0.0
2022-09-27 00:00:00-04:00,12.490619571943231,12.719319742448128,12.241946090666989,12.396742820739746,553854000,0.0,0.0
2022-09-28 00:00:00-04:00,12.393747031367376,12.806206250600736,12.337820615857858,12.719320297241211,542414000,0.0,0.0
2022-09-29 00:00:00-04:00,12.431697751600325,12.483629696855662,11.930355327743255,12.203996658325195,532763000,0.0,0.0
2022-09-30 00:00:00-04:00,12.071169294217576,12.616454666511402,12.059184927057526,12.123101234436035,565638000,0.0,0.0
2022-10-03 00:00:00-04:00,12.330830178093539,12.661397019747188,12.089146528346182,12.495614051818848,547478000,0.0,0.0
2022-10-04 00:00:00-04:00,12.862133487134708,13.202687472797923,12.862133487134708,13.14975643157959,584182000,0.0,0.0
2022-10-05 00:00:00-04:00,12.894090885519283,13.30355376155447,12.604470732780348,13.191699981689453,507131000,0.0,0.0
2022-10-06 00:00:00-04:00,13.20268765696208,13.638116551801618,13.085840298412162,13.112805366516113,644157000,0.0,0.0
2022-10-07 00:00:00-04:00,12.488623513159082,12.653407390361005,12.00625625011576,12.060185432434082,672478000,0.0,0.0
2022-10-10 00:00:00-04:00,12.02123547777354,12.108121431783047,11.3930595354897,11.654716491699219,698699000,0.0,0.0
2022-10-11 00:00:00-04:00,11.545858700912863,11.830485290733634,11.26822291287926,11.570826530456543,667482000,0.0,0.0
2022-10-12 00:00:00-04:00,11.563837549253588,11.719632448977713,11.330143771029212,11.484940528869629,492590000,0.0,0.0
2022-10-13 00:00:00-04:00,10.956630918111395,12.06218142250349,10.798837859501226,11.9443359375,850103000,0.0,0.0
2022-10-14 00:00:00-04:00,12.041209377307327,12.095138555665246,11.18932684468692,11.212296485900879,713432000,0.0,0.0
2022-10-17 00:00:00-04:00,11.502914550195962,11.932351684916148,11.501916408490736,11.872429847717285,580774000,0.0,0.0
2022-10-18 00:00:00-04:00,12.327835405313065,12.475641363236987,11.602786269324618,11.951329231262207,659362000,0.0,0.0
2022-10-19 00:00:00-04:00,11.863443550233667,12.333827422065536,11.818502403849406,12.035218238830566,523131000,0.0,0.0
2022-10-20 00:00:00-04:00,12.09713671776913,12.752277756580911,12.089146821227374,12.178030967712402,652398000,0.0,0.0
2022-10-21 00:00:00-04:00,12.082154643546934,12.481631329078258,11.871431503871706,12.44967269897461,609494000,0.0,0.0
2022-10-24 00:00:00-04:00,12.491620026626292,12.69335515427323,12.048201240588062,12.582500457763672,517457000,0.0,0.0
2022-10-25 00:00:00-04:00,12.677375456026189,13.28258175046069,12.647414059994293,13.243632316589355,505482000,0.0,0.0
2022-10-26 00:00:00-04:00,12.852146223274735,13.370465602720852,12.691356829552692,12.879110336303711,532953000,0.0,0.0
2022-10-27 00:00:00-04:00,13.612147782251093,13.819875530409153,13.104812778282382,13.15874195098877,583113000,0.0,0.0
2022-10-28 00:00:00-04:00,13.086839145065817,13.831862475965329,13.043895236732384,13.815882682800293,521040000,0.0,0.0
2022-10-31 00:00:00-04:00,13.75995453895472,13.819876374747915,13.279584568203138,13.47932243347168,486341000,0.0,0.0
2022-11-01 00:00:00-04:00,13.79291342524304,13.906764454492945,13.501296001998105,13.525264739990234,432817000,0.0,0.0
2022-11-02 00:00:00-04:00,13.831863950351211,14.1913921912309,13.19370077514511,13.201689720153809,672628000,0.0,0.0
2022-11-03 00:00:00-04:00,13.025919033651268,13.762952460821824,12.93903307601992,13.403423309326172,500065000,0.0,0.0
2022-11-04 00:00:00-04:00,13.967682330980322,14.21036409974022,13.679060329272222,14.137459754943848,612576000,0.0,0.0
2022-11-07 00:00:00-05:00,14.209367030009965,14.393126083132001,13.93572663883021,14.282271385192871,410061000,0.0,0.0
2022-11-08 00:00:00-05:00,14.781614983674388,14.871497264348415,14.197381111718515,14.582876205444336,595292000,0.0,0.0
2022-11-09 00:00:00-05:00,14.143454531625968,14.192391105096668,13.740982382953218,13.757960319519043,454414000,0.0,0.0
2022-11-10 00:00:00-05:00,14.78061644211266,15.752341664941923,14.527947540373134,15.729372024536133,700819000,0.0,0.0
2022-11-11 00:00:00-05:00,15.786299758724766,16.367537366980358,15.461725560041561,16.305618286132812,655487000,0.0,0.0
2022-11-14 00:00:00-05:00,16.196758035135932,16.518336781624008,15.90114525664208,16.273656845092773,527852000,0.0,0.0
2022-11-15 00:00:00-05:00,16.700102908154662,16.975740560635188,16.360547980780158,16.644176483154297,545876000,0.0,0.0
2022-11-16 00:00:00-05:00,16.14083669473539,16.340573654033275,15.852214626544084,15.889165878295898,649547000,0.0,0.0
2022-11-17 00:00:00-05:00,15.69441777474664,16.244696708857624,15.514653221034854,15.65646743774414,710894000,0.0,0.0
2022-11-18 00:00:00-05:00,15.94508842788451,15.981042481409775,15.100196742798564,15.388818740844727,492072000,0.0,0.0
2022-11-21 00:00:00-05:00,15.127163364237928,15.456731110524126,15.060250720781186,15.296940803527832,404739000,0.0,0.0
2022-11-22 00:00:00-05:00,15.307926177427646,16.03697064838447,15.10219563199428,16.016996383666992,472866000,0.0,0.0
2022-11-23 00:00:00-05:00,16.076917762150764,16.505356800578657,16.026984003688426,16.497365951538086,427241000,0.0,0.0
2022-11-25 00:00:00-05:00,16.29663094123332,16.46540834086165,16.15082223246227,16.248693466186523,167934000,0.0,0.0
2022-11-28 00:00:00-05:00,16.005012266171555,16.335580086090914,15.704407750431818,15.806273460388184,303741000,0.0,0.0
2022-11-29 00:00:00-05:00,15.806272346937764,15.9111353323506,15.499675191959904,15.618518829345703,298384000,0.0,0.0
2022-11-30 00:00:00-05:00,15.680450741353981,16.912151586236597,15.580556739527186,16.90515899658203,565298000,0.004,0.0
2022-12-01 00:00:00-05:00,16.98108321190143,17.246801683339985,16.617466556173586,17.116939544677734,470977000,0.0,0.0
2022-12-02 00:00:00-05:00,16.641441188481675,16.91515254992387,16.427666051305167,16.858211517333984,371389000,0.0,0.0
2022-12-05 00:00:00-05:00,16.661420572590046,16.977087481695534,16.45463802657284,16.592493057250977,352255000,0.0,0.0
2022-12-06 00:00:00-05:00,16.512574928841648,16.555528867031303,15.802324015737545,15.970147132873535,352694000,0.0,0.0
2022-12-07 00:00:00-05:00,15.7553764476407,16.16894059762961,15.650486623430005,16.103010177612305,372388000,0.0,0.0
2022-12-08 00:00:00-05:00,16.255846411030678,17.16089148149892,15.942176334261013,17.150901794433594,515456000,0.0,0.0
2022-12-09 00:00:00-05:00,17.141910790847255,17.564465224613613,16.957106340396344,16.983078002929688,465338000,0.0,0.0
2022-12-12 00:00:00-05:00,17.019039641707874,17.519510920881718,16.77929288691793,17.51651382446289,457328000,0.0,0.0
2022-12-13 00:00:00-05:00,18.511469596335157,18.7701974035508,17.692334131047183,18.052953720092773,656589000,0.0,0.0
2022-12-14 00:00:00-05:00,17.9680385827717,18.232760529632582,17.401636847702704,17.65536880493164,496888000,0.0,0.0
2022-12-15 00:00:00-05:00,17.127921595408722,17.301737920767152,16.682392700233958,16.934125900268555,478542000,0.0,0.0
2022-12-16 00:00:00-05:00,16.846222027891535,17.023035477455014,16.39270016925894,16.553529739379883,478232000,0.0,0.0
2022-12-19 00:00:00-05:00,16.554527689533725,16.591487428402555,16.12797785448351,16.236862182617188,354039000,0.0,0.0
2022-12-20 00:00:00-05:00,16.047064984160826,16.292805947862565,15.83528952764598,16.068042755126953,403260000,0.0,0.0
2022-12-21 00:00:00-05:00,16.097011404935554,16.60947103919092,16.08502301997595,16.48360252380371,325025000,0.0,0.0
2022-12-22 00:00:00-05:00,16.077033433532407,16.120987673315565,14.866311240758934,15.322829246520996,565045000,0.0,0.0
2022-12-23 00:00:00-05:00,15.179979376887854,15.322828265363803,14.867309638492962,15.189969062805176,349326000,0.0,0.0
2022-12-27 00:00:00-05:00,15.05810983428577,15.084082448789612,14.04118237491811,14.106114387512207,464902000,0.0,0.0
2022-12-28 00:00:00-05:00,13.91231774666642,14.246964616812692,13.869362857654098,14.02120304107666,351066000,0.0,0.0
2022-12-29 00:00:00-05:00,14.38681810611413,14.667521065652995,14.212002397327266,14.587605476379395,354923000,0.0,0.0
2022-12-30 00:00:00-05:00,14.318889147477543,14.613578243254633,14.217995786415349,14.598594665527344,310490000,0.0,0.0
2023-01-03 00:00:00-05:00,14.835344825073602,14.980192432307444,14.081140585137454,14.299909591674805,401277000,0.0,0.0
2023-01-04 00:00:00-05:00,14.5516444923479,14.837342302451898,14.225987933937839,14.733451843261719,431324000,0.0,0.0
2023-01-05 00:00:00-05:00,14.475725368544696,14.548648374304229,14.133086509590795,14.249963760375977,389168000,0.0,0.0
2023-01-06 00:00:00-05:00,14.45874080807322,14.99417598326044,14.019205095866276,14.843335151672363,405044000,0.0,0.0
2023-01-09 00:00:00-05:00,15.267888310654865,16.03907384357529,15.125038456294371,15.611525535583496,504231000,0.0,0.0
2023-01-10 00:00:00-05:00,15.490654302177573,15.945174618132851,15.455691347514714,15.892230987548828,384101000,0.0,0.0
2023-01-11 00:00:00-05:00,15.823302234215715,16.011103777484436,15.546593810156406,15.984131813049316,353285000,0.0,0.0
2023-01-12 00:00:00-05:00,16.083023487699602,16.6194559898642,15.475663848165352,16.493589401245117,551409000,0.0,0.0
2023-01-13 00:00:00-05:00,16.260841726815173,16.904163911762296,16.147961873227626,16.881187438964844,447287000,0.0,0.0
2023-01-17 00:00:00-05:00,16.881188834859515,17.709315551841687,16.881188834859515,17.68334197998047,511102000,0.0,0.0
2023-01-18 00:00:00-05:00,17.648375934651437,17.854158152300805,17.263781558432793,17.35868263244629,439624000,0.0,0.0
2023-01-19 00:00:00-05:00,17.01804399666776,17.17887551290729,16.71336705566109,16.747329711914062,452932000,0.0,0.0
2023-01-20 00:00:00-05:00,16.99306612778277,17.83717652058434,16.807263297293154,17.820194244384766,564967000,0.0,0.0
2023-01-23 00:00:00-05:00,18.04495979923427,19.224716691811057,17.799220697894288,19.172771453857422,655163000,0.0,0.0
2023-01-24 00:00:00-05:00,18.807151961874666,19.47444892004992,18.80015937186395,19.24468994140625,496204000,0.0,0.0
2023-01-25 00:00:00-05:00,18.893061849004603,19.349580807071824,18.560412717739826,19.302629470825195,449537000,0.0,0.0
2023-01-26 00:00:00-05:00,19.680230760238217,20.14474069411191,19.257676365647274,19.781124114990234,489535000,0.0,0.0
2023-01-27 00:00:00-05:00,19.441480911459067,20.60625195178664,19.38454179975137,20.343528747558594,542142000,0.0,0.0
2023-01-30 00:00:00-05:00,19.928969317759073,20.11876764644554,19.129811540746857,19.141799926757812,488611000,0.0,0.0
2023-01-31 00:00:00-05:00,19.14979328260832,19.66624851924581,18.930025867048208,19.516407012939453,498017000,0.0,0.0
2023-02-01 00:00:00-05:00,19.670240457303972,21.16965745715704,19.590324874698545,20.920921325683594,660477000,0.0,0.0
2023-02-02 00:00:00-05:00,20.977861172359162,21.925860113730366,20.6781782034606,21.686113357543945,564276000,0.0,0.0
2023-02-03 00:00:00-05:00,20.9778619200745,21.72207738368297,20.76708391302964,21.077756881713867,429366000,0.0,0.0
2023-02-06 00:00:00-05:00,20.784069803716758,21.547264471015012,20.764090426847382,21.0667724609375,452197000,0.0,0.0
2023-02-07 00:00:00-05:00,21.35945743743857,22.235533645141338,21.127701678917113,22.14962387084961,664150000,0.0,0.0
2023-02-08 00:00:00-05:00,22.363402219773526,22.85388581150765,21.984801992541126,22.181594848632812,559651000,0.0,0.0
2023-02-09 00:00:00-05:00,22.58216918763524,22.99573229825379,22.09668147789324,22.313451766967773,523876000,0.0,0.0
2023-02-10 00:00:00-05:00,21.667135439240298,22.05472500108008,20.789062350237074,21.242582321166992,550737000,0.0,0.0
2023-02-13 00:00:00-05:00,21.515293472026823,22.024756028474826,20.939900511928794,21.765029907226562,474919000,0.0,0.0
2023-02-14 00:00:00-05:00,21.55525189893666,23.024701862590533,21.343475492983863,22.94678497314453,675474000,0.0,0.0
2023-02-15 00:00:00-05:00,22.52522629397233,22.83090343317728,22.082694463199154,22.739999771118164,420575000,0.0,0.0
2023-02-16 00:00:00-05:00,22.109669887606003,22.5262301612366,21.90388764913277,21.978809356689453,412026000,0.0,0.0
2023-02-17 00:00:00-05:00,21.608199514245356,21.717083871627388,20.952890859592024,21.365455627441406,465888000,0.0,0.0
2023-02-21 00:00:00-05:00,20.97786783085572,21.47134667967236,20.596270456036997,20.63323211669922,410015000,0.0,0.0
2023-02-22 00:00:00-05:00,20.685172986353002,21.081753858938534,20.399473261638228,20.73212242126465,513184000,0.0,0.0
2023-02-23 00:00:00-05:00,23.415292346798566,23.862820062689913,23.0007288852004,23.639055252075195,1117995000,0.0,0.0
2023-02-24 00:00:00-05:00,23.200519010604086,23.449257089535415,22.922812171124363,23.26145362854004,589716000,0.0,0.0
2023-02-27 00:00:00-05:00,23.6450473658971,23.854825071141974,23.429275467548678,23.476224899291992,452994000,0.0,0.0
2023-02-28 00:00:00-05:00,23.347365942780517,23.79988950766087,23.181540538896495,23.191530227661133,455963000,0.0,0.0
2023-03-01 00:00:00-05:00,23.167552933250114,23.231486553591107,22.48427391696802,22.674074172973633,460026000,0.0,0.0
2023-03-02 00:00:00-05:00,22.464295399339527,23.355353400499368,22.40835276964801,23.2894229888916,389415000,0.0,0.0
2023-03-03 00:00:00-05:00,23.295419675920705,23.874808261321643,23.10561940844885,23.864818572998047,412393000,0.0,0.0
2023-03-06 00:00:00-05:00,23.865815628810815,24.222437736222577,23.462240277861365,23.529170989990234,437429000,0.0,0.0
2023-03-07 00:00:00-05:00,23.579126969767078,24.10366224367853,23.220443334628193,23.26740264892578,515154000,0.004,0.0
2023-03-08 00:00:00-05:00,23.466220668363224,24.178591130567902,23.40327667859649,24.15960693359375,513573000,0.0,0.0
2023-03-09 00:00:00-05:00,24.153616530475606,24.432370990770355,23.36231723479036,23.415271759033203,501257000,0.0,0.0
2023-03-10 00:00:00-05:00,23.388296345871805,23.60610394776299,22.705899859992172,22.94468879699707,474866000,0.0,0.0
2023-03-13 00:00:00-04:00,22.731876826184696,23.2773934204727,22.27727934666776,22.94568634033203,421890000,0.0,0.0
2023-03-14 00:00:00-04:00,23.475219568886814,24.197579694405405,23.439250204223796,24.041717529296875,474910000,0.0,0.0
2023-03-15 00:00:00-04:00,23.739983668370748,24.264518937841256,23.33933927282555,24.206571578979492,524486000,0.0,0.0
2023-03-16 00:00:00-04:00,24.00574890060099,25.565367136764166,23.872865210794142,25.518409729003906,583253000,0.0,0.0
2023-03-17 00:00:00-04:00,25.95902028263856,26.375651279421106,25.645296921004547,25.702247619628906,848547000,0.0,0.0
2023-03-20 00:00:00-04:00,25.59234458217973,26.000983238469185,25.107772930663263,25.877092361450195,432747000,0.0,0.0
2023-03-21 00:00:00-04:00,26.156846636843376,26.36865903671038,25.358553488198883,26.17582893371582,547408000,0.0,0.0
2023-03-22 00:00:00-04:00,26.40162837848802,27.56460037448036,26.213794924295495,26.444591522216797,797295000,0.0,0.0
2023-03-23 00:00:00-04:00,27.091013428458744,27.47467451370751,26.666390152210152,27.166946411132812,564889000,0.0,0.0
2023-03-24 00:00:00-04:00,27.007093717949058,27.14297311837725,26.331690982855743,26.75531578063965,454920000,0.0,0.0
2023-03-27 00:00:00-04:00,26.813266991321488,26.97612295141189,26.34168427554185,26.507537841796875,361026000,0.0,0.0
2023-03-28 00:00:00-04:00,26.42360847823861,26.489550086858387,25.827136394951317,26.386640548706055,356104000,0.0,0.0
2023-03-29 00:00:00-04:00,26.80127663568218,27.054051235079495,26.573477639400732,26.960134506225586,393694000,0.0,0.0
2023-03-30 00:00:00-04:00,27.204920580045023,27.47468226741287,27.078032082373483,27.358783721923828,364516000,0.0,0.0
2023-03-31 00:00:00-04:00,27.115992391152133,27.809378749397688,27.081023503257455,27.752429962158203,433933000,0.0,0.0
2023-04-03 00:00:00-04:00,27.484673356173086,27.975238365719044,27.31182601230269,27.940269470214844,398716000,0.0,0.0
2023-04-04 00:00:00-04:00,27.941265336695817,27.975235662091706,27.28284778669967,27.42871856689453,368592000,0.0,0.0
2023-04-05 00:00:00-04:00,26.8052732678004,26.97412252588098,26.371657076286322,26.857227325439453,515015000,0.0,0.0
2023-04-06 00:00:00-04:00,26.56048222709689,27.056043732756507,26.40362152801034,27.01308250427246,397654000,0.0,0.0
2023-04-10 00:00:00-04:00,26.799271829970202,27.596566239736116,26.645408732025025,27.554603576660156,395279000,0.0,0.0
2023-04-11 00:00:00-04:00,27.699477407319026,27.76541901115848,27.1020048950003,27.144968032836914,314378000,0.0,0.0
2023-04-12 00:00:00-04:00,27.345795224515363,27.443708127929558,26.424609743141254,26.471569061279297,446259000,0.0,0.0
2023-04-13 00:00:00-04:00,26.710354492654048,26.863219050562652,26.305713912619126,26.439594268798828,353615000,0.0,0.0
2023-04-14 00:00:00-04:00,26.48055798084649,26.859222480822282,26.196808771126577,26.734333038330078,395660000,0.0,0.0
2023-04-17 00:00:00-04:00,26.541501373639374,26.98211125376257,26.40961817014211,26.97811508178711,321471000,0.0,0.0
2023-04-18 00:00:00-04:00,27.508648184223265,28.08513749604695,27.332803260522113,27.642528533935547,604812000,0.0,0.0
2023-04-19 00:00:00-04:00,27.336798357649375,27.97523308017652,27.207912752047683,27.906293869018555,358660000,0.0,0.0
2023-04-20 00:00:00-04:00,27.646526498743864,28.005210147455717,26.976120423056454,27.080028533935547,427713000,0.0,0.0
2023-04-21 00:00:00-04:00,26.928160559616323,27.15895713906588,26.698364452495547,27.095012664794922,345103000,0.0,0.0
2023-04-24 00:00:00-04:00,26.989107985798988,27.341794498427166,26.647409518060194,27.018081665039062,339282000,0.0,0.0
2023-04-25 00:00:00-04:00,27.05404825153496,27.22289939376249,26.20180400715183,26.217788696289062,378527000,0.0,0.0
2023-04-26 00:00:00-04:00,26.978116353168147,27.305825338536614,26.6813781784844,26.93215560913086,406337000,0.0,0.0
2023-04-27 00:00:00-04:00,27.338799421481617,27.47068264242289,26.601451283130864,27.201919555664062,377161000,0.0,0.0
2023-04-28 00:00:00-04:00,27.20091822175991,27.733445790564733,27.047053209206922,27.724454879760742,292216000,0.0,0.0
2023-05-01 00:00:00-04:00,27.81537477855387,29.032297830068675,27.755428384065603,28.884428024291992,570329000,0.0,0.0
2023-05-02 00:00:00-04:00,28.65463265110566,28.81049480525915,28.05816057967745,28.185047149658203,402730000,0.0,0.0
2023-05-03 00:00:00-04:00,27.815377004737694,28.341911325325526,27.44770245263645,27.77741050720215,383387000,0.0,0.0
2023-05-04 00:00:00-04:00,27.626540615871196,27.834356814204146,27.21590486366876,27.537620544433594,321850000,0.0,0.0
2023-05-05 00:00:00-04:00,27.801389698676097,28.72956699907564,27.70647440681242,28.654634475708008,361494000,0.0,0.0
2023-05-08 00:00:00-04:00,28.49677215933893,29.194154745050692,28.32492531170623,29.125215530395508,344979000,0.0,0.0
2023-05-09 00:00:00-04:00,28.8734434541326,28.947377417965907,28.424841120029985,28.545732498168945,314869000,0.0,0.0
2023-05-10 00:00:00-04:00,28.979340255597467,29.087246422237794,28.4358227789123,28.859447479248047,369350000,0.0,0.0
2023-05-11 00:00:00-04:00,28.870436678697747,28.92438976061745,28.221012090955064,28.552717208862305,322149000,0.0,0.0
2023-05-12 00:00:00-04:00,28.503767705541893,28.754547072904792,28.02119507868358,28.3149356842041,274222000,0.0,0.0
2023-05-15 00:00:00-04:00,28.48278306832434,28.943375739340738,28.12709896933045,28.92738914489746,293926000,0.0,0.0
2023-05-16 00:00:00-04:00,28.81549166758805,29.84358282076136,28.80650075563799,29.187162399291992,449405000,0.0,0.0
2023-05-17 00:00:00-04:00,29.557833570142268,30.17228939441913,29.403970448812785,30.151308059692383,432535000,0.0,0.0
2023-05-18 00:00:00-04:00,30.383107925118658,31.799853239184543,30.29318736072945,31.649986267089844,748725000,0.0,0.0
2023-05-19 00:00:00-04:00,31.508107900453748,31.55206961057156,30.888657314495276,31.23634910583496,473908000,0.0,0.0
2023-05-22 00:00:00-04:00,30.8736696538163,31.492123586083498,30.652866345174697,31.148427963256836,372000000,0.0,0.0
2023-05-23 00:00:00-04:00,30.972580557946717,31.260325929202107,30.603907456096916,30.660856246948242,356253000,0.0,0.0
2023-05-24 00:00:00-04:00,30.183279227752074,30.579929358273947,29.77963722467679,30.510990142822266,721419000,0.0,0.0
2023-05-25 00:00:00-04:00,38.488926318360186,39.44508061098546,36.60259571255149,37.946407318115234,1543911000,0.0,0.0
2023-05-26 00:00:00-04:00,37.85648296620509,39.13534949472907,37.51678356815055,38.91154861450195,714397000,0.0,0.0
2023-05-30 00:00:00-04:00,40.55908873369142,41.90089915076008,39.913660310959735,40.07551574707031,923401000,0.0,0.0
2023-05-31 00:00:00-04:00,39.453069566174214,40.25935493570893,37.78854287268503,37.800533294677734,1002580000,0.0,0.0
2023-06-01 00:00:00-04:00,38.45495609590561,40.01457626339759,38.306089619716126,39.734825134277344,635873000,0.0,0.0
2023-06-02 00:00:00-04:00,40.061536692451796,40.46418014077918,39.0234541630698,39.29221725463867,482731000,0.0,0.0
2023-06-05 00:00:00-04:00,38.87459083409057,39.53000892549244,38.672769810202105,39.13636016845703,396094000,0.0,0.0
2023-06-06 00:00:00-04:00,38.79566268178252,39.12536886577813,38.114262787053896,38.619815826416016,388729000,0.0,0.0
2023-06-07 00:00:00-04:00,38.88460601702987,39.46814951284709,37.32682176637619,37.44572830200195,511998000,0.004,0.0
2023-06-08 00:00:00-04:00,37.694537790431326,38.83364687712899,37.47571086548645,38.479923248291016,417772000,0.0,0.0
2023-06-09 00:00:00-04:00,39.006501462599836,39.67997469301632,38.536871237623615,38.73971176147461,427717000,0.0,0.0
2023-06-12 00:00:00-04:00,39.16938300880245,39.499123275212575,38.58783685686491,39.4511604309082,388701000,0.0,0.0
2023-06-13 00:00:00-04:00,40.154617863223834,41.06890421553936,39.708967017457006,40.98996353149414,613208000,0.0,0.0
2023-06-14 00:00:00-04:00,40.79211040782438,42.966409248322705,40.52031971750945,42.96341323852539,740465000,0.0,0.0
2023-06-15 00:00:00-04:00,42.56872727104233,43.2551909701653,42.11408081517457,42.619686126708984,568622000,0.0,0.0
2023-06-16 00:00:00-04:00,43.41605669949975,43.68684489706271,42.627671619358104,42.65864944458008,655709000,0.0,0.0
2023-06-20 00:00:00-04:00,42.96441594228362,43.95564168389906,42.64066770306491,43.773780822753906,451153000,0.0,0.0
2023-06-21 00:00:00-04:00,43.467020523272616,43.58093370313804,42.04713285457767,43.011375427246094,551603000,0.0,0.0
2023-06-22 00:00:00-04:00,42.21999389255843,43.392077979853475,42.201011539171446,42.99139404296875,417737000,0.0,0.0
2023-06-23 00:00:00-04:00,42.43083108618956,42.77555900672088,41.98218049927132,42.176029205322266,358140000,0.0,0.0
2023-06-26 00:00:00-04:00,42.42783159494467,42.73059631968799,40.06867574743641,40.60026168823242,594322000,0.0,0.0
2023-06-27 00:00:00-04:00,40.76712632853293,41.90723378479605,40.41640261431228,41.843284606933594,462175000,0.0,0.0
2023-06-28 00:00:00-04:00,40.62824464055819,41.81232053515092,40.48635724932419,41.08488845825195,582639000,0.0,0.0
2023-06-29 00:00:00-04:00,41.52553669526217,41.56750370507978,40.56828482936424,40.79011154174805,380514000,0.0,0.0
2023-06-30 00:00:00-04:00,41.647439493374065,42.516758773836536,41.468578476048215,42.268951416015625,501148000,0.0,0.0
2023-07-03 00:00:00-04:00,42.483786406248804,42.86448930889797,42.169033838728204,42.37986755371094,198209000,0.0,0.0
2023-07-05 00:00:00-04:00,42.10209373119875,43.143279816552536,42.0521335401683,42.28395462036133,323618000,0.0,0.0
2023-07-06 00:00:00-04:00,41.811313776765076,42.14605116428356,41.31370171015272,42.07011032104492,303582000,0.0,0.0
2023-07-07 00:00:00-04:00,42.288940665727566,43.18024602401447,42.14705329030634,42.46979904174805,355881000,0.0,0.0
2023-07-10 00:00:00-04:00,42.623685218893456,42.77756426984942,41.616469261927726,42.147056579589844,353908000,0.0,0.0
2023-07-11 00:00:00-04:00,42.447824255018325,42.72460836398589,42.034149908557275,42.371883392333984,298244000,0.0,0.0
2023-07-12 00:00:00-04:00,42.999389377359606,43.90068528368808,42.743588811592915,43.86771011352539,481277000,0.0,0.0
2023-07-13 00:00:00-04:00,44.48323697410953,46.11895584841678,44.45725630198698,45.941097259521484,478204000,0.0,0.0
2023-07-14 00:00:00-04:00,46.54661523204283,48.05044077711324,45.024806002911156,45.43348693847656,772075000,0.0,0.0
2023-07-17 00:00:00-04:00,46.25284659122238,46.459681830207685,45.2266483214971,46.42470932006836,510488000,0.0,0.0
2023-07-18 00:00:00-04:00,46.664525451589654,47.858591818877,45.698281650417556,47.456905364990234,569164000,0.0,0.0
2023-07-19 00:00:00-04:00,47.4269247186503,47.780648286916495,46.705488579051746,47.040225982666016,427502000,0.0,0.0
2023-07-20 00:00:00-04:00,46.470672206647684,47.05022098399054,45.02680123666584,45.48444366455078,537865000,0.0,0.0
2023-07-21 00:00:00-04:00,45.75223611318822,45.83017811976025,44.06555477681696,44.274391174316406,963769000,0.0,0.0
2023-07-24 00:00:00-04:00,44.69606260557121,45.0737695401444,44.00560422049565,44.57715606689453,382516000,0.0,0.0
2023-07-25 00:00:00-04:00,44.90589571026622,46.14692227530892,44.887908215993086,45.64331817626953,348081000,0.0,0.0
2023-07-26 00:00:00-04:00,45.985052064508444,46.017028562917005,44.59513975878737,45.41649627685547,364237000,0.0,0.0
2023-07-27 00:00:00-04:00,46.48266314205839,47.35797831429428,45.71426283263286,45.8641471862793,455976000,0.0,0.0
2023-07-28 00:00:00-04:00,46.63154522435899,46.99026595538216,46.34477066056632,46.71348190307617,331194000,0.0,0.0
2023-07-31 00:00:00-04:00,46.717483065836525,47.09318883138378,46.469675675562414,46.692501068115234,251055000,0.0,0.0
2023-08-01 00:00:00-04:00,46.423716057239794,46.8633748778781,45.99105555116221,46.470680236816406,237858000,0.0,0.0
2023-08-02 00:00:00-04:00,45.79520486142881,45.80419670368741,43.353113509905164,44.23442459106445,530142000,0.0,0.0
2023-08-03 00:00:00-04:00,43.765786762914985,45.082758057083076,43.765786762914985,44.480228424072266,324176000,0.0,0.0
2023-08-04 00:00:00-04:00,44.949869383179944,45.60635397871658,44.358332653398875,44.64510726928711,362666000,0.0,0.0
2023-08-07 00:00:00-04:00,45.07576619174701,45.504431975857,44.528193870776704,45.381526947021484,322154000,0.0,0.0
2023-08-08 00:00:00-04:00,44.81796378324031,45.206659855456344,44.02158547433781,44.629112243652344,353843000,0.0,0.0
2023-08-09 00:00:00-04:00,44.23941737277786,44.27738970488,42.10108946258739,42.5207633972168,586449000,0.0,0.0
2023-08-10 00:00:00-04:00,42.12707017302428,43.53996721168232,41.80232325660613,42.35489273071289,492705000,0.0,0.0
2023-08-11 00:00:00-04:00,41.71838968414298,41.985183246912044,40.607258703595875,40.823089599609375,533085000,0.0,0.0
2023-08-14 00:00:00-04:00,40.45437607089752,43.765786651430616,40.27951352736408,43.71882247924805,690286000,0.0,0.0
2023-08-15 00:00:00-04:00,44.52520013627042,45.2326473732039,43.67586169687328,43.90568161010742,676512000,0.0,0.0
2023-08-16 00:00:00-04:00,44.48522285041412,44.640100549597996,43.372090845714155,43.452030181884766,527451000,0.0,0.0
2023-08-17 00:00:00-04:00,43.93565682241001,44.027584017095954,42.96741192711898,43.31014633178711,452395000,0.0,0.0
2023-08-18 00:00:00-04:00,42.601695871064955,43.543960081000186,41.62745897404412,43.26517868041992,583768000,0.0,0.0
2023-08-21 00:00:00-04:00,44.4592488124891,47.02823995825299,44.1874618900852,46.93031692504883,692573000,0.0,0.0
2023-08-22 00:00:00-04:00,48.09740815814407,48.1493695012767,45.29759818989422,45.6323356628418,755293000,0.0,0.0
2023-08-23 00:00:00-04:00,45.83018449557039,47.163142412730515,45.172697380646554,47.07920837402344,779046000,0.0,0.0
2023-08-24 00:00:00-04:00,50.17677640386691,50.22673658703904,47.12216498787686,47.12615966796875,1156044000,0.0,0.0
2023-08-25 00:00:00-04:00,46.975286499863365,47.76766646596761,44.98883627533257,45.98206329345703,925341000,0.0,0.0
2023-08-28 00:00:00-04:00,46.445695012544455,46.943307161709576,44.85294200358458,46.79841995239258,685192000,0.0,0.0
2023-08-29 00:00:00-04:00,46.62954971759292,49.04266428440614,46.35476299443785,48.74589538574219,701397000,0.0,0.0
2023-08-30 00:00:00-04:00,49.005691704274305,49.88800143615993,48.387175707748206,49.225521087646484,735206000,0.0,0.0
2023-08-31 00:00:00-04:00,49.34143020878583,49.705144301675666,48.91975894986802,49.31644821166992,528570000,0.0,0.0
2023-09-01 00:00:00-04:00,49.72313481683707,49.761103338104185,48.10439736069892,48.47111129760742,463830000,0.0,0.0
2023-09-05 00:00:00-04:00,48.18534289992501,48.8128546684743,47.82262739838752,48.51008987426758,382653000,0.0,0.0
2023-09-06 00:00:00-04:00,48.40715103407181,48.515073458793,46.547451450862816,47.028114318847656,468670000,0.004,0.0
2023-09-07 00:00:00-04:00,45.4931913383561,46.311619313403384,45.120450870903866,46.20869064331055,433330000,0.0,0.0
2023-09-08 00:00:00-04:00,45.909901542782364,46.57343525598355,45.23936893896436,45.540157318115234,473069000,0.0,0.0
2023-09-11 00:00:00-04:00,46.115746643442655,46.130735550235435,44.28103126100682,45.146427154541016,473966000,0.0,0.0
2023-09-12 00:00:00-04:00,44.706734397330045,45.64108235714804,44.49987832466093,44.83864212036133,349256000,0.0,0.0
2023-09-13 00:00:00-04:00,44.56883283924793,45.89790529019353,44.47190049902718,45.453216552734375,398355000,0.0,0.0
2023-09-14 00:00:00-04:00,45.917894023696675,45.95486692026357,45.099466041293624,45.54915237426758,370097000,0.0,0.0
2023-09-15 00:00:00-04:00,45.309322702660744,45.56714187488203,43.777392767820444,43.86933135986328,506831000,0.0,0.0
2023-09-18 00:00:00-04:00,42.71812866784668,44.211084137750255,41.97065027461465,43.93527603149414,500271000,0.0,0.0
2023-09-19 00:00:00-04:00,43.80237069955783,43.93527718281478,42.971950102234956,43.48958969116211,373064000,0.0,0.0
2023-09-20 00:00:00-04:00,43.56953710623469,43.872326816521394,42.193500252380844,42.20948791503906,367108000,0.0,0.0
2023-09-21 00:00:00-04:00,41.553948747199726,42.070585843913626,40.95136938508374,40.98834228515625,450736000,0.0,0.0
2023-09-22 00:00:00-04:00,41.54294571690647,42.08556931771517,41.20218442357063,41.5809211730957,479236000,0.0,0.0
2023-09-25 00:00:00-04:00,41.561937649909076,42.50627702068914,41.14822547100166,42.19249725341797,419091000,0.0,0.0
2023-09-26 00:00:00-04:00,41.97165495479975,42.79008299471649,41.62589602088143,41.881717681884766,402282000,0.0,0.0
2023-09-27 00:00:00-04:00,42.3004199239516,42.84204096958368,41.59990959746065,42.43832015991211,444935000,0.0,0.0
2023-09-28 00:00:00-04:00,42.430321689918024,43.41563258671688,42.085565419671916,43.05888366699219,424663000,0.0,0.0
2023-09-29 00:00:00-04:00,43.796371119268684,44.11315092531868,43.27673406437453,43.46860122680664,397830000,0.0,0.0
2023-10-02 00:00:00-04:00,43.9992285379224,45.14342881532186,43.83034792394179,44.75070571899414,433298000,0.0,0.0
2023-10-03 00:00:00-04:00,44.77668570728605,45.098463094837925,43.2157769974795,43.48658752441406,470850000,0.0,0.0
2023-10-04 00:00:00-04:00,43.71143633979229,44.11215712134903,43.26175000991843,44.01022720336914,361821000,0.0,0.0
2023-10-05 00:00:00-04:00,44.01921794767318,44.868626271295504,43.85733240049327,44.65677261352539,393483000,0.0,0.0
2023-10-06 00:00:00-04:00,44.16211860779347,45.75700398969615,43.99523549081201,45.73002243041992,434436000,0.0,0.0
2023-10-09 00:00:00-04:00,44.81066115962172,45.57312842393476,44.3369933910708,45.24135971069336,409675000,0.0,0.0
2023-10-10 00:00:00-04:00,45.278344642774314,46.226679104421834,45.056499625489394,45.7660026550293,368582000,0.0,0.0
2023-10-11 00:00:00-04:00,46.16371818891468,46.8262569088581,46.017820302651025,46.773292541503906,378137000,0.0,0.0
2023-10-12 00:00:00-04:00,46.74431143305413,47.575730741552675,46.297625211200135,46.912193298339844,481325000,0.0,0.0
2023-10-13 00:00:00-04:00,46.92718276252737,47.08307579073531,45.24835646569822,45.429229736328125,474115000,0.0,0.0
2023-10-16 00:00:00-04:00,45.0315095868921,46.192696327999904,44.880614130194836,46.06278991699219,375099000,0.0,0.0
2023-10-17 00:00:00-04:00,43.96925981519668,44.722734656513275,42.450321291409665,43.90730285644531,812333000,0.0,0.0
2023-10-18 00:00:00-04:00,42.56123210689282,43.18879535339014,41.79576863478219,42.166507720947266,627294000,0.0,0.0
2023-10-19 00:00:00-04:00,42.78108575212414,43.26674621056965,41.85273405618411,42.07158279418945,501233000,0.0,0.0
2023-10-20 00:00:00-04:00,41.86072097681651,42.44031742392992,41.049288238076365,41.35807418823242,477266000,0.0,0.0
2023-10-23 00:00:00-04:00,41.200194491752654,43.21778487682209,40.91639251850647,42.94497299194336,478530000,0.0,0.0
2023-10-24 00:00:00-04:00,43.04689918780669,43.66646488934986,42.66117113532344,43.63248825073242,401463000,0.0,0.0
2023-10-25 00:00:00-04:00,43.36767362465919,43.61950024898592,41.525962950621626,41.74980545043945,398379000,0.0,0.0
2023-10-26 00:00:00-04:00,41.8237544285133,42.22647269652664,39.852133556535904,40.297821044921875,541001000,0.0,0.0
2023-10-27 00:00:00-04:00,41.1012595868594,41.177206691835266,39.987037067133414,40.47169876098633,416784000,0.0,0.0
2023-10-30 00:00:00-04:00,41.05829069172662,41.73681325645553,40.45271135167305,41.13223648071289,388028000,0.0,0.0
2023-10-31 00:00:00-04:00,40.42173556666503,40.85043664876845,39.20258684468398,40.751502990722656,517969000,0.0,0.0
2023-11-01 00:00:00-04:00,40.85543044867906,42.35138604007193,40.84044154012121,42.29542541503906,437593000,0.0,0.0
2023-11-02 00:00:00-04:00,43.29772036984495,43.853331578454224,42.864025551225126,43.4755973815918,409172000,0.0,0.0
2023-11-03 00:00:00-04:00,43.989240387189966,45.27733731815709,43.69244703893823,44.97355270385742,424610000,0.0,0.0
2023-11-06 00:00:00-05:00,45.253362063663495,45.90290947432144,44.86763015180242,45.71903610229492,400733000,0.0,0.0
2023-11-07 00:00:00-05:00,45.687054558944546,46.18570260804149,45.12644574728523,45.922889709472656,343165000,0.0,0.0
2023-11-08 00:00:00-05:00,46.06778272127609,46.834248828049994,45.93587499644732,46.54145431518555,346719000,0.0,0.0
2023-11-09 00:00:00-05:00,47.43382754729244,48.19629482563236,46.71732955595706,46.91719055175781,540496000,0.0,0.0
2023-11-10 00:00:00-05:00,47.46681189639429,48.438132884975005,47.249964459009426,48.30122756958008,421245000,0.0,0.0
2023-11-13 00:00:00-05:00,48.28623183718149,49.081676995363466,48.06538560948801,48.586021423339844,384136000,0.0,0.0
2023-11-14 00:00:00-05:00,49.64529267982374,49.799184420857124,49.005740408913326,49.621307373046875,416954000,0.0,0.0
2023-11-15 00:00:00-05:00,49.90010916476034,49.92508940872805,48.1663208904743,48.85383987426758,475497000,0.0,0.0
2023-11-16 00:00:00-05:00,48.64498792594149,49.490397480832705,48.296232754650504,49.44542694091797,339756000,0.0,0.0
2023-11-17 00:00:00-05:00,49.48939362933796,49.68225956451404,48.972756588136555,49.263553619384766,325205000,0.0,0.0
2023-11-20 00:00:00-05:00,49.27754565599921,50.512682115669016,49.14663666812377,50.373779296875,414120000,0.0,0.0
2023-11-21 00:00:00-05:00,50.090971605091276,50.48169721701578,49.187603987551,49.90909957885742,565747000,0.0,0.0
2023-11-22 00:00:00-05:00,49.817168906440536,50.29982932340877,47.65667696410155,48.68196105957031,899420000,0.0,0.0
2023-11-24 00:00:00-05:00,48.43613388773008,48.8868189750065,47.711638178100976,47.742618560791016,294645000,0.0,0.0
2023-11-27 00:00:00-05:00,47.766597618423056,48.49608705256933,47.6187022270162,48.208290100097656,395662000,0.0,0.0
2023-11-28 00:00:00-05:00,48.20228946745971,48.28923046522846,47.439822215751256,47.78757858276367,401491000,0.0,0.0
2023-11-29 00:00:00-05:00,48.34519277962711,48.72792454719917,47.82655446752382,48.10635757446289,382005000,0.0,0.0
2023-11-30 00:00:00-05:00,47.990441518765145,48.07638377452515,46.3895635380406,46.73731994628906,526247000,0.0,0.0
2023-12-01 00:00:00-05:00,46.49249632095064,47.16702396235708,46.1547312180282,46.73232650756836,369317000,0.0,0.0
2023-12-04 00:00:00-05:00,46.044796441168046,46.044796441168046,44.978540825820026,45.47819137573242,437543000,0.0,0.0
2023-12-05 00:00:00-05:00,45.43822537417424,46.571531508809755,45.243344800588865,46.53755569458008,371718000,0.004,0.0
2023-12-06 00:00:00-05:00,47.18616055304672,47.35805637744802,45.3842604483653,45.47520446777344,380590000,0.0,0.0
2023-12-07 00:00:00-05:00,45.67208285394523,46.60051618631754,45.57614082890342,46.567535400390625,350823000,0.0,0.0
2023-12-08 00:00:00-05:00,46.566535548739374,47.71183534651791,46.52156105756746,47.47697830200195,359224000,0.0,0.0
2023-12-11 00:00:00-05:00,47.46199285274284,47.50196552269277,45.80200812005124,46.59851837158203,509728000,0.0,0.0
2023-12-12 00:00:00-05:00,46.017875514105,47.6368849146668,46.017875514105,47.627891540527344,372387000,0.0,0.0
2023-12-13 00:00:00-05:00,47.59990503689136,48.56431567041087,47.5789179572985,48.058624267578125,447792000,0.0,0.0
2023-12-14 00:00:00-05:00,48.360433934153576,48.64026163902283,47.393026859915174,48.320457458496094,391232000,0.0,0.0
2023-12-15 00:00:00-05:00,48.16455262105739,49.37381236874974,48.09059652527536,48.86012649536133,479948000,0.0,0.0
2023-12-18 00:00:00-05:00,49.36982501987744,50.402191134156865,49.11997773498407,50.046409606933594,412587000,0.0,0.0
2023-12-19 00:00:00-05:00,49.39380199579273,49.66963433728467,48.86512588284418,49.573692321777344,464444000,0.0,0.0
2023-12-20 00:00:00-05:00,49.62466720561467,49.96845884341608,48.06861908632006,48.08161163330078,397894000,0.0,0.0
2023-12-21 00:00:00-05:00,48.781183869365606,49.065010780060334,48.38942122420045,48.96007537841797,300425000,0.0,0.0
2023-12-22 00:00:00-05:00,49.16495346631877,49.35283836936681,48.437397457500516,48.80017852783203,252507000,0.0,0.0
2023-12-26 00:00:00-05:00,48.93807912022649,49.569692938536456,48.93008458769596,49.2488899230957,244200000,0.0,0.0
2023-12-27 00:00:00-05:00,49.48075464580007,49.64965012045702,49.05501239405432,49.386810302734375,233648000,0.0,0.0
2023-12-28 00:00:00-05:00,49.61267326878179,49.85352335128604,49.38181158719183,49.49174499511719,246587000,0.0,0.0
2023-12-29 00:00:00-05:00,49.782567581126976,49.96645709185245,48.721216111915,49.49174499511719,389293000,0.0,0.0
2024-01-02 00:00:00-05:00,49.21391556134482,49.26488309320295,47.565924699352884,48.138572692871094,411254000,0.0,0.0
2024-01-03 00:00:00-05:00,47.4559877548122,48.15455817196312,47.291087653176916,47.53993606567383,320896000,0.0,0.0
2024-01-04 00:00:00-05:00,47.737819636783634,48.47037358886087,47.4789789763883,47.96868133544922,306535000,0.0,0.0
2024-01-05 00:00:00-05:00,48.43239854255895,49.51673484987403,48.27649179251623,49.06700897216797,415039000,0.0,0.0
2024-01-08 00:00:00-05:00,49.48175774230581,52.24307051371221,49.44877695414858,52.2210807800293,642510000,0.0,0.0
2024-01-09 00:00:00-05:00,52.36899311649789,54.29181767502081,51.65842506490768,53.107540130615234,773100000,0.0,0.0
2024-01-10 00:00:00-05:00,53.58325017590931,54.56664645309511,53.45632503855136,54.31679916381836,533796000,0.0,0.0
2024-01-11 00:00:00-05:00,54.965399369459846,55.312187494704844,53.527279337957886,54.78850555419922,596759000,0.0,0.0
2024-01-12 00:00:00-05:00,54.58662953889082,54.93641799826661,54.29680960809761,54.67657470703125,352994000,0.0,0.0
2024-01-16 00:00:00-05:00,54.984391900558016,56.800279452629056,54.86646395445467,56.347557067871094,449580000,0.0,0.0
2024-01-17 00:00:00-05:00,56.312579806380306,56.43650460830921,54.706563019184806,56.018760681152344,474394000,0.0,0.0
2024-01-18 00:00:00-05:00,57.22501562586881,57.564808057146664,56.07272016716743,57.07210922241211,491650000,0.0,0.0
2024-01-19 00:00:00-05:00,57.95357707318065,59.46365569707979,57.190043807244585,59.45466232299805,543501000,0.0,0.0
2024-01-22 00:00:00-05:00,60.01232052303933,60.29414976562131,59.03391842649556,59.61756134033203,452955000,0.0,0.0
2024-01-23 00:00:00-05:00,59.53360947543731,59.8734019281728,58.549210583878605,59.83642578125,294654000,0.0,0.0
2024-01-24 00:00:00-05:00,60.2671639217423,62.81060746868792,59.90138636580081,61.32451629638672,560271000,0.0,0.0
2024-01-25 00:00:00-05:00,62.3119072339738,62.680685096135214,60.81282362309359,61.5793571472168,482777000,0.0,0.0
2024-01-26 00:00:00-05:00,60.92276522847538,61.74526440741543,60.536004380231894,60.99372100830078,390309000,0.0,0.0
2024-01-29 00:00:00-05:00,61.19458949954275,62.45082152019551,60.86979110422985,62.42683792114258,348733000,0.0,0.0
2024-01-30 00:00:00-05:00,62.861575397836866,63.45421163481392,62.221963176710254,62.73564910888672,410735000,0.0,0.0
2024-01-31 00:00:00-05:00,61.40246556305648,62.230961514394274,60.66291975637589,61.48941421508789,453795000,0.0,0.0
2024-02-01 00:00:00-05:00,62.06205926012063,63.15239614325578,61.612337231861346,62.988494873046875,369146000,0.0,0.0
2024-02-02 00:00:00-05:00,63.934921410632114,66.55931680667902,63.65109449153059,66.11959075927734,476578000,0.0,0.0
2024-02-05 00:00:00-05:00,68.18331639891433,69.45454244217241,67.16394292298222,69.28964233398438,680078000,0.0,0.0
2024-02-06 00:00:00-05:00,69.58745829595591,69.71138308978904,66.25949848302591,68.18132019042969,683111000,0.0,0.0
2024-02-07 00:00:00-05:00,68.27725642617484,70.17709586585252,67.55869397580136,70.05616760253906,495575000,0.0,0.0
2024-02-08 00:00:00-05:00,70.03118381151026,70.75074512715133,69.412566337875,69.59844970703125,414422000,0.0,0.0
2024-02-09 00:00:00-05:00,70.48992214211897,72.14091368127717,70.1691190330097,72.08895111083984,436637000,0.0,0.0
2024-02-12 00:00:00-05:00,72.55564739281085,74.56542046599529,71.2064736279646,72.20386505126953,613710000,0.0,0.0
2024-02-13 00:00:00-05:00,70.35700477469595,73.40513741451034,69.57748237910234,72.08394622802734,602580000,0.0,0.0
2024-02-14 00:00:00-05:00,73.15728673605686,74.19065168292555,71.89405893388704,73.8548583984375,504917000,0.0,0.0
2024-02-15 00:00:00-05:00,73.82387565740021,73.92980608164119,72.35577132172895,72.61360931396484,420122000,0.0,0.0
2024-02-16 00:00:00-05:00,74.05472502125532,74.35654245789623,72.45670295069786,72.56863403320312,495327000,0.0,0.0
2024-02-20 00:00:00-05:00,71.90304738257117,71.91204456852859,67.69262359545532,69.40957641601562,704833000,0.0,0.0
2024-02-21 00:00:00-05:00,67.96445653317794,68.84592156210476,66.2075347659216,67.4307861328125,673755000,0.0,0.0
2024-02-22 00:00:00-05:00,74.97915917474572,78.52698545171262,74.17465074702281,78.4900131225586,865100000,0.0,0.0
2024-02-23 00:00:00-05:00,80.74065432651751,82.34367088132632,77.52261988480991,78.76885986328125,829388000,0.0,0.0
2024-02-26 00:00:00-05:00,79.6513162598183,80.59674521460998,78.45704646976243,79.04369354248047,503973000,0.0,0.0
2024-02-27 00:00:00-05:00,79.3325008302499,79.4314469973946,77.1148623296948,78.65291595458984,391705000,0.0,0.0
2024-02-28 00:00:00-05:00,77.57258181183745,78.88477556464643,77.07788148076835,77.61555480957031,393110000,0.0,0.0
2024-02-29 00:00:00-05:00,79.04567292343845,79.94112153625711,78.30212423623774,79.06365966796875,507289000,0.0,0.0
2024-03-01 00:00:00-05:00,79.95112232187887,82.24972013852617,79.38646508056598,82.22872924804688,479135000,0.0,0.0
2024-03-04 00:00:00-05:00,84.07861042508992,87.641435353428,83.66786597883684,85.1849365234375,615616000,0.0,0.0
2024-03-05 00:00:00-05:00,85.22191840150565,86.04845558668288,83.36996636051644,85.91552734375,520639000,0.004,0.0
2024-03-06 00:00:00-05:00,87.97235961581464,89.67339555623481,86.98091470216241,88.64997100830078,582520000,0.0,0.0
2024-03-07 00:00:00-05:00,90.10713703099752,92.71466639598263,89.55145092677502,92.6167221069336,608119000,0.0,0.0
2024-03-08 00:00:00-05:00,95.08433828640496,97.34506345152579,86.45720334881955,87.47863006591797,1142269000,0.0,0.0
2024-03-11 00:00:00-04:00,86.38026112101332,88.7469219574668,84.11853680206842,85.72563171386719,678364000,0.0,0.0
2024-03-12 00:00:00-04:00,87.99933396950749,91.90812320755647,86.10140314701876,91.86115264892578,668075000,0.0,0.0
2024-03-13 00:00:00-04:00,91.0036442134583,91.45238847114443,88.38511917925783,90.83673858642578,635713000,0.0,0.0
2024-03-14 00:00:00-04:00,89.52646826118793,90.59486542464842,86.55114274535384,87.8943862915039,602318000,0.0,0.0
2024-03-15 00:00:00-04:00,86.88096661769565,89.49548835416286,86.20834970674177,87.7874526977539,642086000,0.0,0.0
2024-03-18 00:00:00-04:00,90.33702166642148,92.3528823706334,87.03588315502401,88.40511322021484,668976000,0.0,0.0
2024-03-19 00:00:00-04:00,86.65109602123033,90.49292967987033,84.9620544077868,89.34757995605469,672171000,0.0,0.0
2024-03-20 00:00:00-04:00,89.74634940187569,90.35901024319512,88.17323967680368,90.32102966308594,479063000,0.0,0.0
2024-03-21 00:00:00-04:00,92.24794813241263,92.59575144201277,90.35401259550207,91.38343048095703,480372000,0.0,0.0
2024-03-22 00:00:00-04:00,91.0895826139038,94.72453187599703,90.78275659770236,94.23580932617188,586719000,0.0,0.0
2024-03-25 00:00:00-04:00,93.88801151365493,96.71141493346599,93.45725487677139,94.94841003417969,552136000,0.0,0.0
2024-03-26 00:00:00-04:00,95.79694219210086,96.32064875325118,92.44983185631351,92.50879669189453,513648000,0.0,0.0
2024-03-27 00:00:00-04:00,93.0594819501001,93.18740810778951,89.07273343467564,90.1990966796875,586067000,0.0,0.0
2024-03-28 00:00:00-04:00,89.9492288448454,91.24849853375163,89.14268488587938,90.3050308227539,435212000,0.0,0.0
2024-04-01 00:00:00-04:00,90.24806771473163,92.17297617207028,89.15368416261286,90.31202697753906,452441000,0.0,0.0
2024-04-02 00:00:00-04:00,88.39810360146309,90.04317879660557,87.57057538202243,89.40154266357422,433064000,0.0,0.0
2024-04-03 00:00:00-04:00,88.43410095294554,90.32303448482294,88.35014869042175,88.91382598876953,370067000,0.0,0.0
2024-04-04 00:00:00-04:00,90.35500517909665,90.58288102989088,85.83155707073556,85.8565444946289,434965000,0.0,0.0
2024-04-05 00:00:00-04:00,86.81701209960936,88.43110686367916,85.87754736667624,87.9583740234375,399678000,0.0,0.0
2024-04-08 00:00:00-04:00,88.64995673788222,88.77988827828314,86.68307229452097,87.08384704589844,283220000,0.0,0.0
2024-04-09 00:00:00-04:00,87.39266655170175,87.5855584540804,82.97516214642668,85.30583953857422,501700000,0.0,0.0
2024-04-10 00:00:00-04:00,83.87866326448999,87.35070274664696,83.66178279831279,86.98990631103516,431929000,0.0,0.0
2024-04-11 00:00:00-04:00,87.37069146521046,90.687819723934,86.87697442257391,90.56488800048828,431637000,0.0,0.0
2024-04-12 00:00:00-04:00,89.64841591771264,90.1241530507074,87.48064030544892,88.13626861572266,426805000,0.0,0.0
2024-04-15 00:00:00-04:00,89.04775296579596,90.56189797510771,85.88054139689574,85.95249938964844,443077000,0.0,0.0
2024-04-16 00:00:00-04:00,86.38424380509475,88.06829089560239,86.01545628049773,87.36569213867188,370453000,0.0,0.0
2024-04-17 00:00:00-04:00,88.2901585822677,88.7249183584023,83.90263584788114,83.98759460449219,495400000,0.0,0.0
2024-04-18 00:00:00-04:00,84.92207255324703,86.14138561304675,82.35552028108327,84.62323760986328,447260000,0.0,0.0
2024-04-19 00:00:00-04:00,83.10311370735981,84.27644766930946,75.56336900757456,76.15702819824219,875198000,0.0,0.0
2024-04-22 00:00:00-04:00,78.05994814693265,80.02783946358336,76.35691439393003,79.47315216064453,596341000,0.0,0.0
2024-04-23 00:00:00-04:00,80.7234441336971,82.72231614993429,80.21873169463018,82.37651062011719,438559000,0.0,0.0
2024-04-24 00:00:00-04:00,83.90264988256477,84.03457921776213,79.13834013698539,79.63206481933594,512208000,0.0,0.0
2024-04-25 00:00:00-04:00,78.82350402342217,83.2759926322814,78.178871245499,82.58538818359375,424641000,0.0,0.0
2024-04-26 00:00:00-04:00,83.77072580488384,88.28118087279601,83.33996914129987,87.68551635742188,551011000,0.0,0.0
2024-04-29 00:00:00-04:00,87.54560070216142,87.94237235498613,85.21791179771557,87.70751190185547,388971000,0.0,0.0
2024-04-30 00:00:00-04:00,87.19080401105087,88.76891600613489,86.25133925368692,86.35327911376953,363709000,0.0,0.0
2024-05-01 00:00:00-04:00,85.02900264492887,85.9514784070707,81.20915281271795,82.99414825439453,559863000,0.0,0.0
2024-05-02 00:00:00-04:00,84.40136817425811,86.18836175340402,83.15307206256357,85.76860046386719,377898000,0.0,0.0
2024-05-03 00:00:00-04:00,87.73947860212795,89.23063371341577,86.9909005732954,88.7389144897461,398341000,0.0,0.0
2024-05-06 00:00:00-04:00,89.3395790876885,92.16798466023728,89.00476895897276,92.08802795410156,376203000,0.0,0.0
2024-05-07 00:00:00-04:00,91.04661392300342,91.72922732116892,88.96079315014337,90.50292205810547,437342000,0.0,0.0
2024-05-08 00:00:00-04:00,89.43253081814441,91.14256430274753,89.36956281384657,90.36100769042969,325721000,0.0,0.0
2024-05-09 00:00:00-04:00,90.47794554376881,91.02063858717587,88.18124497678554,88.69695281982422,378013000,0.0,0.0
2024-05-10 00:00:00-04:00,90.25406978590553,91.34945233112951,89.17667483195356,89.82730865478516,335325000,0.0,0.0
2024-05-13 00:00:00-04:00,90.4269726636133,90.94668368485891,88.47907428372562,90.3480224609375,289680000,0.0,0.0
2024-05-14 00:00:00-04:00,89.54846112262796,91.59930565354625,88.88383529778994,91.30447387695312,296507000,0.0,0.0
2024-05-15 00:00:00-04:00,92.41984207783547,94.80849340867992,91.54733338803841,94.57662200927734,417735000,0.0,0.0
2024-05-16 00:00:00-04:00,94.85647788998737,95.7649618311796,94.04992617640089,94.3057861328125,323952000,0.0,0.0
2024-05-17 00:00:00-04:00,94.31577507944353,94.68656039026546,91.75421718471637,92.42683410644531,359691000,0.0,0.0
2024-05-20 00:00:00-04:00,93.6971368800976,95.1463162138061,93.38731412084368,94.72655487060547,318764000,0.0,0.0
2024-05-21 00:00:00-04:00,93.54620449229954,95.3461911389766,93.12744211033531,95.33219909667969,328946000,0.0,0.0
2024-05-22 00:00:00-04:00,95.4051618418388,95.96584245517248,93.19640917175742,94.89644622802734,548648000,0.0,0.0
2024-05-23 00:00:00-04:00,101.97046583987779,106.26004537919088,101.46274907027386,103.74047088623047,835065000,0.0,0.0
2024-05-24 00:00:00-04:00,104.39008586204577,106.41494412748668,102.94190563238328,106.40895080566406,429494000,0.0,0.0
2024-05-28 00:00:00-04:00,110.18181893492428,114.87417036274923,109.82102250000426,113.83675384521484,652728000,0.0,0.0
2024-05-29 00:00:00-04:00,112.98623828974068,115.42685462015827,110.83844833840384,114.7602310180664,557442000,0.0,0.0
2024-05-30 00:00:00-04:00,114.58533630630252,115.75367568258609,109.60114957621623,110.43767547607422,484553000,0.0,0.0
2024-05-31 00:00:00-04:00,112.45653988138353,112.65343500336584,106.87969257247853,109.57117462158203,613263000,0.0,0.0
2024-06-03 00:00:00-04:00,113.55692243893306,114.93514251708984,111.93983111247248,114.93514251708984,438392000,0.0,0.0
2024-06-04 00:00:00-04:00,115.65074383289046,116.53424034822847,113.98068096958718,116.37133026123047,403324000,0.0,0.0
2024-06-05 00:00:00-04:00,118.30424338003813,122.37993877462908,117.40175277551737,122.3709487915039,528402000,0.0,0.0
2024-06-06 00:00:00-04:00,123.97803133753258,125.51616477932996,118.25326519915947,120.92975616455078,664696000,0.0,0.0
2024-06-07 00:00:00-04:00,119.70245088550641,121.62337164710611,117.95544321860926,120.81982421875,412386000,0.0,0.0
2024-06-10 00:00:00-04:00,120.30211616184846,123.03057221935303,116.94401053331076,121.7213134765625,313434100,0.0,10.0
2024-06-11 00:00:00-04:00,121.71130884876212,122.81078479761143,118.68277039590036,120.85173034667969,222551200,0.01,0.0
2024-06-12 00:00:00-04:00,123.00070306062463,126.81886214949532,122.51094129451408,125.1396713256836,299595000,0.0,0.0
2024-06-13 00:00:00-04:00,129.32763594350715,129.7374419918796,127.09871503024357,129.5475311279297,260704500,0.0,0.0
2024-06-14 00:00:00-04:00,129.89737910282292,132.7759808624214,128.2581700274141,131.8164520263672,309320400,0.0,0.0
2024-06-17 00:00:00-04:00,132.92592665460285,133.66556033801308,129.5175660413327,130.91688537597656,288504400,0.0,0.0
2024-06-18 00:00:00-04:00,131.07678620278367,136.26428691629846,130.62700616579136,135.5146484375,294335100,0.0,0.0
2024-06-20 00:00:00-04:00,139.73263779444994,140.69216665961412,129.45759262565218,130.71697998046875,517768400,0.0,0.0
2024-06-21 00:00:00-04:00,127.05874067811743,130.5670512631637,124.24010000634735,126.50900268554688,649445800,0.0,0.0
2024-06-24 00:00:00-04:00,123.1806025577778,124.40001580098117,117.98311173916277,118.0530776977539,476060900,0.0,0.0
2024-06-25 00:00:00-04:00,121.14159285282038,126.43904192857353,119.2625015362155,126.02923583984375,414192600,0.0,0.0
2024-06-26 00:00:00-04:00,126.06921428451571,128.0582531537486,122.54091663746888,126.3390884399414,362975900,0.0,0.0
2024-06-27 00:00:00-04:00,124.04019204451785,126.34908399185862,122.8607604065947,123.93024444580078,252571700,0.0,0.0
2024-06-28 00:00:00-04:00,124.5199685039101,127.648457456266,122.69084852465333,123.48046875,315516700,0.0,0.0
2024-07-01 00:00:00-04:00,123.41050281013469,124.7798377464592,118.77273936918628,124.24010467529297,284885500,0.0,0.0
2024-07-02 00:00:00-04:00,121.07161927076024,123.35052684202405,120.9716689903923,122.61087799072266,218374000,0.0,0.0
2024-07-03 00:00:00-04:00,121.60136576540062,128.21817016601562,121.30150730962696,128.21817016601562,215749000,0.0,0.0
2024-07-05 00:00:00-04:00,127.31861187118912,128.78791231292527,125.61943416430904,125.76936340332031,214176700,0.0,0.0
2024-07-08 00:00:00-04:00,127.42854201917729,130.70696731901708,126.9787619894619,128.13819885253906,237677300,0.0,0.0
2024-07-09 00:00:00-04:00,130.28719371816868,133.7555228326683,128.58800070420872,131.3166961669922,285366600,0.0,0.0
2024-07-10 00:00:00-04:00,133.965420342518,135.03491211498738,132.35619546389498,134.84500122070312,248978600,0.0,0.0
2024-07-11 00:00:00-04:00,135.68459054854569,136.08439171293904,126.98878558577707,127.33861541748047,374782700,0.0,0.0
2024-07-12 00:00:00-04:00,128.1981955828636,131.85643576222122,127.15870339191848,129.177734375,252680500,0.0,0.0
2024-07-15 00:00:00-04:00,130.49707086610906,131.3266726567918,127.11870268784229,128.3780975341797,208326200,0.0,0.0
2024-07-16 00:00:00-04:00,128.3781021800115,128.97780386568002,124.51996185494663,126.29910278320312,214769500,0.0,0.0
2024-07-17 00:00:00-04:00,121.29150949460832,121.79126850169425,116.66374383425097,117.9331283569336,390086200,0.0,0.0
2024-07-18 00:00:00-04:00,121.79127496540796,122.34101295266511,116.50382347473696,121.0316390991211,320979500,0.0,0.0
2024-07-19 00:00:00-04:00,120.29200089882109,121.54139851435873,117.31344125378135,117.8731689453125,217223800,0.0,0.0
2024-07-22 00:00:00-04:00,120.29200352530061,124.01021213043963,119.8022417845173,123.48046875,258068900,0.0,0.0
2024-07-23 00:00:00-04:00,122.72083281792666,124.62991607602876,122.04116019537173,122.53092193603516,173911000,0.0,0.0
2024-07-24 00:00:00-04:00,119.1125656978158,119.89218856658098,113.38533146913761,114.19493865966797,327776900,0.0,0.0
2024-07-25 00:00:00-04:00,112.985511642852,116.57377747571985,106.24876269608933,112.22587585449219,460067000,0.0,0.0
2024-07-26 00:00:00-04:00,116.13399696280182,116.14398665212225,111.52621844802754,113.00550079345703,293399100,0.0,0.0
2024-07-29 00:00:00-04:00,113.63521853690591,116.2239668309142,111.24637081842914,111.53622436523438,248152100,0.0,0.0
2024-07-30 00:00:00-04:00,111.46624662712419,111.93602131829121,102.49057904635741,103.68000793457031,486833300,0.0,0.0
2024-07-31 00:00:00-04:00,112.84558326649312,118.28295597890576,110.82655264429766,116.96359252929688,473174200,0.0,0.0
2024-08-01 00:00:00-04:00,117.4733618639685,120.1020993651303,106.75852653969832,109.1573715209961,523462300,0.0,0.0
2024-08-02 00:00:00-04:00,103.70999693537759,108.66760564065457,101.32114936142939,107.21829986572266,482027500,0.0,0.0
2024-08-05 00:00:00-04:00,92.0156323292122,103.36016867781126,90.6462974352404,100.4015884399414,552842400,0.0,0.0
2024-08-06 00:00:00-04:00,103.78994676213023,107.6580842159302,100.50153921149465,104.19975280761719,409012100,0.0,0.0
2024-08-07 00:00:00-04:00,107.75803985921162,108.74756823143176,98.64244001125142,98.86233520507812,411440400,0.0,0.0
2024-08-08 00:00:00-04:00,101.95084088326249,105.44915405082541,97.47299667346623,104.9194107055664,391910000,0.0,0.0
2024-08-09 00:00:00-04:00,105.58908675557784,106.54862317361375,103.38015276837264,104.69951629638672,290844200,0.0,0.0
2024-08-12 00:00:00-04:00,106.26876479464013,111.01647580125626,106.20879614847053,108.96746063232422,325559900,0.0,0.0
2024-08-13 00:00:00-04:00,112.38580888904526,116.1739831093698,111.52622277964618,116.08402252197266,312646700,0.0,0.0
2024-08-14 00:00:00-04:00,118.4728819117515,118.54284787534027,114.0150319977807,118.02310180664062,339246400,0.0,0.0
2024-08-15 00:00:00-04:00,118.70277375276062,123.180610648127,117.41339446628129,122.80079650878906,318086700,0.0,0.0
2024-08-16 00:00:00-04:00,121.88123149659879,124.93975424016854,121.12159565561768,124.51995849609375,302589900,0.0,0.0
2024-08-19 00:00:00-04:00,124.22010290586175,129.93734741210938,123.36051676677039,129.93734741210938,318333600,0.0,0.0
2024-08-20 00:00:00-04:00,128.33812230971984,129.81742012912812,125.82933728380516,127.18868255615234,300087400,0.0,0.0
2024-08-21 00:00:00-04:00,127.2586178970324,129.2876456264653,126.59894005268639,128.43804931640625,257883600,0.0,0.0
2024-08-22 00:00:00-04:00,129.95734653679833,130.68699047324503,123.04067554756361,123.68036651611328,376189100,0.0,0.0
2024-08-23 00:00:00-04:00,125.79932992863567,129.53753255606168,125.15963905002394,129.30763244628906,323230300,0.0,0.0
2024-08-26 00:00:00-04:00,129.50755712849073,131.196729770517,124.31005885081005,126.3990478515625,331964700,0.0,0.0
2024-08-27 00:00:00-04:00,124.98974063480068,129.1377346219971,123.82029866993177,128.23817443847656,303134600,0.0,0.0
2024-08-28 00:00:00-04:00,128.05825393148814,128.26815944285755,122.580899020736,125.54946899414062,448101100,0.0,0.0
2024-08-29 00:00:00-04:00,121.30150468369611,124.37002462838785,116.65374447412273,117.53331756591797,453023300,0.0,0.0
2024-08-30 00:00:00-04:00,119.47239604079388,121.69132742002542,117.16351169383461,119.3124771118164,333751600,0.0,0.0
2024-09-03 00:00:00-04:00,115.95408600386334,116.15398655476369,107.23828777198462,107.94794464111328,477155100,0.0,0.0
2024-09-04 00:00:00-04:00,105.35921116658868,113.2154167588311,104.06983184638861,106.15882110595703,372470300,0.0,0.0
2024-09-05 00:00:00-04:00,104.93940893047393,109.59716719188593,104.70952402528704,107.15834045410156,306850700,0.0,0.0
2024-09-06 00:00:00-04:00,107.98792932713482,108.09787692095124,100.90134249947533,102.78044128417969,413638100,0.0,0.0
2024-09-09 00:00:00-04:00,104.82945579489092,106.4986568208146,103.64003443897201,106.41869354248047,273912000,0.0,0.0
2024-09-10 00:00:00-04:00,107.7580285866342,109.34726610485653,104.89940661736314,108.04788970947266,268283700,0.0,0.0
2024-09-11 00:00:00-04:00,109.33728760654503,117.13353206911404,107.36823567076411,116.85366821289062,441422400,0.0,0.0
2024-09-12 00:00:00-04:00,116.79368208487448,120.7421209186122,115.33426173002456,119.0927734375,366052700,0.01,0.0
2024-09-13 00:00:00-04:00,119.03279143615939,119.91243980632909,117.55337484057826,119.05278015136719,238358300,0.0,0.0
2024-09-16 00:00:00-04:00,116.74370178435876,118.13315013570288,114.31466480568342,116.73370361328125,248772300,0.0,0.0
2024-09-17 00:00:00-04:00,118.12315326201993,118.75290839853001,114.78448096424103,115.54417419433594,231925900,0.0,0.0
2024-09-18 00:00:00-04:00,115.84404779202798,117.65332766764698,113.17510830529987,113.3250503540039,310318900,0.0,0.0
2024-09-19 00:00:00-04:00,117.30347459042382,119.6125639674696,117.2035157611041,117.82327270507812,293506400,0.0,0.0
2024-09-20 00:00:00-04:00,117.01359501507952,118.57298181753792,115.3442588328446,115.95401763916016,382462400,0.0,0.0
2024-09-23 00:00:00-04:00,116.50380656220895,116.94362697511984,114.81447398076047,116.21392059326172,206228500,0.0,0.0
2024-09-24 00:00:00-04:00,116.47380837806097,121.75172180406905,115.33426088161053,120.82209014892578,354966800,0.0,0.0
2024-09-25 00:00:00-04:00,121.97162190060216,124.89047006468225,121.5617884105282,123.4610366821289,284692900,0.0,0.0
2024-09-26 00:00:00-04:00,126.7497296956914,127.61937987933592,121.75171208350119,123.9908218383789,302582900,0.0,0.0
2024-09-27 00:00:00-04:00,123.92085618310571,123.98082995705606,119.21272426875333,121.35187530517578,271009200,0.0,0.0
2024-09-30 00:00:00-04:00,118.26310431441512,121.451842369324,118.10317169758383,121.3918685913086,226553700,0.0,0.0
2024-10-01 00:00:00-04:00,121.72171877480598,122.39145893750027,115.74409392230913,116.95361328125,302094500,0.0,0.0
2024-10-02 00:00:00-04:00,116.39383876517695,119.33266799005563,115.09435111120959,118.8028793334961,221845900,0.0,0.0
2024-10-03 00:00:00-04:00,120.87206480654892,124.31070361178112,120.29229289145833,122.80130004882812,277118000,0.0,0.0
2024-10-04 00:00:00-04:00,124.89047211115172,124.99043094258552,121.78170440742984,124.87047576904297,243678100,0.0,0.0
2024-10-07 00:00:00-04:00,124.94044391837012,130.58820542607234,124.90045886173723,127.66936492919922,346250200,0.0,0.0
2024-10-08 00:00:00-04:00,130.20834865989482,133.42707320550807,129.36868536610157,132.83731079101562,285722500,0.0,0.0
2024-10-09 00:00:00-04:00,134.05682465722603,134.46666574879316,131.3279114002274,132.59739685058594,246191600,0.0,0.0
2024-10-10 00:00:00-04:00,131.85770195813822,134.94647312682827,130.94805910825556,134.7565460205078,242311300,0.0,0.0
2024-10-11 00:00:00-04:00,133.9568713960576,135.72617401836632,133.60701929174726,134.74656677246094,170209500,0.0,0.0
2024-10-14 00:00:00-04:00,136.4159022137037,139.54466630986312,136.24597143489578,138.01527404785156,232347700,0.0,0.0
2024-10-15 00:00:00-04:00,137.8153397242487,138.5150744275185,128.68896947491228,131.54783630371094,377831000,0.0,0.0
2024-10-16 00:00:00-04:00,133.92688301499192,136.56583584893667,131.527840530584,135.66619873046875,264879700,0.0,0.0
2024-10-17 00:00:00-04:00,139.28475003463748,140.83413853249198,136.81572813387166,136.87570190429688,306435900,0.0,0.0
2024-10-18 00:00:00-04:00,138.61502982502418,138.8449343829922,137.22558142668973,137.94529724121094,176090200,0.0,0.0
2024-10-21 00:00:00-04:00,138.07524085271365,143.6530303955078,137.94528751258602,143.6530303955078,264554500,0.0,0.0
2024-10-22 00:00:00-04:00,142.85335791004843,144.3627538949317,141.72380093133486,143.5330810546875,226311600,0.0,0.0
2024-10-23 00:00:00-04:00,141.97369118156848,142.37352650102258,137.40551088320953,139.50466918945312,285930000,0.0,0.0
2024-10-24 00:00:00-04:00,140.76418072009866,141.293969386979,138.40511570705533,140.35433959960938,172354900,0.0,0.0
2024-10-25 00:00:00-04:00,140.8741279131319,144.0728716327459,140.74418981710016,141.48388671875,205122100,0.0,0.0
2024-10-28 00:00:00-04:00,142.9433224828564,143.08326638426843,139.99449475491215,140.4643096923828,173586700,0.0,0.0
2024-10-29 00:00:00-04:00,140.23437413304583,142.20359433012132,138.8449258203989,141.19400024414062,157593600,0.0,0.0
2024-10-30 00:00:00-04:00,139.48467718743143,140.27437255912164,136.75576367804047,139.28475952148438,179418100,0.0,0.0
2024-10-31 00:00:00-04:00,137.54545990469654,137.55545044959692,132.05763071180766,132.70736694335938,270039600,0.0,0.0
2024-11-01 00:00:00-04:00,134.64660922766117,137.25557537634637,134.5166711244238,135.34632873535156,207127800,0.0,0.0
2024-11-04 00:00:00-05:00,137.15562237613318,138.90492874894582,135.51627301400697,135.99607849121094,187528200,0.0,0.0
2024-11-05 00:00:00-05:00,137.39550649112996,140.31434706066804,137.27555894461494,139.8545379638672,160537400,0.0,0.0
2024-11-06 00:00:00-05:00,142.90333324876622,146.4319326348536,141.90372967757455,145.55227661132812,242043900,0.0,0.0
2024-11-07 00:00:00-05:00,146.33198051831096,148.8709671267726,146.1120664908763,148.8209991455078,207323300,0.0,0.0
2024-11-08 00:00:00-05:00,148.7110349444156,149.71063856526422,146.20202009433146,147.5714874267578,175665800,0.0,0.0
2024-11-11 00:00:00-05:00,148.62103456850656,148.79098057849544,143.51307554919703,145.202392578125,182325600,0.0,0.0
2024-11-12 00:00:00-05:00,146.72180532829077,149.5906625866308,145.95210633724608,148.231201171875,198634700,0.0,0.0
2024-11-13 00:00:00-05:00,149.01089841600094,149.2707898303925,145.8421419549503,146.21200561523438,191903300,0.0,0.0
2024-11-14 00:00:00-05:00,147.5814687564354,148.94093020600926,145.49230097997514,146.70181274414062,194463300,0.0,0.0
2024-11-15 00:00:00-05:00,144.81255966940228,145.18242335032573,140.02446543358045,141.9237060546875,250132900,0.0,0.0
2024-11-18 00:00:00-05:00,139.44468522690033,141.49387540802257,137.09561095173166,140.09442138671875,221205300,0.0,0.0
2024-11-19 00:00:00-05:00,141.26398946372595,147.07168399645053,140.9341184421503,146.95172119140625,227834900,0.0,0.0
2024-11-20 00:00:00-05:00,147.3515703217148,147.5015047606034,142.67341754276418,145.83216857910156,309871700,0.0,0.0
2024-11-21 00:00:00-05:00,149.290807835149,152.8293979645091,140.64422730754492,146.6118621826172,400946600,0.0,0.0
2024-11-22 00:00:00-05:00,145.87212475240295,147.10164798306,141.04405349095012,141.89370727539062,236406200,0.0,0.0
2024-11-25 00:00:00-05:00,141.93371415065735,141.99368792347047,135.7661620516237,135.96607971191406,344941900,0.0,0.0
2024-11-26 00:00:00-05:00,137.6454275873218,139.24479962175627,135.61623327961902,136.86573791503906,190287700,0.0,0.0
2024-11-27 00:00:00-05:00,134.95646019838466,137.1655905980091,131.74774157257602,135.2863311767578,226370900,0.0,0.0
2024-11-29 00:00:00-05:00,136.7257870913165,139.29477581313424,135.99608069190262,138.19520568847656,141863200,0.0,0.0
2024-12-02 00:00:00-05:00,138.7749450999513,140.39429776497158,137.7653511333102,138.5750274658203,171682800,0.0,0.0
2024-12-03 00:00:00-05:00,138.2051993772479,140.48429454860658,137.8953246767264,140.20440673828125,164414000,0.0,0.0
2024-12-04 00:00:00-05:00,141.94371889092554,145.73221002899123,140.23438993110327,145.0824737548828,231224300,0.0,0.0
2024-12-05 00:00:00-05:00,145.06248362625453,146.49200804389403,143.9028598130552,145.0124969482422,172621200,0.01,0.0
2024-12-06 00:00:00-05:00,144.55263713920382,145.6522676421263,141.2637063556289,142.39334106445312,188505600,0.0,0.0
2024-12-09 00:00:00-05:00,138.92447761551347,139.90415231737651,137.08508402113657,138.7645263671875,189308600,0.0,0.0
2024-12-10 00:00:00-05:00,138.96445323342698,141.77354545828368,133.74616214517607,135.0257568359375,210020900,0.0,0.0
2024-12-11 00:00:00-05:00,137.31500040642362,140.12407738797447,135.16571086465208,139.2643585205078,184905200,0.0,0.0
2024-12-12 00:00:00-05:00,137.03510407678786,138.39465924672223,135.75552453494274,137.29501342773438,159211400,0.0,0.0
2024-12-13 00:00:00-05:00,138.89449032268433,139.55427778956917,132.4965775973186,134.20602416992188,231514900,0.0,0.0
2024-12-16 00:00:00-05:00,134.13601958774962,134.3559487102744,130.3772572956884,131.9567413330078,237951100,0.0,0.0
2024-12-17 00:00:00-05:00,129.04771280436398,131.54689392732612,126.81844751374322,130.3472900390625,259410300,0.0,0.0
2024-12-18 00:00:00-05:00,133.8161583001621,136.6552244722092,128.23798405143236,128.86778259277344,277444500,0.0,0.0
2024-12-19 00:00:00-05:00,131.7168244915274,133.98608501684748,129.50755712091288,130.63717651367188,209719200,0.0,0.0
2024-12-20 00:00:00-05:00,129.76747112979962,135.2356803497186,128.1779956829599,134.65586853027344,306528600,0.0,0.0
2024-12-23 00:00:00-05:00,136.23536324975828,139.74420813475027,135.07573952144836,139.62425231933594,176053500,0.0,0.0
2024-12-24 00:00:00-05:00,139.9541431061549,141.85351466107915,138.60457919611483,140.174072265625,105157000,0.0,0.0
2024-12-26 00:00:00-05:00,139.65425012018665,140.8038826879709,137.68489400548984,139.88417053222656,116205600,0.0,0.0
2024-12-27 00:00:00-05:00,138.50462254046806,138.97446981750295,134.66588395063462,136.96511840820312,170582600,0.0,0.0
2024-12-30 00:00:00-05:00,134.78581438230358,140.22403398735426,133.97608228188028,137.4449462890625,167734700,0.0,0.0
2024-12-31 00:00:00-05:00,137.98479821279548,138.02479365615312,133.7861766339878,134.2460174560547,155659200,0.0,0.0
2025-01-02 00:00:00-05:00,135.95545329338754,138.8345148325783,134.58590691715995,138.2646942138672,198247200,0.0,0.0
2025-01-03 00:00:00-05:00,139.96413776465596,144.85253555834646,139.68423069189672,144.4226837158203,229322500,0.0,0.0
2025-01-06 00:00:00-05:00,148.5413213081193,152.11015917129038,147.77158452702758,149.38104248046875,265377400,0.0,0.0
2025-01-07 00:00:00-05:00,152.97986196669754,153.07983530547875,139.9641234037018,140.09408569335938,351782200,0.0,0.0
2025-01-08 00:00:00-05:00,142.53330977712477,143.90285624874434,137.51494945407615,140.06411743164062,227349900,0.0,0.0
2025-01-10 00:00:00-05:00,137.40498271998055,139.87417502688794,134.17604480086774,135.86549377441406,207602500,0.0,0.0
2025-01-13 00:00:00-05:00,129.94744151880715,133.44629547754278,129.46758770744978,133.18637084960938,204808900,0.0,0.0
2025-01-14 00:00:00-05:00,136.0054462036023,136.33533995791205,130.00741122442506,131.7168426513672,195590500,0.0,0.0
2025-01-15 00:00:00-05:00,133.60622538989423,136.4053114797544,131.24699764678536,136.1953887939453,185217300,0.0,0.0
2025-01-16 00:00:00-05:00,138.59457607585483,138.70454064615834,133.44626949753135,133.5262451171875,209235600,0.0,0.0
2025-01-17 00:00:00-05:00,136.6452315490251,138.45463626831489,135.41563868932835,137.66490173339844,201188800,0.0,0.0
2025-01-21 00:00:00-05:00,139.1144233323199,141.78354697270905,137.0450940162502,140.78387451171875,197749000,0.0,0.0
2025-01-22 00:00:00-05:00,144.61265106638749,147.74161612847584,143.6229696388165,147.02186584472656,237651400,0.0,0.0
2025-01-23 00:00:00-05:00,145.0024960002277,147.18177468068177,143.67292977388993,147.17178344726562,155915500,0.0,0.0
2025-01-24 00:00:00-05:00,148.32138900097752,148.92119854206575,141.83352489203162,142.57327270507812,234657600,0.0,0.0
2025-01-27 00:00:00-05:00,124.75911743279188,128.35792888769186,116.6617649651342,118.3812026977539,818830900,0.0,0.0
2025-01-28 00:00:00-05:00,121.77009783396647,128.95774513931468,116.21192149182427,128.94775390625,579666400,0.0,0.0
2025-01-29 00:00:00-05:00,126.458570906435,126.84844257022412,120.0106863497111,123.65948486328125,467120600,0.0,0.0
2025-01-30 00:00:00-05:00,123.05968123503551,124.9590604797062,118.06131881584726,124.60917663574219,392925500,0.0,0.0
2025-01-31 00:00:00-05:00,123.73945402173636,127.80812056780856,119.15096116009843,120.03067016601562,388161100,0.0,0.0
2025-02-03 00:00:00-05:00,114.71241754878405,118.53116613291392,112.9729895620065,116.62179565429688,371235700,0.0,0.0
2025-02-04 00:00:00-05:00,116.92168851369838,121.16029755445565,116.66177154188583,118.61113739013672,256550000,0.0,0.0
2025-02-05 00:00:00-05:00,121.72012173666313,124.95905839472358,120.72044926950534,124.78911590576172,262230800,0.0,0.0
2025-02-06 00:00:00-05:00,127.37828117148048,128.72784528628156,125.16900563533248,128.6378631591797,251483600,0.0,0.0
2025-02-07 00:00:00-05:00,129.17766285547097,130.32727996151158,124.95904429961287,129.79745483398438,228186300,0.0,0.0
2025-02-10 00:00:00-05:00,130.04737430419848,134.95576927734325,129.91742726932324,133.5262451171875,216989100,0.0,0.0
2025-02-11 00:00:00-05:00,132.5365863252507,134.43595803743202,130.9770996135579,132.7565155029297,178902400,0.0,0.0
2025-02-12 00:00:00-05:00,129.97741762356085,132.19669170682792,129.03772306980744,131.0970458984375,160278600,0.0,0.0
2025-02-13 00:00:00-05:00,131.51689288233604,136.455276767875,131.12702127315083,135.24566650390625,197430000,0.0,0.0
2025-02-14 00:00:00-05:00,136.43528567888637,139.20438251414282,135.45561099221797,138.8045196533203,195479600,0.0,0.0
2025-02-18 00:00:00-05:00,141.22373753647113,143.3930250185803,137.8848198127303,139.35433959960938,219176600,0.0,0.0
2025-02-19 00:00:00-05:00,139.46430955469114,141.31370984182348,137.17506616632772,139.1844024658203,167536000,0.0,0.0
2025-02-20 00:00:00-05:00,139.9841417995603,140.6139403685729,136.74519734237094,140.06411743164062,143903600,0.0,0.0
2025-02-21 00:00:00-05:00,139.99411868487,141.41366694156105,133.98609294492073,134.38595581054688,228217600,0.0,0.0
2025-02-24 00:00:00-05:00,136.51527743543022,138.544611438826,130.03740375103862,130.23733520507812,251381100,0.0,0.0
2025-02-25 00:00:00-05:00,129.93742515974864,130.1573543264651,124.39924631174091,126.5885238647461,271428700,0.0,0.0
2025-02-26 00:00:00-05:00,129.9474287481865,133.68619399137987,128.44792005609298,131.23699951171875,322553800,0.0,0.0
2025-02-27 00:00:00-05:00,134.9557838016939,134.96577503505506,119.97069557287365,120.11064910888672,443175800,0.0,0.0
2025-02-28 00:00:00-05:00,117.98134023479652,125.04902421361967,116.36187573271177,124.87908172607422,389091100,0.0,0.0
2025-03-03 00:00:00-05:00,123.46954557652553,123.65947815441595,112.2432206852501,114.02263641357422,411381400,0.0,0.0
2025-03-04 00:00:00-05:00,110.61376362073891,119.27092350243325,110.07393955565605,115.95201110839844,398163300,0.0,0.0
2025-03-05 00:00:00-05:00,117.54148848655969,118.2412561507128,114.47249437052442,117.26158142089844,284337900,0.0,0.0
2025-03-06 00:00:00-05:00,113.49281250827367,115.31221606989396,110.18389912538346,110.53378295898438,321181900,0.0,0.0
2025-03-07 00:00:00-05:00,111.21356818629886,113.44284126847423,107.52477413573757,112.6530990600586,341755500,0.0,0.0
2025-03-10 00:00:00-04:00,109.86399541986671,111.81335349826479,105.42544763902806,106.94495391845703,366487400,0.0,0.0
2025-03-11 00:00:00-04:00,106.95495594173273,112.20323643435479,104.73568182740638,108.72438049316406,354865700,0.0,0.0
2025-03-12 00:00:00-04:00,114.09312447156262,116.7325020716217,112.85341103244578,115.71273803710938,323857500,0.01,0.0
2025-03-13 00:00:00-04:00,117.0024278677365,117.73225924433854,113.76319330991835,115.55277252197266,299033100,0.0,0.0
2025-03-14 00:00:00-04:00,118.5820578648422,121.85128414551467,118.12216714928688,121.6413345336914,277593500,0.0,0.0
2025-03-17 00:00:00-04:00,122.711081524258,122.86104771124882,118.00219206936818,119.50183868408203,255501500,0.0,0.0
2025-03-18 00:00:00-04:00,117.97220343827061,118.99195980676369,114.51301940530757,115.4028091430664,299686900,0.0,0.0
2025-03-19 00:00:00-04:00,117.24236846895431,120.4216195833343,115.65274672556286,117.4923095703125,273426200,0.0,0.0
2025-03-20 00:00:00-04:00,116.52253841801043,120.17167220516042,116.44255543913019,118.50206756591797,248829700,0.0,0.0
2025-03-21 00:00:00-04:00,116.91244866461768,117.9621966837067,115.39280254041711,117.6722640991211,266498500,0.0,0.0
2025-03-24 00:00:00-04:00,119.8517551027078,122.19120779583362,119.31188140429414,121.38140106201172,228452500,0.0,0.0
2025-03-25 00:00:00-04:00,120.5216012824151,121.26142480153007,118.89198043130345,120.66156768798828,167447200,0.0,0.0
2025-03-26 00:00:00-04:00,118.70203035263671,118.81199741904777,112.68344440410922,113.73320007324219,293463300,0.0,0.0
2025-03-27 00:00:00-04:00,111.32376457585453,114.42303269482778,110.63393232562053,111.40374755859375,236902100,0.0,0.0
2025-03-28 00:00:00-04:00,111.46372827094805,112.84340799305504,109.04430030890691,109.64415740966797,229872500,0.0,0.0
2025-03-31 00:00:00-04:00,105.10522740758995,110.9338556226425,103.6255803841977,108.35446166992188,299212700,0.0,0.0
2025-04-01 00:00:00-04:00,108.49443304563391,110.17403760023085,106.4449205320371,110.12405395507812,222614000,0.0,0.0
2025-04-02 00:00:00-04:00,107.26472214391917,111.95361956622256,106.76483994973236,110.39398193359375,220601200,0.0,0.0
2025-04-03 00:00:00-04:00,103.48562015563714,105.60511590388697,101.57606639857329,101.7760238647461,338769400,0.0,0.0
2025-04-04 00:00:00-04:00,98.88670323249266,100.10640942744341,92.08830207120735,94.28778076171875,532273800,0.0,0.0
2025-04-07 00:00:00-04:00,87.43938789235719,101.72602116602216,86.59958951154498,97.61698913574219,611041300,0.0,0.0
2025-04-08 00:00:00-04:00,103.78553826456235,105.82505852328022,94.43774279946976,96.27731323242188,476243400,0.0,0.0
2025-04-09 00:00:00-04:00,98.86670469924479,115.07288532975399,97.50702445286697,114.30307006835938,612918300,0.0,0.0
2025-04-10 00:00:00-04:00,109.34423379452805,110.83388059600858,99.12664053501021,107.5446548461914,437812400,0.0,0.0
2025-04-11 00:00:00-04:00,108.47443427245335,111.52371865557488,107.45467796999777,110.90386199951172,313417300,0.0,0.0
2025-04-14 00:00:00-04:00,114.08311462021162,114.2630725146749,109.04430120283689,110.68391418457031,264705000,0.0,0.0
2025-04-15 00:00:00-04:00,110.94385517244878,113.5932323217664,110.47396469045397,112.1735610961914,228966900,0.0,0.0
2025-04-16 00:00:00-04:00,104.52537649088836,106.76484672728219,100.4263361362673,104.46538543701172,397016900,0.0,0.0
2025-04-17 00:00:00-04:00,104.4253812132841,104.44538077133734,100.02642426353728,101.46607971191406,292517500,0.0,0.0
2025-04-21 00:00:00-04:00,98.74673137333838,99.41657935183265,95.01761424618036,96.88717651367188,288501100,0.0,0.0
2025-04-22 00:00:00-04:00,98.75672452641882,99.78648062043173,97.2570779520085,98.86669921875,241004800,0.0,0.0
2025-04-23 00:00:00-04:00,104.49537749742674,104.77531795205407,101.99596635952085,102.68580627441406,247526000,0.0,0.0
2025-04-24 00:00:00-04:00,103.4556132191724,106.51488953927,103.08569768188364,106.40491485595703,220815000,0.0,0.0
2025-04-25 00:00:00-04:00,106.82483233532861,111.8936379045766,105.70510100806126,110.98385620117188,251064700,0.0,0.0
2025-04-28 00:00:00-04:00,109.66415673478784,110.343996814893,105.9950156815573,108.70438385009766,207708500,0.0,0.0
2025-04-29 00:00:00-04:00,107.64463563001284,110.17403844763395,107.41469407982767,108.99431610107422,170444300,0.0,0.0
2025-04-30 00:00:00-04:00,104.44538450923935,108.89433288574219,104.05547701680861,108.89433288574219,235044600,0.0,0.0
2025-05-01 00:00:00-04:00,113.05335693358144,114.91291927434723,111.27377757314032,111.58370208740234,236121500,0.0,0.0
2025-05-02 00:00:00-04:00,114.15310576985596,115.37281962529518,113.34329900218786,114.47303009033203,190194800,0.0,0.0
2025-05-05 00:00:00-04:00,112.88340831442672,114.64298826396649,112.63346720059009,113.7931900024414,133163200,0.0,0.0
2025-05-06 00:00:00-04:00,111.4537475013017,114.7129742117387,110.7938992837595,113.51325988769531,158525600,0.0,0.0
2025-05-07 00:00:00-04:00,113.02337494499027,117.65228163619798,112.25355204144066,117.03242492675781,206758800,0.0,0.0
2025-05-08 00:00:00-04:00,118.22215145930612,118.65205049698933,115.82271514729747,117.34236145019531,198428100,0.0,0.0
2025-05-09 00:00:00-04:00,117.32235248570746,118.20215005190205,115.18285724943865,116.62252044677734,132972200,0.0,0.0
2025-05-12 00:00:00-04:00,121.94127499373305,122.97103118896484,120.25167057965504,122.97103118896484,225023300,0.0,0.0
2025-05-13 00:00:00-04:00,124.95056035306071,131.18908818741485,124.44067836400953,129.89938354492188,330430100,0.0,0.0
2025-05-14 00:00:00-04:00,133.16861033831793,135.40808800730593,131.6489642323906,135.30810546875,281180800,0.0,0.0
2025-05-15 00:00:00-04:00,134.258351724734,136.2678878895653,132.6287461607251,134.79823303222656,226632600,0.0,0.0
2025-05-16 00:00:00-04:00,136.18791721457987,136.31789147723805,133.42857277146337,135.36810302734375,226542500,0.0,0.0
2025-05-19 00:00:00-04:00,132.35879696756518,135.83797251007488,132.35879696756518,135.53805541992188,193154600,0.0,0.0
2025-05-20 00:00:00-04:00,134.2583525069389,134.54829272140586,132.58874781513978,134.3483428955078,161514200,0.0,0.0
2025-05-21 00:00:00-04:00,133.02864907239967,137.36762292180558,130.55922977564506,131.76895141601562,270608700,0.0,0.0
2025-05-22 00:00:00-04:00,132.19884131725317,134.21836966107523,131.51900885300861,132.7987060546875,187344000,0.0,0.0
2025-05-23 00:00:00-04:00,129.96937433382988,132.64873565144939,129.12957588399638,131.25906372070312,198821300,0.0,0.0
2025-05-27 00:00:00-04:00,134.1183754403962,135.6280293045703,133.27857708527512,135.4680633544922,192953600,0.0,0.0
2025-05-28 00:00:00-04:00,135.9979578766118,137.2176717346689,134.75824445795843,134.7782440185547,304021100,0.0,0.0
2025-05-29 00:00:00-04:00,142.21648797143945,143.45620133736625,137.87751407348716,139.15721130371094,369241900,0.0,0.0
2025-05-30 00:00:00-04:00,138.6873257641086,139.58710766728817,132.88868890141003,135.09817504882812,333170900,0.0,0.0
2025-06-02 00:00:00-04:00,135.45808684638126,138.08745689917103,135.36809645457458,137.34764099121094,197663100,0.0,0.0
2025-06-03 00:00:00-04:00,138.74729436292043,141.9665367692297,137.91748812723765,141.1867218017578,225578800,0.0,0.0
2025-06-04 00:00:00-04:00,142.15650682982962,142.3564566649135,139.5071219355859,141.88656616210938,167120800,0.0,0.0
2025-06-05 00:00:00-04:00,142.13651043477643,143.96608121416313,138.79730082341692,139.95703125,231397900,0.0,0.0
2025-06-06 00:00:00-04:00,142.47640682683559,143.23623746842864,141.47664251332282,141.6865997314453,153986200,0.0,0.0
2025-06-09 00:00:00-04:00,143.15627066728982,144.96584183837217,141.9065651342004,142.59640502929688,185114500,0.0,0.0
2025-06-10 00:00:00-04:00,142.65638139553192,144.25599524562207,141.4966510569608,143.92608642578125,155881900,0.0,0.0
2025-06-11 00:00:00-04:00,144.5859620448177,144.96590375929992,141.84641202362192,142.80625915527344,167694000,0.01,0.0
2025-06-12 00:00:00-04:00,141.94641106631286,144.9759063720703,141.82643588786814,144.9759063720703,162365000,0.0,0.0
2025-06-13 00:00:00-04:00,142.45632089769495,143.55614422146527,140.82660211679442,141.9464111328125,180820600,0.0,0.0
2025-06-16 00:00:00-04:00,143.32618096280035,146.1556971839991,143.1761967394354,144.66595458984375,183133700,0.0,0.0
2025-06-17 00:00:00-04:00,144.46598768948277,145.1958620737219,143.75609899624828,144.09603881835938,139108000,0.0,0.0
2025-06-18 00:00:00-04:00,143.9860537050978,145.62578045463974,143.0962022725339,145.455810546875,161494100,0.0,0.0
2025-06-20 00:00:00-04:00,145.42582047781178,146.17569581398777,142.6262828381709,143.8260955810547,242956200,0.0,0.0
2025-06-23 00:00:00-04:00,142.47632119978937,144.7559411184857,142.00639807778802,144.1460418701172,154308900,0.0,0.0
2025-06-24 00:00:00-04:00,145.53578955415,147.93539956519925,145.47580197371775,147.87539672851562,187566100,0.0,0.0
2025-06-25 00:00:00-04:00,149.24520677628502,154.4243389252029,149.23519867353343,154.28436279296875,269146500,0.0,0.0
2025-06-26 00:00:00-04:00,155.95406403411533,156.69394650127538,153.97439748110884,154.99423217773438,198145700,0.0,0.0
2025-06-27 00:00:00-04:00,156.01406285223712,158.68363258213975,155.23419369167684,157.72378540039062,263234500,0.0,0.0
2025-06-30 00:00:00-04:00,158.37368067249696,158.6336472456001,155.93409881773164,157.96376037597656,194580300,0.0,0.0
2025-07-01 00:00:00-04:00,156.26402965591922,157.17388214393176,151.46483925954294,153.2745361328125,213143600,0.0,0.0
2025-07-02 00:00:00-04:00,152.9545671877056,157.57380961936815,152.94457434216997,157.22386169433594,171224100,0.0,0.0
2025-07-03 00:00:00-04:00,158.34368228178877,160.95324924613055,157.74379112425564,159.3135223388672,143716100,0.0,0.0
2025-07-07 00:00:00-04:00,158.17371270193448,159.28352889047815,157.31385497697042,158.21371459960938,140139000,0.0,0.0
2025-07-08 00:00:00-04:00,159.3035323273478,160.19338386133896,158.36368604860908,159.97341918945312,138133000,0.0,0.0
2025-07-09 00:00:00-04:00,161.1932080055649,164.39267314506114,161.13322041798892,162.85293579101562,183656400,0.0,0.0
2025-07-10 00:00:00-04:00,164.29270331195812,164.4726660794993,161.5831469026993,164.07273864746094,167704100,0.0,0.0
2025-07-11 00:00:00-04:00,163.6927958392512,167.862101078866,163.44283738179527,164.89259338378906,193633300,0.0,0.0
2025-07-14 00:00:00-04:00,165.3425116109199,165.4625020418882,161.99307751467913,164.04273986816406,136975800,0.0,0.0
2025-07-15 00:00:00-04:00,171.1615549258278,172.37134531045626,169.17188012202328,170.671630859375,230627400,0.0,0.0
2025-07-16 00:00:00-04:00,171.03157616389174,171.72146396229547,168.87193138356372,171.34152221679688,158831500,0.0,0.0
2025-07-17 00:00:00-04:00,171.99141956059896,174.13106334471073,170.80161486292053,172.97125244140625,160841100,0.0,0.0
2025-07-18 00:00:00-04:00,173.61115431570738,174.22105359276725,171.23154479926822,172.38136291503906,146456400,0.0,0.0
2025-07-21 00:00:00-04:00,172.72129949000853,173.35119970444802,170.97159023323564,171.35153198242188,123126100,0.0,0.0
2025-07-22 00:00:00-04:00,171.31154005146294,171.36153479867312,164.55266825003173,167.00225830078125,193114300,0.0,0.0
2025-07-23 00:00:00-04:00,169.5018251648929,171.23153339032083,167.94208685699226,170.75161743164062,154082200,0.0,0.0
2025-07-24 00:00:00-04:00,172.41134882841166,173.80111724784433,171.27153886755505,173.7111358642578,128984600,0.0,0.0
2025-07-25 00:00:00-04:00,173.58115848322245,174.69097468726906,172.9312725713388,173.47117614746094,122316800,0.0,0.0
2025-07-28 00:00:00-04:00,173.99108478739527,176.97058528484683,173.94109004538618,176.7206268310547,140023500,0.0,0.0
2025-07-29 00:00:00-04:00,177.93044011853775,179.35020236643535,174.99092613442062,175.4808349609375,154077500,0.0,0.0
2025-07-30 00:00:00-04:00,176.48066791766442,179.86011122312902,176.01074478620916,179.24021911621094,174312200,0.0,0.0
2025-07-31 00:00:00-04:00,182.86960179799485,183.26954448460754,175.9007587673991,177.84043884277344,221685400,0.0,0.0
2025-08-01 00:00:00-04:00,174.06106522140865,176.51065501732398,170.86160006411595,173.69113159179688,204529000,0.0,0.0
2025-08-04 00:00:00-04:00,175.1309006070304,180.17005649193501,174.49100755408614,179.9700927734375,148174600,0.0,0.0
2025-08-05 00:00:00-04:00,179.59015184800575,180.23004490386853,175.87076869322405,178.23037719726562,156407600,0.0,0.0
2025-08-06 00:00:00-04:00,176.30069964693718,179.87009845787975,176.22071111043454,179.3901824951172,137192300,0.0,0.0
2025-08-07 00:00:00-04:00,181.53984513179375,183.84945895635624,178.7703010091291,180.73997497558594,151878400,0.0,0.0
2025-08-08 00:00:00-04:00,181.51982919208731,183.26953833968557,180.3700111699138,182.6696319580078,123396700,0.0,0.0
2025-08-11 00:00:00-04:00,182.01974653412333,183.80944232526838,180.2200426409657,182.0297393798828,138323200,0.0,0.0
2025-08-12 00:00:00-04:00,182.9295986692803,184.44933506001817,179.4301803710301,183.1295623779297,145485700,0.0,0.0
2025-08-13 00:00:00-04:00,182.58965738273272,183.93943921657484,179.3202115957667,181.55982971191406,179871700,0.0,0.0
2025-08-14 00:00:00-04:00,179.72011917648817,182.98957985829236,179.43017409752198,181.98974609375,129554000,0.0,0.0
2025-08-15 00:00:00-04:00,181.84978375259033,181.86976944489334,178.01041021115256,180.42001342773438,156602200,0.0,0.0
2025-08-18 00:00:00-04:00,180.56999746834546,182.90960499065454,180.5599893659508,181.97975158691406,132008000,0.0,0.0
2025-08-19 00:00:00-04:00,182.39967416584764,182.46966985536903,175.46084035755914,175.61080932617188,185229200,0.0,0.0
2025-08-20 00:00:00-04:00,175.1408920976954,175.9707560164781,168.77195541250927,175.370849609375,215142700,0.0,0.0
2025-08-21 00:00:00-04:00,174.8209444570093,176.87059152353538,173.78110877087863,174.95091247558594,140040900,0.0,0.0
2025-08-22 00:00:00-04:00,172.58132291943235,178.56032512128596,171.17155351749952,177.96043395996094,172789400,0.0,0.0
2025-08-25 00:00:00-04:00,178.3203719824875,181.87977802218637,176.54066896263805,179.78012084960938,163012800,0.0,0.0
2025-08-26 00:00:00-04:00,180.03006938032237,182.35968393651802,178.7802771456414,181.7397918701172,168688200,0.0,0.0
2025-08-27 00:00:00-04:00,181.94975068857377,182.45967569067753,179.07023971825097,181.56982421875,235518900,0.0,0.0
2025-08-28 00:00:00-04:00,180.7899615720414,184.43934897141472,176.3806906932069,180.1400604248047,281787800,0.0,0.0
2025-08-29 00:00:00-04:00,178.08040158317536,178.12038822306508,173.12121914292007,174.1510467529297,243257900,0.0,0.0
2025-09-02 00:00:00-04:00,169.9717482776903,172.351357635579,167.19221149694363,170.75161743164062,231164900,0.0,0.0
2025-09-03 00:00:00-04:00,171.03158891427162,172.38137081666613,168.851958278929,170.59165954589844,164424900,0.0,0.0
2025-09-04 00:00:00-04:00,170.54166973363456,171.83144870716828,169.381858788342,171.63148498535156,141670100,0.0,0.0
2025-09-05 00:00:00-04:00,168.00209055003162,169.0019244592772,164.04275681292185,166.9922637939453,224441400,0.0,0.0
2025-09-08 00:00:00-04:00,167.5221599855096,170.93159698121408,167.32219627229085,168.2820281982422,163769100,0.0,0.0
2025-09-09 00:00:00-04:00,169.0618925540675,170.95157781434446,166.71229229208453,170.7316131591797,157548400,0.0,0.0
2025-09-10 00:00:00-04:00,176.61064931709572,179.26020289704138,175.44084555219968,177.300537109375,226852000,0.0,0.0
2025-09-11 00:00:00-04:00,179.66027757334626,180.26021784214308,176.4606317396978,177.1505584716797,151159300,0.01,0.0
2025-09-12 00:00:00-04:00,177.75047851465564,178.5803891806412,176.43061617633268,177.80047607421875,124911000,0.0,0.0
2025-09-15 00:00:00-04:00,175.65071055071581,178.830369337568,174.49083425075145,177.73048400878906,147061600,0.0,0.0
2025-09-16 00:00:00-04:00,176.98057174387853,177.4805168617991,174.36086420825131,174.86080932617188,140737800,0.0,0.0
2025-09-17 00:00:00-04:00,172.62104942275718,173.18098551277336,168.39151800406466,170.27130126953125,211843800,0.0,0.0
2025-09-18 00:00:00-04:00,173.96089569350613,177.08056354559588,172.94101865721873,176.2206573486328,191763300,0.0,0.0
2025-09-19 00:00:00-04:00,175.7506939671915,178.06043774665943,175.16074718989944,176.6505889892578,237182100,0.0,0.0
2025-09-22 00:00:00-04:00,175.28075846993005,184.52974299714734,174.69082690233378,183.58984375,269637000,0.0,0.0
2025-09-23 00:00:00-04:00,181.95002022927713,182.3999677661597,176.19065819152993,178.410400390625,192559600,0.0,0.0
2025-09-24 00:00:00-04:00,179.75025700209653,179.76025041106172,175.38072666046574,176.9505615234375,143564100,0.0,0.0
2025-09-25 00:00:00-04:00,174.4608472798892,180.2402117285651,173.11100459099512,177.67050170898438,191586700,0.0,0.0
2025-09-26 00:00:00-04:00,178.15043859744398,179.750269051669,174.91078879333958,178.17044067382812,148573700,0.0,0.0
2025-09-29 00:00:00-04:00,180.41019002973698,183.97980553666213,180.30021674934378,181.83004760742188,193063500,0.0,0.0
2025-09-30 00:00:00-04:00,182.06000352373024,187.32942897828707,181.4600633204032,186.55950927734375,236981000,0.0,0.0
2025-10-01 00:00:00-04:00,185.21967144700423,188.11934700723293,183.87980694521147,187.21945190429688,173844900,0.0,0.0
2025-10-02 00:00:00-04:00,189.57919146332628,191.0290292282152,188.03935198339767,188.8692626953125,136805800,0.0,0.0
2025-10-03 00:00:00-04:00,189.1692307003317,190.33910041164867,185.35965145286306,187.59939575195312,137596900,0.0,0.0
2025-10-06 00:00:00-04:00,185.4796339074747,187.20943969833962,183.3098739831843,185.51962280273438,157678100,0.0,0.0
2025-10-07 00:00:00-04:00,186.20955566811082,189.03924688644503,183.97980469837793,185.01968383789062,140088000,0.0,0.0
2025-10-08 00:00:00-04:00,186.5495190429729,189.57918508139647,186.51950830089396,189.0892333984375,130168900,0.0,0.0
2025-10-09 00:00:00-04:00,192.20888438710807,195.27855455286462,191.039014711271,192.54885864257812,182997200,0.0,0.0
2025-10-10 00:00:00-04:00,193.4887469873255,195.59851591827854,182.03001384654092,183.139892578125,268774400,0.0,0.0
2025-10-13 00:00:00-04:00,187.9493639887039,190.08912842775598,185.93959015922437,188.29933166503906,153482800,0.0,0.0
2025-10-14 00:00:00-04:00,184.74970821605342,184.77970370013514,179.6802578066599,180.01022338867188,205641400,0.0,0.0
2025-10-15 00:00:00-04:00,184.77971248532194,184.84969686580231,177.2705272995106,179.8102569580078,214450500,0.0,0.0
2025-10-16 00:00:00-04:00,182.20999112544493,183.2598789113643,179.75026972003684,181.7900390625,179723300,0.0,0.0
2025-10-17 00:00:00-04:00,180.1602152773484,184.07979842608083,179.7302697995737,183.19989013671875,173135200,0.0,0.0
2025-10-20 00:00:00-04:00,183.10990104163824,185.1796658652692,181.7100455780644,182.6199493408203,128544700,0.0,0.0
2025-10-21 00:00:00-04:00,182.76991679751694,182.76991679751694,179.7802549646251,181.14010620117188,124240200,0.0,0.0
2025-10-22 00:00:00-04:00,181.12011433169937,183.4198648953589,176.74059027394597,180.2602081298828,162249600,0.0,0.0
2025-10-23 00:00:00-04:00,180.4001849787377,183.0098989665471,179.7702492811968,182.13999938964844,111363700,0.0,0.0
2025-10-24 00:00:00-04:00,183.81980015643103,187.44940625639555,183.47984116964938,186.23953247070312,131296700,0.0,0.0
2025-10-27 00:00:00-04:00,189.9691435897376,191.97891738858848,188.4093020699799,191.46897888183594,153452700,0.0,0.0
2025-10-28 00:00:00-04:00,193.0288146936141,203.12769700573313,191.8889404255143,201.0079345703125,297986200,0.0,0.0
2025-10-29 00:00:00-04:00,207.95717223581016,212.1667169482571,204.7575264516481,207.01727294921875,308829600,0.0,0.0
2025-10-30 00:00:00-04:00,205.12746791137428,206.13736677538768,201.38788833732997,202.8677215576172,178864400,0.0,0.0
2025-10-31 00:00:00-04:00,206.42733011185774,207.94716749796044,202.04782138155986,202.4677734375,179802200,0.0,0.0
2025-11-03 00:00:00-05:00,208.05714970598171,211.31678618801203,205.53742218982754,206.85728454589844,180267300,0.0,0.0
2025-11-04 00:00:00-05:00,202.9777066091775,203.9476013046771,197.90825607143535,198.66818237304688,188919300,0.0,0.0
2025-11-05 00:00:00-05:00,198.7481902403631,202.89772869539195,194.6286320152979,195.18858337402344,171350300,0.0,0.0
2025-11-06 00:00:00-05:00,196.39843756369172,197.59830279082226,186.35954634625867,188.05935668945312,223029800,0.0,0.0
2025-11-07 00:00:00-05:00,184.87970536775757,188.29934352754728,178.8903723972709,188.1293487548828,264942300,0.0,0.0
2025-11-10 00:00:00-05:00,195.08858253564551,199.91805415635875,193.76872011438098,199.0281524658203,198897100,0.0,0.0
2025-11-11 00:00:00-05:00,195.13857433756354,195.3985402959953,191.2789975702345,193.1387939453125,176483300,0.0,0.0
2025-11-12 00:00:00-05:00,195.69851973704638,195.86849924763862,191.1090271797132,193.7787322998047,154935300,0.0,0.0
2025-11-13 00:00:00-05:00,191.02901978717685,191.4189763426968,183.82981362374773,186.8394775390625,207423100,0.0,0.0
2025-11-14 00:00:00-05:00,182.8399289693184,190.98902828114038,180.56018045425046,190.1491241455078,186591900,0.0,0.0
2025-11-17 00:00:00-05:00,185.9495778546046,188.9792438771453,184.29976516169708,186.5795135498047,173628900,0.0,0.0
2025-11-18 00:00:00-05:00,183.3598703733926,184.7797126313021,179.6302689297591,181.340087890625,213598900,0.0,0.0
2025-11-19 00:00:00-05:00,184.76969080502667,187.8393608341106,182.80991469001526,186.49951171875,247246400,0.0,0.0
2025-11-20 00:00:00-05:00,195.92847930218133,195.97847686300787,179.83025642841662,180.6201629638672,343504800,0.0,0.0
2025-11-21 00:00:00-05:00,181.22010834266524,184.5397359279593,172.91100782704066,178.86036682128906,346926200,0.0,0.0
2025-11-24 00:00:00-05:00,179.47030653663683,183.4798609481747,176.4606271183833,182.52996826171875,256618300,0.0,0.0
2025-11-25 00:00:00-05:00,174.89079203873564,178.14043506786686,169.53138015579162,177.80047607421875,320600300,0.0,0.0
2025-11-26 00:00:00-05:00,181.6100638206842,182.8899220695924,178.22043661727494,180.24020385742188,183852000,0.0,0.0
2025-11-28 00:00:00-05:00,178.99033405428943,179.2703020816569,176.48061521713345,176.98056030273438,121332800,0.0,0.0
2025-12-01 00:00:00-05:00,174.7408159055669,180.2802164760195,173.66093259662904,179.90025329589844,188131000,0.0,0.0
2025-12-02 00:00:00-05:00,181.7400335835938,185.63961443898967,179.98023235974816,181.44007873535156,182632200,0.0,0.0
2025-12-03 00:00:00-05:00,181.06012391136443,182.4299686383783,179.09033894604931,179.57028198242188,165138000,0.0,0.0
2025-12-04 00:00:00-05:00,181.61017209543593,184.51002440204854,179.95027347354184,183.37008666992188,167364900,0.01,0.0
2025-12-05 00:00:00-05:00,183.88004685245298,184.6500094505641,180.9002124089338,182.40013122558594,143971100,0.0,0.0
2025-12-08 00:00:00-05:00,182.6301165694494,187.98982714518382,182.39012406320575,185.5399627685547,204378100,0.0,0.0
2025-12-09 00:00:00-05:00,185.54995586495326,185.70995086836587,183.31008684903045,184.95999145507812,144719700,0.0,0.0
2025-12-10 00:00:00-05:00,184.9599880707457,185.46995496958337,182.03013874897007,183.77005004882812,162785400,0.0,0.0
2025-12-11 00:00:00-05:00,180.27023782951787,181.31019006496976,176.61043233199788,180.92019653320312,182136600,0.0,0.0
2025-12-12 00:00:00-05:00,181.10019518559332,182.81010931847595,174.61054106596097,175.01052856445312,204274900,0.0,0.0
2025-12-15 00:00:00-05:00,177.93037643785232,178.4103461991077,175.02053019793698,176.28045654296875,164775600,0.0,0.0
2025-12-16 00:00:00-05:00,176.25046044282257,178.48035080582065,174.8905333961456,177.71038818359375,148588100,0.0,0.0
2025-12-17 00:00:00-05:00,176.0904801521757,176.12047730871902,170.30078481189744,170.93075561523438,222775500,0.0,0.0
2025-12-18 00:00:00-05:00,174.52054772862792,176.14045512074784,171.8107030234881,174.1305694580078,176096000,0.0,0.0
2025-12-19 00:00:00-05:00,176.6604358481607,181.4401759084778,176.3304518785618,180.98020935058594,324925900,0.0,0.0
2025-12-22 00:00:00-05:00,183.91003698180788,184.15002947616998,182.34012994783166,183.6800537109375,129064400,0.0,0.0
2025-12-23 00:00:00-05:00,182.96010023623109,189.31975669034466,182.89009670029142,189.19976806640625,174873600,0.0,0.0
2025-12-24 00:00:00-05:00,187.92983057380172,188.899779295176,186.57989753660073,188.59979248046875,65528500,0.0,0.0
2025-12-26 00:00:00-05:00,189.9097162518428,192.67957056140054,187.98982202804387,190.51968383789062,139740300,0.0,0.0
2025-12-29 00:00:00-05:00,187.6998414610299,188.749772392931,185.8999358866866,188.20980834960938,120006100,0.0,0.0
2025-12-30 00:00:00-05:00,188.22982052336855,188.9797799436452,186.91987858592935,187.52984619140625,97687300,0.0,0.0
2025-12-31 00:00:00-05:00,189.55975523635485,190.54969193131708,186.47991997410415,186.4899139404297,120100500,0.0,0.0
2026-01-02 00:00:00-05:00,189.82971935613102,192.91954841717475,188.24980305842183,188.83978271484375,148240500,0.0,0.0
2026-01-05 00:00:00-05:00,191.74961996436147,193.61952916959007,186.13992286460274,188.1098175048828,183529700,0.0,0.0
2026-01-06 00:00:00-05:00,190.50969495089785,192.15959956375178,186.80989821500853,187.22987365722656,176862600,0.0,0.0
2026-01-07 00:00:00-05:00,188.55979791265688,191.35963411085106,186.54989697142676,189.09976196289062,153543200,0.0,0.0
2026-01-08 00:00:00-05:00,189.09977067708235,189.53974931649188,183.70006889406122,185.0299835205078,172457000,0.0,0.0
2026-01-09 00:00:00-05:00,185.06998015284367,186.32990643372668,183.66005283935564,184.84999084472656,131327500,0.0,0.0
2026-01-12 00:00:00-05:00,183.2100845491025,187.10986736077922,183.010098425574,184.92999267578125,137968500,0.0,0.0
2026-01-13 00:00:00-05:00,184.9899882929175,188.0998205983224,183.3900687774691,185.79994201660156,160128900,0.0,0.0
2026-01-14 00:00:00-05:00,184.3100252062831,184.45001701406107,180.79021156477043,183.1300811767578,159586100,0.0,0.0
2026-01-15 00:00:00-05:00,186.48991316970114,189.6897370464893,186.31992419508657,187.03988647460938,206188600,0.0,0.0
2026-01-16 00:00:00-05:00,189.06976141755646,190.4296883714215,186.06992389502736,186.21990966796875,187967200,0.0,0.0
2026-01-20 00:00:00-05:00,181.89014292514364,182.37012791600927,177.60038196777572,178.06036376953125,223345300,0.0,0.0
2026-01-21 00:00:00-05:00,179.04031586008543,185.3699752173061,178.3903418724365,183.31008911132812,200381000,0.0,0.0
2026-01-22 00:00:00-05:00,184.7399951080077,186.15991637882954,183.92003219020145,184.82998657226562,139636600,0.0,0.0
2026-01-23 00:00:00-05:00,187.48984685190618,189.58973923983262,186.80989099781206,187.6598358154297,142748100,0.0,0.0
2026-01-26 00:00:00-05:00,187.1498802806874,189.1097657209082,185.97994539629804,186.4599151611328,124799600,0.0,0.0
2026-01-27 00:00:00-05:00,187.22986667366473,189.9897117301412,185.6899415183402,188.50979614257812,143711600,0.0,0.0
2026-01-28 00:00:00-05:00,191.25965707901594,192.33960048487265,189.82972650403363,191.5096435546875,148552700,0.0,0.0
2026-01-29 00:00:00-05:00,191.32963792417547,193.46952146246272,186.04992498376654,192.49957275390625,171764400,0.0,0.0
2026-01-30 00:00:00-05:00,191.19965692455457,194.47947816452233,189.45974561417185,191.11965942382812,179489500,0.0,0.0
2026-02-02 00:00:00-05:00,187.1898706566695,190.2897090701948,184.87000408758857,185.59996032714844,165794100,0.0,0.0
2026-02-03 00:00:00-05:00,186.22992037566058,186.25991753048794,176.22045266395375,180.33023071289062,204019600,0.0,0.0
2026-02-04 00:00:00-05:00,179.45029148582987,179.57028010697434,171.90069716024271,174.18057250976562,207014100,0.0,0.0
2026-02-05 00:00:00-05:00,174.92051964769362,176.81043194569037,171.020736948564,171.87069702148438,206312900,0.0,0.0
2026-02-06 00:00:00-05:00,176.6804343618602,186.98987361565233,174.59055120100808,185.39996337890625,231346200,0.0,0.0
2026-02-09 00:00:00-05:00,184.25002288009932,193.64952333361757,183.9400420976916,190.0297088623047,196387400,0.0,0.0
2026-02-10 00:00:00-05:00,191.36964298604585,192.46957427391544,188.10980972728564,188.52978515625,136764800,0.0,0.0
2026-02-11 00:00:00-05:00,192.43958265041238,193.24953637655122,188.75978911487715,190.0397186279297,144192700,0.0,0.0
2026-02-12 00:00:00-05:00,193.01955263160718,193.5995230748733,186.49990120030046,186.9298858642578,189932500,0.0,0.0
2026-02-13 00:00:00-05:00,187.4698554447334,187.4898586352177,181.58017462912434,182.80010986328125,161888000,0.0,0.0
2026-02-17 00:00:00-05:00,181.74016448672575,187.13986615921206,179.17029624003743,184.95999145507812,162276900,0.0,0.0
2026-02-18 00:00:00-05:00,188.73978069812654,190.3596881055438,186.7498829478333,187.96981811523438,164749100,0.0,0.0
2026-02-19 00:00:00-05:00,187.04988063530703,188.41980165789556,185.64996245587088,187.88983154296875,126554500,0.0,0.0
2026-02-20 00:00:00-05:00,186.5599139825128,190.31970507557438,185.92994318264132,189.8097381591797,178422300,0.0,0.0
2026-02-23 00:00:00-05:00,191.3896412925324,193.93950641757905,189.56974766836524,191.53964233398438,171584800,0.0,0.0
2026-02-24 00:00:00-05:00,191.47964208446245,193.75951747058733,187.38985183856119,192.83956909179688,175123600,0.0,0.0
2026-02-25 00:00:00-05:00,194.43946745531196,197.61930319203404,193.77949953248776,195.54940795898438,250637100,0.0,0.0
2026-02-26 00:00:00-05:00,194.25948668244985,194.27947461393586,184.31002841741252,184.87998962402344,360807900,0.0,0.0
2026-02-27 00:00:00-05:00,181.2401979138715,182.5801217841234,176.3704661683341,177.180419921875,311636500,0.0,0.0
2026-03-02 00:00:00-05:00,175.00052620838028,183.45008125730604,174.63055110847353,182.47012329101562,209095300,0.0,0.0
2026-03-03 00:00:00-05:00,178.4803396065267,180.8901975001603,176.91041730394699,180.04025268554688,178099400,0.0,0.0
2026-03-04 00:00:00-05:00,180.4302401537762,184.69000418349444,180.0502558302461,183.03009033203125,177731200,0.0,0.0
2026-03-05 00:00:00-05:00,181.1601973472636,184.05004039552568,177.87038204113773,183.330078125,198779700,0.0,0.0
2026-03-06 00:00:00-05:00,179.83025866705609,182.7500987288974,176.81043317462274,177.8103790283203,189021900,0.0,0.0
2026-03-09 00:00:00-04:00,176.82042919903367,182.90010189125664,175.55049367782217,182.64010620117188,177213600,0.0,0.0
2026-03-10 00:00:00-04:00,182.39012758732315,186.42991760168223,182.00014929336922,184.760009765625,179118500,0.0,0.0
2026-03-11 00:00:00-04:00,185.91000366210938,187.6199951171875,184.4499969482422,186.02999877929688,145280400,0.01,0.0
2026-03-12 00:00:00-04:00,184.0500030517578,184.94000244140625,181.75,183.13999938964844,155762700,0.0,0.0
2026-03-13 00:00:00-04:00,184.9199981689453,186.08999633789062,179.94000244140625,180.25,160988400,0.0,0.0
2026-03-16 00:00:00-04:00,182.97000122070312,188.8800048828125,181.41000366210938,183.22000122070312,217307400,0.0,0.0
2026-03-17 00:00:00-04:00,185.05999755859375,185.39999389648438,181.67999267578125,181.92999267578125,182497800,0.0,0.0
2026-03-18 00:00:00-04:00,182.47999572753906,183.3800048828125,180.3300018310547,180.39999389648438,156683100,0.0,0.0
2026-03-19 00:00:00-04:00,178.00999450683594,179.97999572753906,175.7899932861328,178.55999755859375,170968500,0.0,0.0
2026-03-20 00:00:00-04:00,178.0,178.25999450683594,171.72000122070312,172.6999969482422,241323500,0.0,0.0
2026-03-23 00:00:00-04:00,177.25999450683594,178.3699951171875,174.75999450683594,175.63999938964844,182836300,0.0,0.0
2026-03-24 00:00:00-04:00,174.8300018310547,176.22000122070312,173.97999572753906,175.1999969482422,147667800,0.0,0.0
2026-03-25 00:00:00-04:00,177.10000610351562,181.22000122070312,176.85000610351562,178.67999267578125,162602100,0.0,0.0
2026-03-26 00:00:00-04:00,176.07000732421875,176.50999450683594,171.13999938964844,171.24000549316406,186152200,0.0,0.0
2026-03-27 00:00:00-04:00,170.0,170.97000122070312,167.00999450683594,167.52000427246094,196212700,0.0,0.0
2026-03-30 00:00:00-04:00,168.77999877929688,169.4499969482422,164.27000427246094,165.1699981689453,185627000,0.0,0.0
2026-03-31 00:00:00-04:00,166.97000122070312,174.6199951171875,166.9600067138672,174.39999389648438,226181300,0.0,0.0
2026-04-01 00:00:00-04:00,176.0,177.3699951171875,174.75,175.75,168132000,0.0,0.0
2026-04-02 00:00:00-04:00,172.17999267578125,177.49000549316406,171.3699951171875,177.38999938964844,143143200,0.0,0.0
2026-04-06 00:00:00-04:00,177.16000366210938,177.7899932861328,175.75999450683594,177.63999938964844,107564300,0.0,0.0
2026-04-07 00:00:00-04:00,175.72999572753906,178.22999572753906,173.66000366210938,178.10000610351562,132534900,0.0,0.0
2026-04-08 00:00:00-04:00,184.5,185.25999450683594,180.3000030517578,182.0800018310547,147732700,0.0,0.0
2026-04-09 00:00:00-04:00,181.83999633789062,184.0800018310547,180.6199951171875,183.91000366210938,116428500,0.0,0.0
2026-04-10 00:00:00-04:00,184.30999755859375,190.0,184.3000030517578,188.6300048828125,160459500,0.0,0.0
2026-04-13 00:00:00-04:00,186.02999877929688,189.66000366210938,185.74000549316406,189.30999755859375,133648200,0.0,0.0
2026-04-14 00:00:00-04:00,190.83999633789062,196.50999450683594,190.77000427246094,196.50999450683594,161307000,0.0,0.0
2026-04-15 00:00:00-04:00,196.5399932861328,200.39999389648438,195.74000549316406,198.8699951171875,185338400,0.0,0.0
2026-04-16 00:00:00-04:00,197.42999267578125,199.85000610351562,195.80999755859375,198.35000610351562,134012900,0.0,0.0
2026-04-17 00:00:00-04:00,199.89999389648438,201.6999969482422,199.27000427246094,201.67999267578125,160324400,0.0,0.0
2026-04-20 00:00:00-04:00,199.97999572753906,202.1699981689453,197.83999633789062,202.05999755859375,119381400,0.0,0.0
2026-04-21 00:00:00-04:00,202.1300048828125,202.75,199.0,199.8800048828125,107945300,0.0,0.0
2026-04-22 00:00:00-04:00,200.99000549316406,202.5,199.0,202.5,107501000,0.0,0.0
2026-04-23 00:00:00-04:00,202.4600067138672,203.8300018310547,197.22000122070312,199.63999938964844,113561800,0.0,0.0
2026-04-24 00:00:00-04:00,199.9600067138672,210.9499969482422,199.80999755859375,208.27000427246094,214134400,0.0,0.0
2026-04-27 00:00:00-04:00,209.64999389648438,216.8300018310547,207.3800048828125,216.61000061035156,187172400,0.0,0.0
2026-04-28 00:00:00-04:00,209.49000549316406,214.72999572753906,208.1999969482422,213.1699981689453,180275400,0.0,0.0
2026-04-29 00:00:00-04:00,212.6999969482422,212.72000122070312,207.5800018310547,209.25,123711800,0.0,0.0
2026-04-30 00:00:00-04:00,209.92999267578125,210.3000030517578,198.6999969482422,199.57000732421875,225239200,0.0,0.0
2026-05-01 00:00:00-04:00,201.27999877929688,203.0,197.1199951171875,198.4499969482422,128647000,0.0,0.0
2026-05-04 00:00:00-04:00,199.5,201.72999572753906,194.74000549316406,198.47999572753906,125368100,0.0,0.0
2026-05-05 00:00:00-04:00,199.3000030517578,200.24000549316406,196.02999877929688,196.5,113406600,0.0,0.0
2026-05-06 00:00:00-04:00,199.88999938964844,208.27000427246094,198.61000061035156,207.8300018310547,188362800,0.0,0.0
2026-05-07 00:00:00-04:00,208.33999633789062,214.1999969482422,206.5,211.5,168307900,0.0,0.0
2026-05-08 00:00:00-04:00,213.02999877929688,217.8000030517578,212.88999938964844,215.1999969482422,136421400,0.0,0.0
2026-05-11 00:00:00-04:00,214.0399932861328,222.3000030517578,213.88999938964844,219.44000244140625,160685800,0.0,0.0
2026-05-12 00:00:00-04:00,218.5500030517578,223.75,214.9199981689453,220.77999877929688,159176600,0.0,0.0
2026-05-13 00:00:00-04:00,224.92999267578125,227.83999633789062,221.57000732421875,225.8300018310547,150405400,0.0,0.0
2026-05-14 00:00:00-04:00,229.85000610351562,236.5399932861328,229.3000030517578,235.74000549316406,180782900,0.0,0.0
2026-05-15 00:00:00-04:00,229.75999450683594,231.5,224.24000549316406,225.32000732421875,179993300,0.0,0.0
