Date,Open,High,Low,Close,Volume,Dividends,Stock Splits
2021-05-17 00:00:00-04:00,213.45611840996537,214.56977305767666,209.74067801607384,211.94825744628906,3816100,0.0,0.0
2021-05-18 00:00:00-04:00,212.32277594174693,214.20514353830438,210.69664096120988,211.2288360595703,3540600,0.0,0.0
2021-05-19 00:00:00-04:00,212.72683550846955,218.39363777664784,211.40621276839133,218.13739013671875,8092100,0.0,0.0
2021-05-20 00:00:00-04:00,219.75364087938715,223.54794025541378,219.1426166308448,220.5420684814453,6705500,0.0,0.0
2021-05-21 00:00:00-04:00,221.95140215767134,222.51314690421628,219.22147758093365,219.3594512939453,4913600,0.0,0.0
2021-05-24 00:00:00-04:00,221.7444158607778,224.3068017925935,220.96585319514466,223.70562744140625,5288300,0.0,0.0
2021-05-25 00:00:00-04:00,224.7010194795313,226.3961336365402,223.0059053225224,224.41522216796875,6256300,0.0,0.0
2021-05-26 00:00:00-04:00,225.17407077108194,226.90861458644176,224.98681751483227,226.35670471191406,5807100,0.0,0.0
2021-05-27 00:00:00-04:00,226.1990192778764,226.1990192778764,222.12877251630854,222.56240844726562,15344100,0.0,0.0
2021-05-28 00:00:00-04:00,235.75868166324202,239.97675232864754,234.38879443832772,234.65489196777344,17810800,0.0,0.0
2021-06-01 00:00:00-04:00,234.55633765284549,234.95054396983232,229.09650346874184,232.78237915039062,8103900,0.0,0.0
2021-06-02 00:00:00-04:00,231.00840175854668,234.8421157740908,230.51563638360267,231.2252197265625,5543900,0.0,0.0
2021-06-03 00:00:00-04:00,229.52029561954305,229.80609296994592,226.11035201572295,227.4999542236328,5109000,0.0,0.0
2021-06-04 00:00:00-04:00,228.2785075142234,234.44792500307906,228.17009852304193,234.04385375976562,6177600,0.0,0.0
2021-06-07 00:00:00-04:00,233.17656427594855,236.00503250777834,232.42755133684037,234.69427490234375,3510800,0.0,0.0
2021-06-08 00:00:00-04:00,235.34474400156262,238.2914712933694,232.26002796950507,232.99917602539062,5827300,0.0,0.0
2021-06-09 00:00:00-04:00,235.4137399043956,235.4137399043956,232.1023557794206,232.67396545410156,3350900,0.0,0.0
2021-06-10 00:00:00-04:00,232.58528391804077,236.81320470813267,231.74757666838715,236.71466064453125,4659500,0.0,0.0
2021-06-11 00:00:00-04:00,235.57142279674716,236.89203044211132,234.96039852101282,236.83290100097656,4624200,0.0,0.0
2021-06-14 00:00:00-04:00,237.21724413974076,243.0712990927897,237.0004261757015,242.69679260253906,6764700,0.0,0.0
2021-06-15 00:00:00-04:00,241.66200380650884,241.80982740501906,238.50829335023516,239.07005310058594,5135300,0.0,0.0
2021-06-16 00:00:00-04:00,238.4984560855147,241.46489841074714,236.01491423299058,238.8828125,5099300,0.0,0.0
2021-06-17 00:00:00-04:00,238.49843235804764,243.60347422912199,237.7100047806679,240.8932647705078,5170200,0.0,0.0
2021-06-18 00:00:00-04:00,238.35064491336232,242.45044186908004,237.57206711134813,239.26718139648438,7822200,0.0,0.0
2021-06-21 00:00:00-04:00,239.92745520189652,241.1790834500245,235.43343744188456,240.9425506591797,5895100,0.0,0.0
2021-06-22 00:00:00-04:00,240.27241062181923,241.17909714787814,237.40451240171583,239.59239196777344,4457200,0.0,0.0
2021-06-23 00:00:00-04:00,240.22312666877235,240.96227475083012,237.3650934333515,238.34075927734375,4482400,0.0,0.0
2021-06-24 00:00:00-04:00,239.82890727036383,244.10610699572948,239.18830327810977,240.24282836914062,4987300,0.0,0.0
2021-06-25 00:00:00-04:00,240.65675408948744,240.66660398321696,237.50305872538252,238.3703155517578,15409300,0.0,0.0
2021-06-28 00:00:00-04:00,240.67647358356967,244.00755732745634,240.0752992182815,241.03126525878906,4274900,0.0,0.0
2021-06-29 00:00:00-04:00,240.90312366866752,243.20926186839293,238.92219736238647,242.2532958984375,3871900,0.0,0.0
2021-06-30 00:00:00-04:00,241.92811013426228,243.0614796405955,239.9767632515244,240.73562622070312,4168800,0.0,0.0
2021-07-01 00:00:00-04:00,240.96229790341442,243.02205381420316,239.10949505420322,241.4353485107422,3899600,0.0,0.0
2021-07-02 00:00:00-04:00,243.34727112827127,245.357762445971,242.28289602560798,244.60874938964844,4056200,0.0,0.0
2021-07-06 00:00:00-04:00,245.39716063965332,249.2604394363273,244.78613637713016,246.6290740966797,5590200,0.0,0.0
2021-07-07 00:00:00-04:00,249.33929394873923,249.83205935179998,244.27366620679499,244.84527587890625,5101400,0.0,0.0
2021-07-08 00:00:00-04:00,241.29733787158585,243.0121667380387,238.2422016624409,242.2434539794922,5159600,0.0,0.0
2021-07-09 00:00:00-04:00,242.0365208277301,244.41165381464748,240.55822453449636,241.51419067382812,4213500,0.0,0.0
2021-07-12 00:00:00-04:00,243.64292960149902,243.68234421742685,238.3506339302872,239.39529418945312,5604500,0.0,0.0
2021-07-13 00:00:00-04:00,238.784248202924,243.58379337025042,238.1830738202325,240.48922729492188,6699800,0.0,0.0
2021-07-14 00:00:00-04:00,240.9622819377171,242.58840175154197,236.39926949622316,238.92222595214844,6375700,0.0,0.0
2021-07-15 00:00:00-04:00,237.72975729684202,238.5280348942264,232.4078966222742,234.14242553710938,7912600,0.0,0.0
2021-07-16 00:00:00-04:00,234.85199376030002,237.39466504090765,234.3296636368658,234.9801025390625,7288100,0.0,0.0
2021-07-19 00:00:00-04:00,233.08789350922225,235.04910529412206,230.9197286692469,234.11285400390625,8843000,0.0,0.0
2021-07-20 00:00:00-04:00,235.24620117242097,239.66137498744519,232.85136852406407,236.63580322265625,8487000,0.0,0.0
2021-07-21 00:00:00-04:00,237.94655348300387,239.46426426463458,234.82242272082402,238.6068572998047,15323100,0.0,0.0
2021-07-22 00:00:00-04:00,239.97675542142417,245.1015126938696,239.81906688060874,244.68759155273438,7868700,0.0,0.0
2021-07-23 00:00:00-04:00,246.38269891191467,246.9345937513963,243.11072945212132,244.65802001953125,5877300,0.0,0.0
2021-07-26 00:00:00-04:00,244.60873497841368,244.88468239195691,242.2631819632961,244.01742553710938,3960700,0.0,0.0
2021-07-27 00:00:00-04:00,243.63307882054247,244.53976536365172,237.70017911753783,239.98660278320312,6352500,0.0,0.0
2021-07-28 00:00:00-04:00,240.29209527738948,242.51938917883237,239.48395290941178,240.43006896972656,4100200,0.0,0.0
2021-07-29 00:00:00-04:00,239.9668660409214,242.5982311010154,239.9668660409214,240.50889587402344,3271100,0.0,0.0
2021-07-30 00:00:00-04:00,239.48398378971996,240.70604739228813,238.13381140932273,238.42945861816406,3748400,0.0,0.0
2021-08-02 00:00:00-04:00,238.80397090693927,238.96165944747145,235.42360740806956,237.3749542236328,3525700,0.0,0.0
2021-08-03 00:00:00-04:00,237.88743495193077,239.5332696223613,235.5812813964109,237.64105224609375,3077900,0.0,0.0
2021-08-04 00:00:00-04:00,238.12394788727872,241.11010501831362,236.20216582839586,240.63705444335938,4121600,0.0,0.0
2021-08-05 00:00:00-04:00,241.13967477338917,247.26967770108214,240.01617023566448,246.93460083007812,5235200,0.0,0.0
2021-08-06 00:00:00-04:00,245.62383462831406,248.432603395557,245.6139847340945,246.9641571044922,4045400,0.0,0.0
2021-08-09 00:00:00-04:00,247.782129887133,248.76766059945382,244.26379306391053,245.7125244140625,3312200,0.0,0.0
2021-08-10 00:00:00-04:00,247.24011353670878,247.61462006279683,239.52340536362377,239.86834716796875,4430600,0.0,0.0
2021-08-11 00:00:00-04:00,241.12983220162954,242.58841365465346,236.62596401939768,238.7744140625,3999200,0.0,0.0
2021-08-12 00:00:00-04:00,238.99122919101757,244.83541986598124,238.42946939281995,244.79600524902344,4467400,0.0,0.0
2021-08-13 00:00:00-04:00,248.06797414672818,250.0981652693579,245.26905513457143,247.92013549804688,5986400,0.0,0.0
2021-08-16 00:00:00-04:00,246.55025018221983,247.3682425897668,240.93272736208556,245.5942840576172,4047500,0.0,0.0
2021-08-17 00:00:00-04:00,244.6678730648522,245.59427443077305,242.38144940926645,243.416259765625,3472600,0.0,0.0
2021-08-18 00:00:00-04:00,244.41162700041556,253.08428560550948,244.13567959232654,247.5850372314453,8306700,0.0,0.0
2021-08-19 00:00:00-04:00,245.56470038949232,251.743982533901,244.7861376971758,249.4082794189453,6600800,0.0,0.0
2021-08-20 00:00:00-04:00,249.33926483771697,254.13879449100867,248.95490846972447,252.42398071289062,5510700,0.0,0.0
2021-08-23 00:00:00-04:00,253.28146059393546,258.07112669630465,252.85768949289823,256.7505187988281,7603900,0.0,0.0
2021-08-24 00:00:00-04:00,258.13023275056815,258.70182736425136,255.31159910623506,255.90292358398438,6685200,0.0,0.0
2021-08-25 00:00:00-04:00,257.0855489675977,258.11050941656,255.00609342485134,257.0757141113281,9701000,0.0,0.0
2021-08-26 00:00:00-04:00,265.89621026984156,271.23780068960133,263.49151259907325,263.9153137207031,18987000,0.0,0.0
2021-08-27 00:00:00-04:00,263.9842350100529,266.9901216467583,261.5894026622716,262.6734924316406,7992500,0.0,0.0
2021-08-30 00:00:00-04:00,261.96395069656614,263.70832945947853,260.91929041016465,261.1361083984375,5730000,0.0,0.0
2021-08-31 00:00:00-04:00,260.9389972609952,262.9100589982643,258.8989712206934,261.4317626953125,5901500,0.0,0.0
2021-09-01 00:00:00-04:00,262.41729624097024,269.30617753469215,261.74714246170595,264.4376525878906,7189000,0.0,0.0
2021-09-02 00:00:00-04:00,265.10780313059644,265.364050780252,260.1013195614281,260.3279724121094,4498300,0.0,0.0
2021-09-03 00:00:00-04:00,259.7859479323923,263.5408182072841,258.0119742894727,263.215576171875,7356700,0.0,0.0
2021-09-07 00:00:00-04:00,262.68342312907566,264.0237307605794,260.2491605231377,261.3726501464844,4672500,0.0,0.0
2021-09-08 00:00:00-04:00,259.8055990621834,260.5151823712458,257.7951080071714,258.820068359375,3851500,0.0,0.0
2021-09-09 00:00:00-04:00,258.03167523791734,259.8943127668164,256.681502885665,256.96728515625,4126500,0.0,0.0
2021-09-10 00:00:00-04:00,257.22353585044016,257.804995406651,252.78864730129462,253.47853088378906,5280900,0.0,0.0
2021-09-13 00:00:00-04:00,253.28141089665246,253.9614295421058,248.5410102427611,250.4332275390625,5258200,0.0,0.0
2021-09-14 00:00:00-04:00,250.43323578579188,251.4187665999443,249.3392959805624,250.68946838378906,4097500,0.0,0.0
2021-09-15 00:00:00-04:00,250.85699741992266,253.03502705432822,249.2900070932452,252.4535675048828,4764600,0.0,0.0
2021-09-16 00:00:00-04:00,251.8327030664199,257.4403761463681,251.31037290616536,256.5928039550781,5122600,0.0,0.0
2021-09-17 00:00:00-04:00,255.518566991171,257.91342976138446,254.9371074116749,256.7603454589844,7049400,0.0,0.0
2021-09-20 00:00:00-04:00,252.87732946810635,255.45941519985635,251.25120975908933,254.48374938964844,5985500,0.0,0.0
2021-09-21 00:00:00-04:00,255.71569252490232,258.7511143293073,254.04027803853936,254.23739624023438,6040600,0.0,0.0
2021-09-22 00:00:00-04:00,255.15388563815793,256.592752001788,252.50280571740922,255.4199981689453,4355600,0.0,0.0
2021-09-23 00:00:00-04:00,266.0932819149567,275.3474293780391,262.5453654742221,273.83953857421875,15617200,0.0,0.0
2021-09-24 00:00:00-04:00,274.4703225826442,282.21658008691065,274.18451023479344,281.4971618652344,13368300,0.0,0.0
2021-09-27 00:00:00-04:00,278.35331430756577,279.65422214792306,275.0025156900496,275.63323974609375,5941100,0.0,0.0
2021-09-28 00:00:00-04:00,271.12940186943433,272.69642252747656,266.1327828724185,268.3403625488281,7127100,0.0,0.0
2021-09-29 00:00:00-04:00,269.5328485065049,270.7056327370613,265.3443419905224,266.58612060546875,4361900,0.0,0.0
2021-09-30 00:00:00-04:00,266.7338640912205,270.29164537302904,266.52691107624815,267.2956237792969,5224200,0.0,0.0
2021-10-01 00:00:00-04:00,267.5715860913643,272.3415510888073,264.8810764425294,271.2771911621094,4756000,0.0,0.0
2021-10-04 00:00:00-04:00,271.23778684312555,271.3166160733496,262.2891804500471,266.94085693359375,6393800,0.0,0.0
2021-10-05 00:00:00-04:00,268.1727843984617,269.5919512245286,267.1084243169188,267.83770751953125,4050400,0.0,0.0
2021-10-06 00:00:00-04:00,265.76810000505554,271.5038663155685,263.6294849683156,271.28704833984375,4745500,0.0,0.0
2021-10-07 00:00:00-04:00,272.89352529821355,275.4559118891302,270.1143206863112,270.6070861816406,5374200,0.0,0.0
2021-10-08 00:00:00-04:00,271.5531669311327,272.91320425669977,268.33046194419853,268.5374450683594,2683300,0.0,0.0
2021-10-11 00:00:00-04:00,267.84753527981843,272.272558545362,267.58145281536395,269.7890319824219,2693000,0.0,0.0
2021-10-12 00:00:00-04:00,272.42047815070254,276.6878139263413,272.026241710296,274.963134765625,5970100,0.0,0.0
2021-10-13 00:00:00-04:00,275.94863570085545,280.974849009181,274.56889853755405,280.2948303222656,6573500,0.0,0.0
2021-10-14 00:00:00-04:00,281.86184592315885,286.4347238739249,280.5412380863472,285.82366943359375,5433900,0.0,0.0
2021-10-15 00:00:00-04:00,288.25788820258293,288.6323947111251,285.13377247271575,287.4399108886719,5119300,0.0,0.0
2021-10-18 00:00:00-04:00,286.5726380515815,289.00690027312027,284.5325821255283,287.4793395996094,5163300,0.0,0.0
2021-10-19 00:00:00-04:00,287.87355913133314,291.25392263266644,287.14424587133857,288.1100769042969,3631200,0.0,0.0
2021-10-20 00:00:00-04:00,288.8689006488179,291.1356393955137,283.78358849935165,285.8926086425781,4487900,0.0,0.0
2021-10-21 00:00:00-04:00,285.28159185007297,287.35121247251885,284.0989429012433,285.6166687011719,2828500,0.0,0.0
2021-10-22 00:00:00-04:00,284.818416862026,288.7605402788015,284.0102743433435,288.326904296875,2927000,0.0,0.0
2021-10-25 00:00:00-04:00,289.0561514932211,290.8596895742743,287.49902617103237,289.6672058105469,2993500,0.0,0.0
2021-10-26 00:00:00-04:00,291.500284657675,294.0429407646878,289.3715346239842,290.8399658203125,3601400,0.0,0.0
2021-10-27 00:00:00-04:00,292.23943177693417,294.8609471782072,290.8202650923952,290.87939453125,3742700,0.0,0.0
2021-10-28 00:00:00-04:00,290.80057858363625,294.48645412861623,289.28285273969794,294.06268310546875,3450400,0.0,0.0
2021-10-29 00:00:00-04:00,293.6881797821276,296.4279542159807,291.983200662739,295.3537292480469,4251900,0.0,0.0
2021-11-01 00:00:00-04:00,297.13752459469157,300.44889351687306,295.38328104224763,298.3793029785156,3825100,0.0,0.0
2021-11-02 00:00:00-04:00,297.3543755569534,299.04948985786206,295.07780165136313,298.56658935546875,4177500,0.0,0.0
2021-11-03 00:00:00-04:00,299.5521065584204,299.5521065584204,293.87543937699326,298.5074462890625,3260200,0.0,0.0
2021-11-04 00:00:00-04:00,299.10862807123743,303.94758839808514,298.0245380663196,303.58294677734375,3833800,0.0,0.0
2021-11-05 00:00:00-04:00,304.0362960033246,306.8943297236467,298.95095272685353,302.80438232421875,4681800,0.0,0.0
2021-11-08 00:00:00-05:00,302.75505328417324,306.88442946256305,301.4738452853442,305.47509765625,3893000,0.0,0.0
2021-11-09 00:00:00-05:00,305.5145721414933,307.23925117777594,302.77479750403927,305.228759765625,3126500,0.0,0.0
2021-11-10 00:00:00-05:00,302.1342023142288,304.1249638197528,293.57980168619537,295.33404541015625,4350900,0.0,0.0
2021-11-11 00:00:00-05:00,297.13750360216795,301.32600904266286,297.13750360216795,298.5960998535156,2681900,0.0,0.0
2021-11-12 00:00:00-05:00,300.094127498294,302.77477246749334,297.26565892483995,302.2130126953125,3803700,0.0,0.0
2021-11-15 00:00:00-05:00,302.45942639318906,303.3069986044712,298.84254484234395,301.06982421875,3595300,0.0,0.0
2021-11-16 00:00:00-05:00,299.68020997448167,303.12956797641453,298.33990244450354,302.64666748046875,2989400,0.0,0.0
2021-11-17 00:00:00-05:00,303.3266841243764,305.41600471637975,302.8043539763756,303.5632019042969,3864700,0.0,0.0
2021-11-18 00:00:00-05:00,301.73016446523803,302.54814193439836,295.2453538598208,298.60601806640625,4443100,0.0,0.0
2021-11-19 00:00:00-05:00,301.28660496062884,301.57241730681096,296.7433225220024,296.81231689453125,4758900,0.0,0.0
2021-11-22 00:00:00-05:00,297.472606280223,301.0697876030012,292.42669351143667,292.5449523925781,4474700,0.0,0.0
2021-11-23 00:00:00-05:00,289.4011448499274,292.18034922614737,284.1384134152224,287.20343017578125,6431100,0.0,0.0
2021-11-24 00:00:00-05:00,281.90127580673675,285.26193988916464,279.1023715729883,284.9859924316406,5091400,0.0,0.0
2021-11-26 00:00:00-05:00,280.3834685583893,283.4090548573845,278.9446022376849,280.09765625,4195300,0.0,0.0
2021-11-29 00:00:00-05:00,285.33084750705945,294.07253038843555,280.5806122231731,292.4463806152344,8215600,0.0,0.0
2021-11-30 00:00:00-05:00,291.9043749231677,294.93979660431245,279.299427359801,280.83685302734375,13597600,0.0,0.0
2021-12-01 00:00:00-05:00,267.33509036789,272.93289800854046,247.82157781696276,247.86099243164062,30723100,0.0,0.0
2021-12-02 00:00:00-05:00,249.16190146712864,258.7806615227934,248.49173271037756,257.420654296875,12200800,0.0,0.0
2021-12-03 00:00:00-05:00,257.7655663734944,257.96268456211317,248.05809710427602,254.5823211669922,8944000,0.0,0.0
2021-12-06 00:00:00-05:00,252.39445281849393,255.47916914371478,247.08244222021045,255.006103515625,7123000,0.0,0.0
2021-12-07 00:00:00-05:00,261.62886556709435,266.32000185120285,259.78592776291276,263.1268615722656,7401200,0.0,0.0
2021-12-08 00:00:00-05:00,264.42775708615676,264.6150103375418,260.74188165028545,262.4566955566406,4586500,0.0,0.0
2021-12-09 00:00:00-05:00,262.1906281317687,262.82135221790196,258.83982935440025,260.4955139160156,3967000,0.0,0.0
2021-12-10 00:00:00-05:00,262.24978051458504,266.6551048743797,260.613795598928,262.1807861328125,3480100,0.0,0.0
2021-12-13 00:00:00-05:00,261.9540419063361,266.64517755300255,260.7812579946695,261.9146423339844,3625700,0.0,0.0
2021-12-14 00:00:00-05:00,258.20907126336374,258.3568948691134,249.63495625573125,251.89181518554688,7227300,0.0,0.0
2021-12-15 00:00:00-05:00,251.16249818307293,256.4252283709949,248.25517066553866,256.27740478515625,6484900,0.0,0.0
2021-12-16 00:00:00-05:00,256.2380224049569,257.56849507495485,248.57059355295686,249.4575653076172,6556700,0.0,0.0
2021-12-17 00:00:00-05:00,247.6047294813408,250.2262296191664,243.21910599535255,249.270263671875,12119400,0.0,0.0
2021-12-20 00:00:00-05:00,246.27430260834345,247.9004224897201,242.93335364052749,243.63308715820312,5580100,0.0,0.0
2021-12-21 00:00:00-05:00,244.41164472464305,249.34914874672853,241.70143495451092,248.89581298828125,5428200,0.0,0.0
2021-12-22 00:00:00-05:00,249.75319036485587,250.58103255094537,245.89976168517026,249.1421661376953,4982400,0.0,0.0
2021-12-23 00:00:00-05:00,247.59489698004887,250.6303336278502,245.73224438230787,249.47726440429688,3769500,0.0,0.0
2021-12-27 00:00:00-05:00,249.72364679271794,254.69071536786126,249.575823189115,254.56259155273438,3531800,0.0,0.0
2021-12-28 00:00:00-05:00,255.97194647810358,257.0067418724587,251.25124513814583,251.7538604736328,3293700,0.0,0.0
2021-12-29 00:00:00-05:00,252.2958761643789,252.71964717563085,249.4575427453677,250.85699462890625,2592700,0.0,0.0
2021-12-30 00:00:00-05:00,251.60600962063953,254.1683806103462,250.77816737956536,251.6355743408203,2950600,0.0,0.0
2021-12-31 00:00:00-05:00,250.78804930896462,252.77881089946322,249.96020696214293,250.45297241210938,3169300,0.0,0.0
2022-01-03 00:00:00-05:00,251.32023197020587,252.98579665235977,245.0522547804673,251.76373291015625,4316800,0.0,0.0
2022-01-04 00:00:00-05:00,253.13359136474864,253.15329115333483,239.87819010735723,244.6383056640625,7240700,0.0,0.0
2022-01-05 00:00:00-05:00,232.75280518331724,234.7534314866721,224.021001770633,224.37579345703125,18882500,0.0,0.0
2022-01-06 00:00:00-05:00,224.7404261082968,231.08724655835738,222.7792295358007,225.83436584472656,9376100,0.0,0.0
2022-01-07 00:00:00-05:00,225.19378401665386,228.91908917502673,222.77923660482057,225.00653076171875,6286700,0.0,0.0
2022-01-10 00:00:00-05:00,222.23720220011492,226.50455249925005,215.72284281126534,226.3074493408203,7803800,0.0,0.0
2022-01-11 00:00:00-05:00,225.4894328978046,232.93019287949238,223.28183866002274,231.44203186035156,7635300,0.0,0.0
2022-01-12 00:00:00-05:00,233.57081677539054,235.81782596158152,232.34875307984495,234.38880920410156,6718900,0.0,0.0
2022-01-13 00:00:00-05:00,234.06356817527765,235.33489630780144,224.62218117863617,225.32191467285156,6680300,0.0,0.0
2022-01-14 00:00:00-05:00,224.73059691273025,229.91448373291578,224.316675763256,227.88429260253906,5805100,0.0,0.0
2022-01-18 00:00:00-05:00,225.1445110574033,227.39152010635755,222.04009501392898,222.78909301757812,6032000,0.0,0.0
2022-01-19 00:00:00-05:00,224.1787125505501,228.8501343786489,222.89751938709603,222.99607849121094,5332600,0.0,0.0
2022-01-20 00:00:00-05:00,225.75554186173048,228.05181533417982,219.27074755726076,219.7142333984375,5663700,0.0,0.0
2022-01-21 00:00:00-05:00,219.83247706507996,221.51774119052493,215.0920767711864,215.46658325195312,9128400,0.0,0.0
2022-01-24 00:00:00-05:00,209.31688564698777,220.14787453386143,204.50749053917747,219.8029327392578,11664300,0.0,0.0
2022-01-25 00:00:00-05:00,217.80229613640714,220.6603293012753,211.56388467327875,212.27346801757812,9092700,0.0,0.0
2022-01-26 00:00:00-05:00,216.43241143667788,218.25564936320055,206.04492381268943,207.94699096679688,10029600,0.0,0.0
2022-01-27 00:00:00-05:00,210.98241171340592,219.92116724320067,208.99163551091166,209.66180419921875,9462100,0.0,0.0
2022-01-28 00:00:00-05:00,211.1992468619082,219.07362808404213,207.8287334355696,218.91595458984375,8254900,0.0,0.0
2022-01-31 00:00:00-05:00,219.72409198611487,229.53998551083254,219.04407331833536,229.2640380859375,7084200,0.0,0.0
2022-02-01 00:00:00-05:00,229.00779628400937,229.41186753718767,223.04534673748248,228.76141357421875,6387100,0.0,0.0
2022-02-02 00:00:00-05:00,230.35796688389956,231.09711495912273,219.7930758590026,221.7542724609375,9378900,0.0,0.0
2022-02-03 00:00:00-05:00,214.91472283944387,217.59535295591297,207.35568787529326,209.69140625,12826600,0.0,0.0
2022-02-04 00:00:00-05:00,211.87925128857816,218.46258916752305,210.10529301526796,216.05789184570312,6176500,0.0,0.0
2022-02-07 00:00:00-05:00,215.83123844092407,218.23593592369846,213.52510005026582,213.8306121826172,3922300,0.0,0.0
2022-02-08 00:00:00-05:00,212.48044270726146,214.78658112902778,209.0803494774705,214.28395080566406,5628700,0.0,0.0
2022-02-09 00:00:00-05:00,217.94026833498873,218.97507862477914,212.4508699054239,218.82723999023438,6107700,0.0,0.0
2022-02-10 00:00:00-05:00,214.55005727537633,218.77799292961373,212.6874046204206,214.52049255371094,5312600,0.0,0.0
2022-02-11 00:00:00-05:00,214.47122217946924,216.74779607313377,203.12776732905087,204.89186096191406,8165600,0.0,0.0
2022-02-14 00:00:00-05:00,202.82226469436324,206.86293241070172,201.66919533190037,203.41357421875,7005900,0.0,0.0
2022-02-15 00:00:00-05:00,206.71507499988604,211.46534043743495,205.50287638692882,211.14996337890625,6353000,0.0,0.0
2022-02-16 00:00:00-05:00,207.94700183251032,209.3464537843579,205.1973774771352,208.67630004882812,7072700,0.0,0.0
2022-02-17 00:00:00-05:00,205.31561977598616,206.715071614777,196.61338158354238,197.13571166992188,8820100,0.0,0.0
2022-02-18 00:00:00-05:00,197.50036962512144,199.66854945197758,192.95707195922046,193.99188232421875,6691800,0.0,0.0
2022-02-22 00:00:00-05:00,192.7008316618864,198.54503699041567,190.72977010749653,192.30662536621094,8434800,0.0,0.0
2022-02-23 00:00:00-05:00,193.50895050961282,196.12060073535932,187.3789486202713,187.7830047607422,7784300,0.0,0.0
2022-02-24 00:00:00-05:00,182.06696125715482,201.93525030355644,181.77129901629038,201.33407592773438,11792600,0.0,0.0
2022-02-25 00:00:00-05:00,201.75785255079873,205.4535927938336,198.69285137438828,205.07908630371094,5853600,0.0,0.0
2022-02-28 00:00:00-05:00,204.78343539879126,208.60729966049462,203.95559314770279,207.48379516601562,7904700,0.0,0.0
2022-03-01 00:00:00-05:00,210.3122459911253,211.28792680071277,205.44373695055074,205.8675079345703,12587300,0.0,0.0
2022-03-02 00:00:00-05:00,212.97321270133585,214.16569655256586,198.23951515516148,207.3458251953125,16670100,0.0,0.0
2022-03-03 00:00:00-05:00,207.345822878995,208.56788647565102,201.26509969246882,201.7874298095703,6559900,0.0,0.0
2022-03-04 00:00:00-05:00,201.73816615413014,203.39386583609104,196.37687581331605,200.07261657714844,6813600,0.0,0.0
2022-03-07 00:00:00-05:00,200.50621892843088,201.96480016121694,193.2034327951219,193.39068603515625,7043500,0.0,0.0
2022-03-08 00:00:00-05:00,191.46893083664276,194.3466790915624,186.4624323532596,189.30076599121094,8229000,0.0,0.0
2022-03-09 00:00:00-05:00,195.4800280201242,202.26046927597363,194.3663734733238,200.22042846679688,6881300,0.0,0.0
2022-03-10 00:00:00-05:00,196.21918723991584,198.2887928859813,194.67189667399415,197.2539825439453,5604200,0.0,0.0
2022-03-11 00:00:00-05:00,201.80716760089706,201.80716760089706,194.7704775416447,195.03656005859375,5196900,0.0,0.0
2022-03-14 00:00:00-04:00,195.37165798356287,197.26387557435177,189.0445511849226,190.3257293701172,5665500,0.0,0.0
2022-03-15 00:00:00-04:00,195.65743530405192,197.06675221667382,189.95121839095052,193.30201721191406,5276300,0.0,0.0
2022-03-16 00:00:00-04:00,195.78555937284202,202.92079299692847,194.474801557178,202.5955810546875,6043400,0.0,0.0
2022-03-17 00:00:00-04:00,201.65929294996474,207.63160676145048,199.62910205436455,207.3655242919922,5842600,0.0,0.0
2022-03-18 00:00:00-04:00,206.20260312932382,216.40285282836066,205.29591660643266,215.63414001464844,12220600,0.0,0.0
2022-03-21 00:00:00-04:00,215.032963565709,215.92980018576256,207.56263843931873,210.6276397705078,6448700,0.0,0.0
2022-03-22 00:00:00-04:00,210.62764976714735,218.64002021109974,209.54355984112425,215.0526885986328,7018800,0.0,0.0
2022-03-23 00:00:00-04:00,210.7754642165294,210.83459365755982,205.29591545695126,208.05540466308594,8404700,0.0,0.0
2022-03-24 00:00:00-04:00,209.27747560476644,211.01200443397366,206.8333483442387,210.88388061523438,4150300,0.0,0.0
2022-03-25 00:00:00-04:00,211.169703183069,212.73669365322175,205.46347103914346,207.97657775878906,3656500,0.0,0.0
2022-03-28 00:00:00-04:00,207.33595976017568,212.2636134094773,206.27158476736588,212.16505432128906,4290900,0.0,0.0
2022-03-29 00:00:00-04:00,215.45675388968823,218.94554158919294,213.6335308038183,218.08811950683594,5370400,0.0,0.0
2022-03-30 00:00:00-04:00,216.5309725660687,216.6689462726496,210.31226076186928,211.82998657226562,4951200,0.0,0.0
2022-03-31 00:00:00-04:00,211.39635950113995,213.6532184473895,208.72556437976385,209.24790954589844,7141300,0.0,0.0
2022-04-01 00:00:00-04:00,209.40557717186707,210.93315289757305,207.00087964825346,209.1789093017578,6007900,0.0,0.0
2022-04-04 00:00:00-04:00,211.52448464120798,217.80231115044086,211.00215450981537,215.6834259033203,7843600,0.0,0.0
2022-04-05 00:00:00-04:00,214.84569838150387,215.11179588830595,205.65069489850544,207.09942626953125,7304600,0.0,0.0
2022-04-06 00:00:00-04:00,202.24077074983157,202.49700332978824,195.21393172749933,197.91429138183594,7171300,0.0,0.0
2022-04-07 00:00:00-04:00,196.23889449370617,199.78681150479653,195.32235803801194,197.26385498046875,5246000,0.0,0.0
2022-04-08 00:00:00-04:00,195.76583964916435,197.24413586531432,193.77506320077387,194.31710815429688,3897700,0.0,0.0
2022-04-11 00:00:00-04:00,191.39991511317027,194.2480981044349,189.37957426293656,192.62196350097656,5173800,0.0,0.0
2022-04-12 00:00:00-04:00,196.85976572694685,198.2099380314104,191.7645735950454,191.99124145507812,4832200,0.0,0.0
2022-04-13 00:00:00-04:00,189.21206631692604,194.2481293759471,186.58070084917236,192.88809204101562,8733000,0.0,0.0
2022-04-14 00:00:00-04:00,193.47942490142435,193.6075336868813,186.4821498074185,186.66940307617188,5126700,0.0,0.0
2022-04-18 00:00:00-04:00,185.57548153477816,186.61029204346084,182.84555658318888,184.30413818359375,4899500,0.0,0.0
2022-04-19 00:00:00-04:00,184.53079591526765,189.41902035495292,182.83568170398777,188.62074279785156,6120400,0.0,0.0
2022-04-20 00:00:00-04:00,190.0990392606844,190.50311050598992,183.38757678283366,183.535400390625,6015400,0.0,0.0
2022-04-21 00:00:00-04:00,186.0485188596889,187.41840618531762,174.18273364700636,174.66563415527344,9119500,0.0,0.0
2022-04-22 00:00:00-04:00,175.12882156091038,176.45929416681363,168.62432725140053,168.9495391845703,8843900,0.0,0.0
2022-04-25 00:00:00-04:00,167.23470337333603,172.2313360975301,166.7813526441445,172.04409790039062,7988900,0.0,0.0
2022-04-26 00:00:00-04:00,170.12229022165386,171.20637991509193,165.12565781536182,167.61904907226562,8073300,0.0,0.0
2022-04-27 00:00:00-04:00,168.52578043625394,174.66563360641797,168.16113882291108,172.15252685546875,9644600,0.0,0.0
2022-04-28 00:00:00-04:00,178.78514020501834,184.22525921619288,176.3902926193766,183.052490234375,10614800,0.0,0.0
2022-04-29 00:00:00-04:00,179.92837679922275,182.67800128909377,172.76356321763404,173.39430236816406,7110800,0.0,0.0
2022-05-02 00:00:00-04:00,172.556589870872,175.20767021664804,170.61509292760874,175.00071716308594,6278400,0.0,0.0
2022-05-03 00:00:00-04:00,174.3896643814255,177.77989259037872,173.58153698073644,175.77926635742188,5047700,0.0,0.0
2022-05-04 00:00:00-04:00,177.10976225973198,183.28903009177122,172.2116725499541,182.7962646484375,7563100,0.0,0.0
2022-05-05 00:00:00-04:00,177.87846077526035,179.60313968756995,167.3628488687677,169.8069610595703,8379400,0.0,0.0
2022-05-06 00:00:00-04:00,167.03763007156255,169.93507815409833,163.18420081837735,167.2445831298828,7232700,0.0,0.0
2022-05-09 00:00:00-04:00,164.30768493573555,167.82602183121813,159.78410248239845,161.2328338623047,9997800,0.0,0.0
2022-05-10 00:00:00-04:00,164.99755808721554,168.7819925977,160.91746134103565,164.73146057128906,8598700,0.0,0.0
2022-05-11 00:00:00-04:00,163.10536062524795,167.52053475660642,158.50293322062515,158.9365692138672,7220100,0.0,0.0
2022-05-12 00:00:00-04:00,154.65933858851477,164.43581719125265,152.40247971172153,158.09884643554688,10187500,0.0,0.0
2022-05-13 00:00:00-04:00,161.18355030161837,166.2393126078342,159.66582459000963,164.49493408203125,6499700,0.0,0.0
2022-05-16 00:00:00-04:00,162.35633957782542,163.70651187993383,159.53772105892355,161.74530029296875,5065800,0.0,0.0
2022-05-17 00:00:00-04:00,164.90887899045728,166.6532728061853,155.97997189253903,161.3609619140625,7317700,0.0,0.0
2022-05-18 00:00:00-04:00,160.4641277080721,162.13952701488378,153.9300538696998,155.05355834960938,7454400,0.0,0.0
2022-05-19 00:00:00-04:00,152.98393044153752,156.94576817212854,152.49116507835973,153.3485870361328,8382200,0.0,0.0
2022-05-20 00:00:00-04:00,156.44317468101806,158.40437147499986,152.3137979569947,157.33999633789062,9068700,0.0,0.0
2022-05-23 00:00:00-04:00,157.52722435100947,158.40434607734534,153.6540958968088,158.0002899169922,6148800,0.0,0.0
2022-05-24 00:00:00-04:00,155.4872048688323,156.09822917759334,152.31379436035104,154.6593475341797,6928400,0.0,0.0
2022-05-25 00:00:00-04:00,153.07266093250925,159.54759088574767,153.07266093250925,157.33999633789062,7436800,0.0,0.0
2022-05-26 00:00:00-04:00,157.37940488729177,161.3215278124896,155.29008454909868,160.1093292236328,6697700,0.0,0.0
2022-05-27 00:00:00-04:00,158.34522674085252,162.83924463829482,157.93130562272032,162.7111358642578,7883600,0.0,0.0
2022-05-31 00:00:00-04:00,164.54423128429156,164.85959332493545,157.04434118995746,157.9214630126953,18114600,0.0,0.0
2022-06-01 00:00:00-04:00,175.4343322810628,181.7515883177071,171.84700077085412,173.5224151611328,37037400,0.0,0.0
2022-06-02 00:00:00-04:00,172.4678893190255,187.37897507631246,172.17222707259157,185.6739959716797,19231200,0.0,0.0
2022-06-03 00:00:00-04:00,182.32320649611304,186.89606901968446,181.1405724886046,182.23451232910156,9224000,0.0,0.0
2022-06-06 00:00:00-04:00,186.19629705154895,187.6647431224156,179.07091471759375,180.22398376464844,5811700,0.0,0.0
2022-06-07 00:00:00-04:00,179.0808176937484,185.87112466099538,179.0808176937484,184.4420928955078,6331100,0.0,0.0
2022-06-08 00:00:00-04:00,184.29424572916832,187.80273270702241,182.70754065907076,186.4525604248047,6226200,0.0,0.0
2022-06-09 00:00:00-04:00,185.8021160825799,189.89206278967794,183.90989879634134,184.4026641845703,8467700,0.0,0.0
2022-06-10 00:00:00-04:00,180.9730229878641,181.28838501952063,174.63605221613346,175.8679656982422,7855800,0.0,0.0
2022-06-13 00:00:00-04:00,168.0823048662092,170.1814755430829,162.6717345905867,163.62770080566406,10726200,0.0,0.0
2022-06-14 00:00:00-04:00,166.2885964595575,167.17558314254683,159.80380242830384,162.07052612304688,8576200,0.0,0.0
2022-06-15 00:00:00-04:00,164.31754801800582,169.0185342002824,162.2972068464944,166.11122131347656,7740700,0.0,0.0
2022-06-16 00:00:00-04:00,161.36095877402857,164.48508970422256,156.3248956253168,157.537109375,8090900,0.0,0.0
2022-06-17 00:00:00-04:00,156.26577398320836,163.82479403097997,155.88141754138974,160.89776611328125,13074600,0.0,0.0
2022-06-21 00:00:00-04:00,162.6618484393531,166.89963354544878,162.51400980846284,164.4160919189453,6736800,0.0,0.0
2022-06-22 00:00:00-04:00,162.31692041587505,167.98372253903833,161.8340199462254,165.02713012695312,5864500,0.0,0.0
2022-06-23 00:00:00-04:00,166.64341829131803,170.88120422027455,164.70192119174968,170.54612731933594,7258000,0.0,0.0
2022-06-24 00:00:00-04:00,175.14853917023532,183.71280443325386,173.99546991120388,183.22988891601562,12107100,0.0,0.0
2022-06-27 00:00:00-04:00,183.4171352548863,183.88033592752586,177.85874222121777,178.68658447265625,6170600,0.0,0.0
2022-06-28 00:00:00-04:00,177.6813340946879,179.69182526626952,168.95939589193276,168.97911071777344,6668600,0.0,0.0
2022-06-29 00:00:00-04:00,170.0040865847063,171.26556498067097,165.62832681957508,168.1414337158203,5430400,0.0,0.0
2022-06-30 00:00:00-04:00,162.6618882493733,165.07643609813223,158.77889385387905,162.6520233154297,9539400,0.0,0.0
2022-07-01 00:00:00-04:00,162.37603775000392,166.70251705555205,161.67631935260397,165.76626586914062,4561600,0.0,0.0
2022-07-05 00:00:00-04:00,163.69667554961208,169.85624318711996,162.22822921114772,169.70840454101562,4614200,0.0,0.0
2022-07-06 00:00:00-04:00,171.00930589023935,172.52701668123083,168.3582256745795,170.23072814941406,4085100,0.0,0.0
2022-07-07 00:00:00-04:00,171.64990509557518,174.37982974092685,170.6643742527197,174.08416748046875,4000100,0.0,0.0
2022-07-08 00:00:00-04:00,171.5316763933525,174.05463338898033,170.33917724691395,172.960693359375,2869200,0.0,0.0
2022-07-11 00:00:00-04:00,171.48236649850438,173.76880527006122,168.78200657789128,171.837158203125,3689300,0.0,0.0
2022-07-12 00:00:00-04:00,169.71826576257016,170.87133499453827,161.9719930694968,163.92333984375,7073000,0.0,0.0
2022-07-13 00:00:00-04:00,160.0600452014298,163.4404082969711,158.83798171512643,161.12442016601562,6225900,0.0,0.0
2022-07-14 00:00:00-04:00,158.70003474854022,159.3702035597162,155.36893559671222,158.7098846435547,6096100,0.0,0.0
2022-07-15 00:00:00-04:00,161.3412490192353,165.18481300812422,159.87280275783613,164.95814514160156,6037700,0.0,0.0
2022-07-18 00:00:00-04:00,166.50541456689942,170.14202538286435,164.6920416247507,165.46075439453125,3818200,0.0,0.0
2022-07-19 00:00:00-04:00,168.44692158597536,171.5809173321482,165.38192021365845,171.29510498046875,4373400,0.0,0.0
2022-07-20 00:00:00-04:00,173.5519776356107,180.84489944545655,173.06906213621573,179.81008911132812,5654000,0.0,0.0
2022-07-21 00:00:00-04:00,178.04599481953244,182.84552491933044,177.30684673247492,182.6681365966797,3886000,0.0,0.0
2022-07-22 00:00:00-04:00,182.39217404571718,184.8461358667952,178.31206250723983,179.8297882080078,3804700,0.0,0.0
2022-07-25 00:00:00-04:00,179.1990649007619,179.3567534358879,172.54673208494845,174.72474670410156,4407900,0.0,0.0
2022-07-26 00:00:00-04:00,174.5473494358109,174.56706426119297,167.3036925034835,167.9935760498047,3886500,0.0,0.0
2022-07-27 00:00:00-04:00,172.3299326766369,179.5932905511586,171.8273173345248,177.69122314453125,4960900,0.0,0.0
2022-07-28 00:00:00-04:00,175.82856668716036,179.24836002001877,173.38443929439188,178.66688537597656,4562100,0.0,0.0
2022-07-29 00:00:00-04:00,179.1892264934718,181.75159768250103,177.61237111714044,181.35739135742188,4751400,0.0,0.0
2022-08-01 00:00:00-04:00,178.67674339395117,182.5005928079245,177.15901748675995,180.33242797851562,3997100,0.0,0.0
2022-08-02 00:00:00-04:00,178.1938140779781,182.4611640677939,176.83377681878338,181.1306915283203,4317900,0.0,0.0
2022-08-03 00:00:00-04:00,182.84551720638945,187.9209945082171,182.68782867868072,186.90589904785156,5786300,0.0,0.0
2022-08-04 00:00:00-04:00,185.8316769581604,188.80798405212838,184.54063407379186,188.50247192382812,3759700,0.0,0.0
2022-08-05 00:00:00-04:00,184.29425006745979,189.0248006703754,183.58466672512213,187.4183807373047,4090300,0.0,0.0
2022-08-08 00:00:00-04:00,188.3250784988445,191.55761834616834,186.34416698837072,187.0044708251953,3396800,0.0,0.0
2022-08-09 00:00:00-04:00,183.6043867025005,184.42237905170305,177.2181514802762,179.60313415527344,5851700,0.0,0.0
2022-08-10 00:00:00-04:00,185.4374803307917,186.82708237835695,183.5156982639497,185.88096618652344,4179200,0.0,0.0
2022-08-11 00:00:00-04:00,189.35004323084078,189.7146848258763,183.62411151308638,184.02816772460938,4175100,0.0,0.0
2022-08-12 00:00:00-04:00,183.92961583960033,187.27056461054437,182.8258111308179,187.14244079589844,3846200,0.0,0.0
2022-08-15 00:00:00-04:00,186.3145903254756,189.33031199870013,186.16675169094148,188.29550170898438,2768500,0.0,0.0
2022-08-16 00:00:00-04:00,186.80735662696603,188.08854960927135,183.66351112911104,186.84677124023438,3835900,0.0,0.0
2022-08-17 00:00:00-04:00,185.0038389036297,186.68908811322203,183.77192543076728,185.24037170410156,3181300,0.0,0.0
2022-08-18 00:00:00-04:00,185.6937003888142,185.84153902274704,183.90989215393338,185.21078491210938,2791600,0.0,0.0
2022-08-19 00:00:00-04:00,182.54000902963583,182.75682700042196,178.95267765572788,181.11099243164062,4346100,0.0,0.0
2022-08-22 00:00:00-04:00,177.39554242978934,177.977001987521,173.5125487060785,174.4192352294922,5182900,0.0,0.0
2022-08-23 00:00:00-04:00,173.33515603716526,175.5328854359832,172.37918999054818,173.4534149169922,5076800,0.0,0.0
2022-08-24 00:00:00-04:00,174.1137262149965,178.60774429778834,173.51255182000858,177.4053955078125,11438800,0.0,0.0
2022-08-25 00:00:00-04:00,166.14078063889846,171.62032936770248,163.16447347369683,171.39366149902344,24025600,0.0,0.0
2022-08-26 00:00:00-04:00,171.44297543432629,173.74911431217342,162.24796961120788,162.8392791748047,11074700,0.0,0.0
2022-08-29 00:00:00-04:00,161.90299389873698,163.4207197077532,157.7342029469699,157.8918914794922,9329900,0.0,0.0
2022-08-30 00:00:00-04:00,159.79397312186416,161.47923751006263,156.08838250002245,157.35971069335938,8079400,0.0,0.0
2022-08-31 00:00:00-04:00,157.47796507554426,158.87743209084806,153.71324511594466,153.86106872558594,9166100,0.0,0.0
2022-09-01 00:00:00-04:00,152.62915568410168,153.08250648516187,148.68703234204023,151.3085479736328,9924000,0.0,0.0
2022-09-02 00:00:00-04:00,154.19615684882652,156.37417151339824,150.7467990205486,151.4662322998047,7315700,0.0,0.0
2022-09-06 00:00:00-04:00,150.66795383662344,152.1955145494672,148.6377627903864,149.5247344970703,6373700,0.0,0.0
2022-09-07 00:00:00-04:00,149.1009525427215,151.83087715042646,148.3026749770983,151.06216430664062,6211400,0.0,0.0
2022-09-08 00:00:00-04:00,150.1160433717515,154.75788454528896,149.58384837271856,154.6297607421875,6659200,0.0,0.0
2022-09-09 00:00:00-04:00,156.3051690399614,160.9272952137509,156.1770452417141,160.2374267578125,5642300,0.0,0.0
2022-09-12 00:00:00-04:00,161.3215425321902,163.26303945304147,160.38529125962907,163.2334747314453,6353400,0.0,0.0
2022-09-13 00:00:00-04:00,155.96023203588913,158.9266740056388,155.52659612525358,155.81240844726562,5463200,0.0,0.0
2022-09-14 00:00:00-04:00,156.2953118978565,159.31103346839052,155.72370228073487,157.9608612060547,6037300,0.0,0.0
2022-09-15 00:00:00-04:00,154.53122741156895,157.5272343292089,152.07725038585946,152.5404510498047,7012200,0.0,0.0
2022-09-16 00:00:00-04:00,149.72183551444442,150.00764786425955,147.39598225315024,149.31776428222656,9882300,0.0,0.0
2022-09-19 00:00:00-04:00,148.52936225413342,151.31840134935695,148.22383505616907,150.61868286132812,4874800,0.0,0.0
2022-09-20 00:00:00-04:00,148.81512581930681,149.38673539191495,146.6962409701938,147.6324920654297,5505700,0.0,0.0
2022-09-21 00:00:00-04:00,149.03197921252476,151.0818852245961,145.37565307182848,145.49392700195312,6164400,0.0,0.0
2022-09-22 00:00:00-04:00,147.34669318889135,150.64822713077817,146.9919015265931,147.97743225097656,12405100,0.0,0.0
2022-09-23 00:00:00-04:00,145.9275641553466,147.67194298002852,142.69500904426886,144.8828887939453,9175800,0.0,0.0
2022-09-26 00:00:00-04:00,144.87303461759382,149.00241127570027,143.24691473402783,144.202880859375,7862400,0.0,0.0
2022-09-27 00:00:00-04:00,146.22320700461125,148.43080151628925,144.1437363152471,146.73568725585938,7046600,0.0,0.0
2022-09-28 00:00:00-04:00,143.88751497351888,148.69691069712525,143.56228796388075,147.99717712402344,7908400,0.0,0.0
2022-09-29 00:00:00-04:00,146.30206111236498,146.8243912935182,142.91183236359126,144.685791015625,8602500,0.0,0.0
2022-09-30 00:00:00-04:00,143.89732777764365,146.47942836004643,141.67003387612502,141.75872802734375,7575600,0.0,0.0
2022-10-03 00:00:00-04:00,142.88224647012316,146.80466975237405,141.81787143659824,145.75999450683594,6819900,0.0,0.0
2022-10-04 00:00:00-04:00,149.50501210078542,155.14224920639657,149.0319615503722,153.47669982910156,8017900,0.0,0.0
2022-10-05 00:00:00-04:00,149.99779424944967,154.68893077879133,149.74156163890876,153.969482421875,4256200,0.0,0.0
2022-10-06 00:00:00-04:00,153.46684964683743,155.960241242171,152.2053714894357,153.2106170654297,3853900,0.0,0.0
2022-10-07 00:00:00-04:00,149.60357861445272,150.95375099979643,147.11018689071238,148.11541748046875,5956700,0.0,0.0
2022-10-10 00:00:00-04:00,148.44065434992638,148.7757462735347,142.48805453099033,143.53271484375,5497800,0.0,0.0
2022-10-11 00:00:00-04:00,142.41904287224344,142.87239363270362,137.50125406776104,140.5071258544922,7415000,0.0,0.0
2022-10-12 00:00:00-04:00,140.2509007418363,141.36455547710443,137.5604055807281,140.23118591308594,5707100,0.0,0.0
2022-10-13 00:00:00-04:00,136.9493810189723,144.22258886371247,135.59919345482018,143.3356170654297,6548600,0.0,0.0
2022-10-14 00:00:00-04:00,145.1982800601968,145.56292170805273,139.94539816941742,140.16221618652344,5736300,0.0,0.0
2022-10-17 00:00:00-04:00,143.95650543794807,146.84410374981806,143.828381609091,145.05043029785156,6288200,0.0,0.0
2022-10-18 00:00:00-04:00,154.1862962087768,156.6698381249175,149.7021278995805,151.3085479736328,16354800,0.0,0.0
2022-10-19 00:00:00-04:00,149.66269450317782,153.6935115055262,148.46034583167946,151.44650268554688,6220500,0.0,0.0
2022-10-20 00:00:00-04:00,152.75727287171378,158.9661198734557,151.37753577710734,155.22109985351562,9203400,0.0,0.0
2022-10-21 00:00:00-04:00,155.2211124026034,158.10871064048433,152.57989688282186,157.85247802734375,8335500,0.0,0.0
2022-10-24 00:00:00-04:00,158.84786117300962,159.2322326554867,156.10808650976605,158.32553100585938,6259200,0.0,0.0
2022-10-25 00:00:00-04:00,159.36031031136326,163.62766002359928,159.35046041809892,162.878662109375,5804500,0.0,0.0
2022-10-26 00:00:00-04:00,157.48779769421023,161.745282196389,156.4037079859218,157.59620666503906,6617500,0.0,0.0
2022-10-27 00:00:00-04:00,159.45889410101523,162.27751292581837,157.0147818103491,157.4385528564453,4987700,0.0,0.0
2022-10-28 00:00:00-04:00,157.20200186676885,160.73020369680765,155.88139429316934,160.66122436523438,5055400,0.0,0.0
2022-10-31 00:00:00-04:00,159.7742261435386,161.62702860063416,158.6704366140372,160.2374267578125,4878100,0.0,0.0
2022-11-01 00:00:00-04:00,162.61259586150956,163.30246447271438,157.3301497217002,157.50755310058594,4545900,0.0,0.0
2022-11-02 00:00:00-04:00,157.2019881729681,157.45823576564723,147.79018251951155,147.83944702148438,7238200,0.0,0.0
2022-11-03 00:00:00-04:00,146.84411926610576,148.24357148408063,144.0156501031432,144.21275329589844,5999400,0.0,0.0
2022-11-04 00:00:00-04:00,144.38023652268615,144.82372229621308,134.07157957130713,137.74761962890625,14265300,0.0,0.0
2022-11-07 00:00:00-05:00,138.58532098130286,142.83295585419967,136.76209822542634,142.4978790283203,7379900,0.0,0.0
2022-11-08 00:00:00-05:00,142.99066158277085,149.3670471251287,142.98081168835543,144.97158813476562,9101800,0.0,0.0
2022-11-09 00:00:00-05:00,143.73967145072575,144.2127220183428,139.8862424603708,140.00450134277344,5588500,0.0,0.0
2022-11-10 00:00:00-05:00,148.81513640605442,154.10743147800213,147.56350820047464,154.0384521484375,8777900,0.0,0.0
2022-11-11 00:00:00-05:00,154.22570545623776,157.6060685565202,153.32886890546703,155.44775390625,7382500,0.0,0.0
2022-11-14 00:00:00-05:00,153.56540002578066,157.8425996305262,152.41231587984223,156.3643035888672,6580100,0.0,0.0
2022-11-15 00:00:00-05:00,160.32613490588,162.8589561471065,158.42406778001435,159.7249755859375,8116100,0.0,0.0
2022-11-16 00:00:00-05:00,157.68494494952952,158.4930875106398,151.60422106447427,152.87554931640625,6454700,0.0,0.0
2022-11-17 00:00:00-05:00,148.01687429015465,149.56414983717985,146.19363628223917,147.52410888671875,7357900,0.0,0.0
2022-11-18 00:00:00-05:00,149.6429999564505,150.11606558960784,143.54256161734185,145.89797973632812,7555700,0.0,0.0
2022-11-21 00:00:00-05:00,143.9072196866457,145.20811259574313,141.32511862018205,142.754150390625,8015900,0.0,0.0
2022-11-22 00:00:00-05:00,143.09906668166536,147.2185931743015,140.85205769950252,147.09046936035156,7017700,0.0,0.0
2022-11-23 00:00:00-05:00,145.48405361063598,150.69752002580003,145.41507427358067,150.03721618652344,5558900,0.0,0.0
2022-11-25 00:00:00-05:00,149.8696862433847,151.8111682174499,149.18966753870845,151.13116455078125,3023700,0.0,0.0
2022-11-28 00:00:00-05:00,149.80068282806943,153.07265232913628,149.80068282806943,151.4662322998047,7931700,0.0,0.0
2022-11-29 00:00:00-05:00,150.51028161147082,151.79147480065288,149.07139986774152,149.48532104492188,6398100,0.0,0.0
2022-11-30 00:00:00-05:00,148.56877702781452,157.9313201904297,147.95775270725886,157.9313201904297,14591500,0.0,0.0
2022-12-01 00:00:00-05:00,145.4150612629589,145.4544758751773,140.02420700226475,144.87301635742188,33721500,0.0,0.0
2022-12-02 00:00:00-05:00,142.20225570145513,143.1089574187393,140.7141093644942,142.46835327148438,15086700,0.0,0.0
2022-12-05 00:00:00-05:00,140.73381073477213,142.30080120328475,130.9573463442803,131.9921417236328,20294600,0.0,0.0
2022-12-06 00:00:00-05:00,130.78979523779054,132.60316824733206,129.01583684236684,131.34169006347656,16981800,0.0,0.0
2022-12-07 00:00:00-05:00,130.58281723237508,131.8147306024918,128.13870531670483,128.592041015625,12915900,0.0,0.0
2022-12-08 00:00:00-05:00,126.57173197056467,129.55790456705336,125.18213724884826,128.2471466064453,15156900,0.0,0.0
2022-12-09 00:00:00-05:00,127.86274899538274,131.4402149465215,126.50271191759215,129.21292114257812,10287500,0.0,0.0
2022-12-12 00:00:00-05:00,129.20310926611293,132.14983708435216,129.05527060572103,131.18402099609375,11852400,0.0,0.0
2022-12-13 00:00:00-05:00,135.40206262153401,137.85603948456009,132.10052875279655,133.6576690673828,12579800,0.0,0.0
2022-12-14 00:00:00-05:00,133.0565103089285,135.28381958167228,131.3022666561343,132.80027770996094,9611800,0.0,0.0
2022-12-15 00:00:00-05:00,129.76482611995868,132.17937333955499,127.80361460336961,128.55262756347656,10807300,0.0,0.0
2022-12-16 00:00:00-05:00,127.05462094696279,128.00073707222904,125.0539947517284,126.41403198242188,15464700,0.0,0.0
2022-12-19 00:00:00-05:00,125.92127724898802,127.70509325499046,125.35952494806007,127.1433334350586,9441400,0.0,0.0
2022-12-20 00:00:00-05:00,125.65519453976486,128.10917198798927,125.34968235520054,126.59144592285156,8455500,0.0,0.0
2022-12-21 00:00:00-05:00,126.10852675108298,130.2477608353527,124.76820419263416,128.4146728515625,9313200,0.0,0.0
2022-12-22 00:00:00-05:00,126.80823666991007,127.66564358909821,124.51194827449284,127.32071685791016,9968600,0.0,0.0
2022-12-23 00:00:00-05:00,126.86737467507996,127.98102928247908,125.74387017344071,127.56710815429688,5821300,0.0,0.0
2022-12-27 00:00:00-05:00,126.69983430876465,129.84367989406437,125.80300521140833,128.7694549560547,8300800,0.0,0.0
2022-12-28 00:00:00-05:00,127.83320864394344,129.24251049129978,126.3154827673985,126.61114501953125,6249800,0.0,0.0
2022-12-29 00:00:00-05:00,127.82331952423469,131.0262940672452,127.62621640611175,130.62222290039062,7628800,0.0,0.0
2022-12-30 00:00:00-05:00,128.72016226021816,130.72078833048883,128.4737795910912,130.6715087890625,5630200,0.0,0.0
2023-01-03 00:00:00-05:00,133.23390520313316,134.9684339186234,131.10515516275476,132.829833984375,8196400,0.0,0.0
2023-01-04 00:00:00-05:00,139.17667160597367,139.79756087043646,135.62875443476887,137.57025146484375,14322600,0.0,0.0
2023-01-05 00:00:00-05:00,135.64848763228983,136.58473908430804,132.29768821306368,134.36729431152344,8493500,0.0,0.0
2023-01-06 00:00:00-05:00,135.5893306556405,139.6004332329107,133.58870431421462,138.4769287109375,9145700,0.0,0.0
2023-01-09 00:00:00-05:00,140.52683455830515,147.04119381251277,140.52683455830515,144.97158813476562,13679700,0.0,0.0
2023-01-10 00:00:00-05:00,143.70025104256655,147.12004430010825,143.493297985048,145.30667114257812,6527700,0.0,0.0
2023-01-11 00:00:00-05:00,143.1779122748831,144.91244105531658,141.48279810941122,142.80340576171875,13595000,0.0,0.0
2023-01-12 00:00:00-05:00,145.70086576238984,147.652227518837,141.85730176576266,147.43540954589844,11678000,0.0,0.0
2023-01-13 00:00:00-05:00,144.08459061575365,147.7901958079556,143.97618163325828,147.34669494628906,8378100,0.0,0.0
2023-01-17 00:00:00-05:00,147.4354320989248,148.31255401889183,143.98607386835644,146.32177734375,9407600,0.0,0.0
2023-01-18 00:00:00-05:00,146.70612278870226,147.37627654780178,143.1877704394078,143.345458984375,7812600,0.0,0.0
2023-01-19 00:00:00-05:00,141.44336663443855,144.55763213740562,141.08857499004932,144.2915496826172,7070100,0.0,0.0
2023-01-20 00:00:00-05:00,142.21208784747714,149.33747083983144,142.21208784747714,149.0615234375,10127100,0.0,0.0
2023-01-23 00:00:00-05:00,155.0732661049752,155.58573125630005,151.01286927875103,153.6146697998047,19922900,0.0,0.0
2023-01-24 00:00:00-05:00,153.64425394190573,157.89190454955443,152.2645167631385,152.6193084716797,6390200,0.0,0.0
2023-01-25 00:00:00-05:00,149.02211513185406,154.13700722311864,147.6522279558726,153.91033935546875,9390500,0.0,0.0
2023-01-26 00:00:00-05:00,155.90112207624946,162.78012295630717,155.81242791199531,162.70127868652344,13354600,0.0,0.0
2023-01-27 00:00:00-05:00,162.66187177979305,164.82018677364218,161.23285503750253,162.13954162597656,9872300,0.0,0.0
2023-01-30 00:00:00-05:00,161.6960419679007,164.03174509964487,161.03572311318212,162.36619567871094,8169800,0.0,0.0
2023-01-31 00:00:00-05:00,161.90298578779047,165.5790111697701,161.90298578779047,165.5395965576172,6421300,0.0,0.0
2023-02-01 00:00:00-05:00,165.30307570857238,170.5756714666224,164.58364244028363,169.3339080810547,8853900,0.0,0.0
2023-02-02 00:00:00-05:00,173.16762331775766,176.25232449293895,170.3982691405023,172.11309814453125,10667100,0.0,0.0
2023-02-03 00:00:00-05:00,167.55993976580717,172.5467228785425,167.4022512390948,168.56517028808594,6481700,0.0,0.0
2023-02-06 00:00:00-05:00,165.5691631116231,168.69329373006153,164.9285741505006,166.60397338867188,4310600,0.0,0.0
2023-02-07 00:00:00-05:00,165.1454012367407,169.2451978827914,164.19928506426353,168.8017120361328,6179200,0.0,0.0
2023-02-08 00:00:00-05:00,167.54022444443004,169.95477173029278,166.78136157012844,167.1755828857422,7694500,0.0,0.0
2023-02-09 00:00:00-05:00,170.82206610182453,172.84240737636998,169.5211581458414,171.1472930908203,11512300,0.0,0.0
2023-02-10 00:00:00-05:00,165.23409415952503,167.28399998618312,162.93780563790332,164.6132049560547,11273700,0.0,0.0
2023-02-13 00:00:00-05:00,165.84512495801388,168.68345852786467,164.53436716465936,168.6046142578125,8820300,0.0,0.0
2023-02-14 00:00:00-05:00,165.78599494241243,170.28986294828752,165.42135335293648,167.50082397460938,8393100,0.0,0.0
2023-02-15 00:00:00-05:00,166.4068692194051,169.12692861142997,165.8056948745946,168.6243133544922,4997000,0.0,0.0
2023-02-16 00:00:00-05:00,166.54486903354754,167.90489142380622,165.52977342891637,165.67759704589844,7483500,0.0,0.0
2023-02-17 00:00:00-05:00,162.6421471387752,164.69205301260203,160.38528821770038,162.78012084960938,8084500,0.0,0.0
2023-02-21 00:00:00-05:00,161.37082980750415,162.12967774881608,159.11395569755584,159.281494140625,5210800,0.0,0.0
2023-02-22 00:00:00-05:00,160.7499246802648,162.61257723617712,159.76439390913646,160.99630737304688,4343700,0.0,0.0
2023-02-23 00:00:00-05:00,162.89836945460965,163.0757728076344,159.23220893549808,161.74530029296875,4679400,0.0,0.0
2023-02-24 00:00:00-05:00,158.26636812546735,160.04032635520082,157.34983181227452,159.8530731201172,6569900,0.0,0.0
2023-02-27 00:00:00-05:00,161.46936379649983,162.38591526669805,159.87280870145307,160.7794952392578,6891200,0.0,0.0
2023-02-28 00:00:00-05:00,160.1783159962289,162.07053328366712,159.19278521914606,161.24269104003906,6912600,0.0,0.0
2023-03-01 00:00:00-05:00,160.63165902596197,165.5494477421825,160.62179409434276,164.92857360839844,15841200,0.0,0.0
2023-03-02 00:00:00-05:00,190.32568141793206,191.10425908176745,182.5202801832303,183.89016723632812,37712500,0.0,0.0
2023-03-03 00:00:00-05:00,185.34875231681713,187.02415137582759,181.623432710212,183.7324676513672,12087200,0.0,0.0
2023-03-06 00:00:00-05:00,182.39219229091375,186.2653211149011,180.9730255334811,181.14056396484375,10770300,0.0,0.0
2023-03-07 00:00:00-05:00,181.79103083501425,183.46643030584218,180.3817138716302,180.6675262451172,9024300,0.0,0.0
2023-03-08 00:00:00-05:00,180.6477829517553,182.2246230719453,179.1694868801992,180.30284118652344,6749100,0.0,0.0
2023-03-09 00:00:00-05:00,180.45070901916617,181.17999224149844,175.9566756024332,176.1340789794922,7102400,0.0,0.0
2023-03-10 00:00:00-05:00,175.9172561774397,176.76481330732187,169.22550834349167,170.67422485351562,14109000,0.0,0.0
2023-03-13 00:00:00-04:00,168.525781146827,174.53752555381755,167.54025026292743,172.97052001953125,9154800,0.0,0.0
2023-03-14 00:00:00-04:00,177.39553019015125,182.62869592467985,176.5184084479535,180.24371337890625,10138100,0.0,0.0
2023-03-15 00:00:00-04:00,176.56768753170866,181.19967891144938,175.63143635463425,180.263427734375,7716900,0.0,0.0
2023-03-16 00:00:00-04:00,180.6477968824644,184.93484679777103,180.33241981130283,184.5899200439453,8369500,0.0,0.0
2023-03-17 00:00:00-04:00,183.3481689637664,184.94473930808357,181.51508081881607,182.17539978027344,10493300,0.0,0.0
2023-03-20 00:00:00-04:00,181.5446346663391,182.83567760386043,180.00719399165044,182.569580078125,5513200,0.0,0.0
2023-03-21 00:00:00-04:00,183.1805968934777,186.5412603821721,182.21478096277582,185.94993591308594,6982000,0.0,0.0
2023-03-22 00:00:00-04:00,187.25083262299907,188.66999923422262,183.71278102624362,183.8113250732422,6575600,0.0,0.0
2023-03-23 00:00:00-04:00,184.6884756180801,187.80275671899042,182.89481728751002,184.7279052734375,8685000,0.0,0.0
2023-03-24 00:00:00-04:00,183.80148006883877,187.5662146536388,183.3974088627833,187.30996704101562,6102700,0.0,0.0
2023-03-27 00:00:00-04:00,186.18649136324944,189.33033726501836,186.17664146816833,188.4926300048828,7776500,0.0,0.0
2023-03-28 00:00:00-04:00,188.4137733898913,190.03990825223622,188.4137733898913,189.517578125,4899000,0.0,0.0
2023-03-29 00:00:00-04:00,190.3454116049989,194.57333197577734,190.08917901943857,193.79476928710938,8085200,0.0,0.0
2023-03-30 00:00:00-04:00,194.9084557330985,195.30266208887645,192.66144642154546,193.75538635253906,6932500,0.0,0.0
2023-03-31 00:00:00-04:00,194.63248433221938,197.10616124212564,194.13971892911405,196.88934326171875,6634300,0.0,0.0
2023-04-03 00:00:00-04:00,195.3519061225146,196.05162453249372,192.70082600362272,193.64694213867188,5340800,0.0,0.0
2023-04-04 00:00:00-04:00,195.2829156506457,195.82496058060985,193.77505477874928,194.34666442871094,4659100,0.0,0.0
2023-04-05 00:00:00-04:00,195.13511985622316,195.42091720292532,190.9268986668633,192.48403930664062,3953700,0.0,0.0
2023-04-06 00:00:00-04:00,191.19297846882273,191.2619728442455,186.85664888988723,189.7639617919922,6304700,0.0,0.0
2023-04-10 00:00:00-04:00,187.8322973817796,189.76394422066562,186.54125453733272,188.7192840576172,5263800,0.0,0.0
2023-04-11 00:00:00-04:00,186.32445982641644,187.70421203723257,184.59978084140178,186.15692138671875,4907700,0.0,0.0
2023-04-12 00:00:00-04:00,187.5465235756979,189.11351401651453,186.7876606113121,187.5662384033203,5033400,0.0,0.0
2023-04-13 00:00:00-04:00,187.69434004539113,191.56748395440778,187.69434004539113,191.2126922607422,4716400,0.0,0.0
2023-04-14 00:00:00-04:00,189.07408302109633,192.34603733664497,188.42362910796712,191.83355712890625,5073800,0.0,0.0
2023-04-17 00:00:00-04:00,192.33620662193513,194.66206005759275,192.2080827977228,194.22842407226562,5413500,0.0,0.0
2023-04-18 00:00:00-04:00,196.19947833508272,197.22442377578253,194.20870185906176,195.62786865234375,4679000,0.0,0.0
2023-04-19 00:00:00-04:00,193.45970782228946,196.1896324727516,192.89794802256674,196.0417938232422,3665100,0.0,0.0
2023-04-20 00:00:00-04:00,194.3269794130292,197.18502810127035,193.97220271863554,194.65220642089844,3620000,0.0,0.0
2023-04-21 00:00:00-04:00,194.17913067742526,196.23888642286988,193.62723584017758,196.1501922607422,4860100,0.0,0.0
2023-04-24 00:00:00-04:00,195.5785930882872,195.8939701767785,191.25211328234488,192.09967041015625,4449700,0.0,0.0
2023-04-25 00:00:00-04:00,191.16340258458231,191.311226183275,187.87173345763966,187.91114807128906,5010000,0.0,0.0
2023-04-26 00:00:00-04:00,189.8329304053089,191.55760923736463,187.81260437530557,188.7488555908203,4007600,0.0,0.0
2023-04-27 00:00:00-04:00,191.36052559786899,194.65219506658678,190.47355383760623,193.10491943359375,4794400,0.0,0.0
2023-04-28 00:00:00-04:00,193.31184592661856,195.77567274208914,192.44458911341664,195.49972534179688,4094600,0.0,0.0
2023-05-01 00:00:00-04:00,194.89855112596183,196.16989418486696,194.2678120623052,194.92811584472656,2882900,0.0,0.0
2023-05-02 00:00:00-04:00,195.15480470417504,195.53916109786982,190.13844172235605,191.0352783203125,6051000,0.0,0.0
2023-05-03 00:00:00-04:00,191.3999602937304,192.9570858626606,189.77382530641782,189.82310485839844,3779900,0.0,0.0
2023-05-04 00:00:00-04:00,189.12333945557566,191.74485478409386,187.99983503449718,189.59640502929688,4386500,0.0,0.0
2023-05-05 00:00:00-04:00,191.1437017011935,195.24351356805474,190.45383312696373,194.7310333251953,4284400,0.0,0.0
2023-05-08 00:00:00-04:00,195.84470261883118,197.59894642645935,193.2429016314944,195.03656005859375,4169400,0.0,0.0
2023-05-09 00:00:00-04:00,193.93274410487032,200.8511743347291,193.93274410487032,198.26907348632812,6996800,0.0,0.0
2023-05-10 00:00:00-04:00,201.97466522372395,203.29527276018504,200.10214786016982,201.88597106933594,6535600,0.0,0.0
2023-05-11 00:00:00-04:00,199.97406035243847,200.85118217219636,195.67714541746562,200.5259552001953,5366300,0.0,0.0
2023-05-12 00:00:00-04:00,200.4865239601639,201.0088691205223,197.23428434190018,198.8899688720703,4733600,0.0,0.0
2023-05-15 00:00:00-04:00,200.80189108273012,202.4280108112652,199.55026281478754,200.38796997070312,4518200,0.0,0.0
2023-05-16 00:00:00-04:00,199.00822318664004,202.69411371751272,198.8308348644835,201.6001739501953,4423200,0.0,0.0
2023-05-17 00:00:00-04:00,203.51209997603834,206.45884233368344,201.83670070780772,206.35043334960938,5772200,0.0,0.0
2023-05-18 00:00:00-04:00,206.46872420447863,210.78535437232438,206.30118575550853,210.23345947265625,5165500,0.0,0.0
2023-05-19 00:00:00-04:00,209.87863968281445,210.15458709575117,206.8924676106669,207.31625366210938,6091600,0.0,0.0
2023-05-22 00:00:00-04:00,206.14347219856515,209.74066858146557,206.01534838453668,207.2176971435547,3890800,0.0,0.0
2023-05-23 00:00:00-04:00,204.73416001259642,206.60666239124197,203.48253177027766,203.6500701904297,4256800,0.0,0.0
2023-05-24 00:00:00-04:00,203.0587725370817,207.1684494720978,202.44774821375898,206.0350799560547,4894000,0.0,0.0
2023-05-25 00:00:00-04:00,208.9522582021991,209.25777036425947,205.42405590103516,206.87278747558594,6496700,0.0,0.0
2023-05-26 00:00:00-04:00,209.72095324542136,213.02247233961333,209.47457055012316,212.32275390625,6933300,0.0,0.0
2023-05-30 00:00:00-04:00,216.0973463494129,218.92581498066875,212.6085588376413,215.703125,10421000,0.0,0.0
2023-05-31 00:00:00-04:00,216.37328819038706,221.74442799420086,213.91931110690226,220.1478729248047,19624000,0.0,0.0
2023-06-01 00:00:00-04:00,205.2072566506579,212.24394706775243,203.07850617876153,209.8195343017578,20907400,0.0,0.0
2023-06-02 00:00:00-04:00,209.81950801567746,213.01263332348896,207.38524565877933,209.9476318359375,11026900,0.0,0.0
2023-06-05 00:00:00-04:00,207.42466069450384,209.24789861952337,204.06399718674655,206.823486328125,7804400,0.0,0.0
2023-06-06 00:00:00-04:00,205.53247768131024,210.31229365091696,205.35507429481711,209.770263671875,6796000,0.0,0.0
2023-06-07 00:00:00-04:00,211.77086609157305,213.5251097371799,201.81699885651716,202.7532501220703,9323900,0.0,0.0
2023-06-08 00:00:00-04:00,202.40831382838553,207.33596766557082,201.88598372468437,206.49826049804688,5548600,0.0,0.0
2023-06-09 00:00:00-04:00,207.64146361710607,215.4961444245504,207.64146361710607,212.19461059570312,7676700,0.0,0.0
2023-06-12 00:00:00-04:00,213.02246545945263,217.20112125043076,209.070492568192,210.5980682373047,11568300,0.0,0.0
2023-06-13 00:00:00-04:00,212.38188756583904,213.10132083975896,204.91156229144502,205.9562225341797,11698900,0.0,0.0
2023-06-14 00:00:00-04:00,204.69476345349162,208.646751958457,202.0535478786891,206.3701629638672,8963400,0.0,0.0
2023-06-15 00:00:00-04:00,204.94112502747893,210.2432854964274,204.3695153640081,208.8536834716797,7905400,0.0,0.0
2023-06-16 00:00:00-04:00,210.45024278623077,210.5586517769724,207.55279483351336,208.6959991455078,13672700,0.0,0.0
2023-06-20 00:00:00-04:00,205.6309889651574,213.90945644870885,205.59157435111464,213.8306121826172,9522900,0.0,0.0
2023-06-21 00:00:00-04:00,213.38710852647844,214.64858660260057,205.059377230233,206.557373046875,7971600,0.0,0.0
2023-06-22 00:00:00-04:00,206.59682612779469,210.86417629039912,206.06463107525383,210.203857421875,5689800,0.0,0.0
2023-06-23 00:00:00-04:00,207.45424215260707,207.94700757339712,205.05940942581094,207.0501708984375,14037600,0.0,0.0
2023-06-26 00:00:00-04:00,205.99564963512069,208.68614447724335,204.3498150227889,204.3596649169922,4771500,0.0,0.0
2023-06-27 00:00:00-04:00,205.12836947897824,207.4345078223329,204.51734522680883,205.7985382080078,4014800,0.0,0.0
2023-06-28 00:00:00-04:00,205.3944617717968,209.1296165985586,204.59618429153937,209.1000518798828,4775900,0.0,0.0
2023-06-29 00:00:00-04:00,208.8339854892412,209.57313364227724,206.68553540932686,207.38525390625,3838300,0.0,0.0
2023-06-30 00:00:00-04:00,208.79457161003702,210.75578346338253,207.90759983845797,208.2032470703125,5984200,0.0,0.0
2023-07-03 00:00:00-04:00,207.52321024975635,208.89309734455472,206.88260626104878,208.5875701904297,2400000,0.0,0.0
2023-07-05 00:00:00-04:00,207.44436200190745,211.51459355814097,207.05014069996867,210.72618103027344,5069300,0.0,0.0
2023-07-06 00:00:00-04:00,208.14408643356228,209.4252793856402,204.8228526973494,207.09942626953125,4250900,0.0,0.0
2023-07-07 00:00:00-04:00,206.73477639026976,209.0409145883676,206.2518609400336,206.557373046875,3022200,0.0,0.0
2023-07-10 00:00:00-04:00,205.97594953536017,209.7899491476085,205.30579576946957,209.73081970214844,3820100,0.0,0.0
2023-07-11 00:00:00-04:00,218.84697045697953,219.13278281472327,214.0967197466163,217.9698486328125,10028100,0.0,0.0
2023-07-12 00:00:00-04:00,218.68929418186949,224.78973267726968,218.40349684610456,223.991455078125,8923500,0.0,0.0
2023-07-13 00:00:00-04:00,224.95727241352176,227.61821780997306,224.3068334640411,227.0367431640625,5800300,0.0,0.0
2023-07-14 00:00:00-04:00,226.37643665178277,228.8402638139441,224.8488608036412,226.0117950439453,4278700,0.0,0.0
2023-07-17 00:00:00-04:00,225.9230675340861,226.9480128655631,224.51375078554918,224.7010040283203,3557900,0.0,0.0
2023-07-18 00:00:00-04:00,223.76475511847954,226.29756127328156,222.20761476146265,224.33636474609375,5092700,0.0,0.0
2023-07-19 00:00:00-04:00,230.5944949036621,234.7731509551967,227.88428517392308,230.97885131835938,8516300,0.0,0.0
2023-07-20 00:00:00-04:00,227.75618193239876,230.1214499206631,224.0308765799785,224.8587188720703,5303000,0.0,0.0
2023-07-21 00:00:00-04:00,226.67207921242542,227.47035673748383,224.00128418411276,224.76014709472656,3529700,0.0,0.0
2023-07-24 00:00:00-04:00,223.97170708006504,224.29693402377438,220.30553158116638,222.39486694335938,5363200,0.0,0.0
2023-07-25 00:00:00-04:00,222.61169788225632,224.2279677634479,221.93167923649776,222.759521484375,3203700,0.0,0.0
2023-07-26 00:00:00-04:00,221.21223517035526,224.21809187865068,219.89161255791106,222.31602478027344,4856700,0.0,0.0
2023-07-27 00:00:00-04:00,224.740425698703,226.81004628969202,220.76873797773382,221.89224243164062,4299600,0.0,0.0
2023-07-28 00:00:00-04:00,222.7299606991501,224.02100364048448,220.73918427340968,222.33575439453125,4238700,0.0,0.0
2023-07-31 00:00:00-04:00,219.1327720496973,222.1189290705584,218.54144757431632,221.7542724609375,5571900,0.0,0.0
2023-08-01 00:00:00-04:00,220.65048738511769,221.55717390494706,218.4231932193199,221.02499389648438,4212600,0.0,0.0
2023-08-02 00:00:00-04:00,218.7681518799188,219.62557401584118,215.63417073719356,217.3095703125,5127000,0.0,0.0
2023-08-03 00:00:00-04:00,213.07176391432222,215.0526905206684,211.49492359820385,212.44102478027344,5515200,0.0,0.0
2023-08-04 00:00:00-04:00,213.27873501205008,214.10657731752772,209.98706557978844,211.4850616455078,4800400,0.0,0.0
2023-08-07 00:00:00-04:00,212.19461356834464,213.7517538859311,211.2682123000839,212.9337615966797,3615200,0.0,0.0
2023-08-08 00:00:00-04:00,210.4600818675146,211.0908209076256,208.08494929537588,208.51858520507812,4843800,0.0,0.0
2023-08-09 00:00:00-04:00,208.5875950883576,208.59746002102628,201.94512688873698,202.88137817382812,7847500,0.0,0.0
2023-08-10 00:00:00-04:00,205.16780676916778,207.29655703124763,203.4529927008319,205.23680114746094,4004700,0.0,0.0
2023-08-11 00:00:00-04:00,203.14747616245108,206.46871026966238,202.5265869232249,205.68028259277344,2930800,0.0,0.0
2023-08-14 00:00:00-04:00,204.89184181510794,209.03108309461007,204.12312901474468,208.9916534423828,3304700,0.0,0.0
2023-08-15 00:00:00-04:00,207.28668517248053,209.29716129274533,204.8327081827697,205.7591094970703,4076400,0.0,0.0
2023-08-16 00:00:00-04:00,204.9904063287372,206.65595578623925,203.95559598149563,203.99502563476562,2759600,0.0,0.0
2023-08-17 00:00:00-04:00,203.58111985451845,203.93589653266073,200.44712385552535,200.89060974121094,4062700,0.0,0.0
2023-08-18 00:00:00-04:00,198.0621075796617,202.52656048363275,197.3032447238991,201.8662567138672,4267200,0.0,0.0
2023-08-21 00:00:00-04:00,203.01933617003883,206.389849558204,201.26509262364885,206.0054931640625,4023300,0.0,0.0
2023-08-22 00:00:00-04:00,206.813627152655,207.0698597256099,203.01932787379218,203.76832580566406,3153200,0.0,0.0
2023-08-23 00:00:00-04:00,204.99044065671526,207.93718365483883,204.14288342555656,206.10409545898438,3833200,0.0,0.0
2023-08-24 00:00:00-04:00,207.9568419537998,208.92267293385902,202.46744339549144,202.5364227294922,3960300,0.0,0.0
2023-08-25 00:00:00-04:00,202.53642420379688,207.74002549396982,202.50685948358048,206.4391326904297,3068800,0.0,0.0
2023-08-28 00:00:00-04:00,207.4049270111187,210.3910837456251,206.6066495725087,208.65655517578125,4086900,0.0,0.0
2023-08-29 00:00:00-04:00,203.75849016677043,209.3858775760072,203.53182229645282,208.8931121826172,5850400,0.0,0.0
2023-08-30 00:00:00-04:00,208.70585307695774,212.47057275716784,206.3996996716498,211.92852783203125,9946000,0.0,0.0
2023-08-31 00:00:00-04:00,224.7010102177936,225.4795728908608,217.99939813352142,218.25564575195312,19268400,0.0,0.0
2023-09-01 00:00:00-04:00,220.26614295583678,220.72934365413124,217.32926526040097,218.32464599609375,5600900,0.0,0.0
2023-09-05 00:00:00-04:00,216.15646540911524,217.13214628428702,214.46135128308276,215.52572631835938,5807300,0.0,0.0
2023-09-06 00:00:00-04:00,216.2944297723248,218.99478937692052,215.850943952951,218.41331481933594,5066700,0.0,0.0
2023-09-07 00:00:00-04:00,216.5901058396768,219.5072685555909,216.1367550597408,219.31016540527344,4201900,0.0,0.0
2023-09-08 00:00:00-04:00,220.08873712769017,222.2076222521318,219.63538636015994,221.5078887939453,4578900,0.0,0.0
2023-09-11 00:00:00-04:00,222.73981056861092,223.54795304239798,219.56640019136134,222.04994201660156,4418000,0.0,0.0
2023-09-12 00:00:00-04:00,220.21686767061814,221.53747541396362,218.05855268102698,218.45277404785156,4002300,0.0,0.0
2023-09-13 00:00:00-04:00,217.9796930706906,218.6498618281358,215.14137461929414,215.63414001464844,4173600,0.0,0.0
2023-09-14 00:00:00-04:00,216.24514946166497,217.3785188160522,215.18077447613848,215.61441040039062,4297200,0.0,0.0
2023-09-15 00:00:00-04:00,215.7031164402859,216.01849350730114,210.3714063633647,211.5047607421875,9939000,0.0,0.0
2023-09-18 00:00:00-04:00,211.45549366495808,213.24916700386376,211.0809871352949,211.88912963867188,4279400,0.0,0.0
2023-09-19 00:00:00-04:00,211.28795178355864,212.9337864475042,209.18876632593623,212.57899475097656,4001500,0.0,0.0
2023-09-20 00:00:00-04:00,212.08623193577782,214.03757877154797,209.83922284294988,209.9476318359375,2990900,0.0,0.0
2023-09-21 00:00:00-04:00,206.76439801574466,208.8241541090392,205.0594336688844,205.59161376953125,4957300,0.0,0.0
2023-09-22 00:00:00-04:00,206.2814642139583,206.68553548021174,202.90110054449124,203.44313049316406,3848300,0.0,0.0
2023-09-25 00:00:00-04:00,202.03380826814293,203.54166914632322,200.92015368357607,203.3544158935547,4067300,0.0,0.0
2023-09-26 00:00:00-04:00,202.4970124284119,203.45297849682746,198.3676360162263,199.5601348876953,5404500,0.0,0.0
2023-09-27 00:00:00-04:00,200.05289373925936,200.9792800187391,198.03255268019046,199.79664611816406,4123800,0.0,0.0
2023-09-28 00:00:00-04:00,197.8551445245732,202.18162384051135,196.6626607590398,200.2598419189453,4344000,0.0,0.0
2023-09-29 00:00:00-04:00,202.1126558270554,204.7834358415089,199.1757782891745,199.84593200683594,4405100,0.0,0.0
2023-10-02 00:00:00-04:00,197.89458351226108,202.14221876541856,197.618636097068,200.76248168945312,3745700,0.0,0.0
2023-10-03 00:00:00-04:00,199.81637739261865,200.62451989797404,194.56349622183015,196.93862915039062,4622400,0.0,0.0
2023-10-04 00:00:00-04:00,197.9734308174266,199.80651869677337,196.62324340307552,198.9490966796875,3656400,0.0,0.0
2023-10-05 00:00:00-04:00,199.07724727238093,199.22507089624116,195.6180391319746,199.08709716796875,3592600,0.0,0.0
2023-10-06 00:00:00-04:00,197.57920827954828,205.2565015437019,196.99774872342036,204.3596649169922,4989200,0.0,0.0
2023-10-09 00:00:00-04:00,201.9254063623548,205.26635519520192,201.72830320863653,204.22169494628906,2781100,0.0,0.0
2023-10-10 00:00:00-04:00,204.63562523008665,206.19276577869462,203.27558784400975,203.88662719726562,4503500,0.0,0.0
2023-10-11 00:00:00-04:00,204.23154714895782,206.1730440629399,201.45235806270358,203.8570556640625,3971000,0.0,0.0
2023-10-12 00:00:00-04:00,204.82287985798803,205.56202800089363,200.3288615552032,202.7039794921875,3548500,0.0,0.0
2023-10-13 00:00:00-04:00,202.14222571695498,204.14285206490823,200.2697231868926,201.62974548339844,3677500,0.0,0.0
2023-10-16 00:00:00-04:00,202.8616607718609,206.45885729461932,202.07323310673527,205.5127410888672,3623200,0.0,0.0
2023-10-17 00:00:00-04:00,203.50226795022797,208.87340800439307,203.0193524264049,206.8037872314453,4006100,0.0,0.0
2023-10-18 00:00:00-04:00,205.8576590886639,206.59680711962605,201.23551766229969,201.8662567138672,3380800,0.0,0.0
2023-10-19 00:00:00-04:00,203.46283328710302,207.8977219445318,202.55614674392285,205.3057861328125,4995900,0.0,0.0
2023-10-20 00:00:00-04:00,204.35966231521567,205.09881039722413,199.19547563523443,200.7821807861328,5539100,0.0,0.0
2023-10-23 00:00:00-04:00,197.00760400368796,200.62451533002707,194.9872778623139,199.0772247314453,4564100,0.0,0.0
2023-10-24 00:00:00-04:00,200.78222112779366,201.67905792328006,198.02273139291736,201.26513671875,3959600,0.0,0.0
2023-10-25 00:00:00-04:00,200.25983715375529,200.79203215814417,192.60225933064464,194.20867919921875,4490000,0.0,0.0
2023-10-26 00:00:00-04:00,194.56348485789695,196.77107921962858,190.87759432559656,193.41041564941406,5149100,0.0,0.0
2023-10-27 00:00:00-04:00,194.44521752954003,195.4405981608005,192.5825650370589,193.7257843017578,3168600,0.0,0.0
2023-10-30 00:00:00-04:00,196.12063647228015,197.67777699858073,194.2284190706763,196.38673400878906,3438300,0.0,0.0
2023-10-31 00:00:00-04:00,197.52007733022495,198.98852360764752,195.7855485692878,197.9241485595703,3425400,0.0,0.0
2023-11-01 00:00:00-04:00,198.01285213745382,201.53120441130633,197.58908109969943,200.9595947265625,3593600,0.0,0.0
2023-11-02 00:00:00-04:00,203.32485746579673,205.246639523147,202.97006577536231,205.09881591796875,4963600,0.0,0.0
2023-11-03 00:00:00-04:00,206.3602959663223,207.1388586904876,204.2019810836016,204.46807861328125,3861900,0.0,0.0
2023-11-06 00:00:00-05:00,205.1973857795379,205.46346828281932,201.7283129619456,204.41880798339844,3729700,0.0,0.0
2023-11-07 00:00:00-05:00,206.46870284300115,210.2531375103336,205.9365228270977,208.77484130859375,5467100,0.0,0.0
2023-11-08 00:00:00-05:00,209.3464686175462,209.44502772116954,206.61654385766553,208.41021728515625,3433500,0.0,0.0
2023-11-09 00:00:00-05:00,210.47981568159986,210.48966557570722,206.04492717626152,206.9713134765625,4731400,0.0,0.0
2023-11-10 00:00:00-05:00,206.3701494568761,211.16969481714793,205.81825459903953,210.53895568847656,4112600,0.0,0.0
2023-11-13 00:00:00-05:00,209.4942744646507,213.01261135048915,208.69598194153917,212.16505432128906,3306600,0.0,0.0
2023-11-14 00:00:00-05:00,215.83125577947868,218.04870018817198,214.7964453811537,217.97970581054688,4743800,0.0,0.0
2023-11-15 00:00:00-05:00,217.5559053607363,218.16692959194336,214.5106190601648,216.24514770507812,4800700,0.0,0.0
2023-11-16 00:00:00-05:00,216.81677194852293,219.5466964241529,215.7721117261247,218.24578857421875,3712300,0.0,0.0
2023-11-17 00:00:00-05:00,217.96985497168095,219.5664101268628,217.19129222161285,218.01913452148438,3634900,0.0,0.0
2023-11-20 00:00:00-05:00,218.22606751681423,222.82850936884188,217.4277900126057,221.87254333496094,4599300,0.0,0.0
2023-11-21 00:00:00-05:00,220.75887223186177,222.700368873727,220.30552150252066,221.07424926757812,3852300,0.0,0.0
2023-11-22 00:00:00-05:00,221.05454704424622,222.42443416546757,219.98032215136158,220.6011962890625,3893600,0.0,0.0
2023-11-24 00:00:00-05:00,221.1136927659643,221.2418165832137,218.90609834154753,221.13340759277344,1869100,0.0,0.0
2023-11-27 00:00:00-05:00,222.23719380685517,222.94677718080894,221.00528031568635,221.53746032714844,4885500,0.0,0.0
2023-11-28 00:00:00-05:00,220.37451508173257,222.26673217526246,219.01447793656857,221.66555786132812,5535300,0.0,0.0
2023-11-29 00:00:00-05:00,225.30219978014898,228.1503832284351,223.97172716728585,227.01702880859375,12327400,0.0,0.0
2023-11-30 00:00:00-05:00,245.4464494814762,248.84652774404097,240.12457412276004,248.2552032470703,24425700,0.0,0.0
2023-12-01 00:00:00-05:00,246.3826693021334,259.61833907880174,246.08700709136988,256.23797607421875,14538200,0.0,0.0
2023-12-04 00:00:00-05:00,249.14220807729853,251.4286318863387,246.23489500517064,247.03317260742188,11429200,0.0,0.0
2023-12-05 00:00:00-05:00,246.37285915367542,248.02854374023693,245.04238650961145,247.38795471191406,5771500,0.0,0.0
2023-12-06 00:00:00-05:00,247.88071714084387,250.30511454736015,245.24935164449965,245.52529907226562,5374800,0.0,0.0
2023-12-07 00:00:00-05:00,245.1508000302171,247.10214691127285,243.31771203952616,245.24935913085938,6568200,0.0,0.0
2023-12-08 00:00:00-05:00,244.9536751187859,248.44244741686344,244.4116301893937,247.18096923828125,4605800,0.0,0.0
2023-12-11 00:00:00-05:00,246.38268049403854,249.85175284603613,246.09688320138784,248.45230102539062,4766000,0.0,0.0
2023-12-12 00:00:00-05:00,248.15668270953967,252.8675041530631,247.38796981342418,252.73941040039062,5827600,0.0,0.0
2023-12-13 00:00:00-05:00,253.78407029265676,255.37076059647433,251.46806667514457,253.59681701660156,6567600,0.0,0.0
2023-12-14 00:00:00-05:00,252.78862391120728,255.0257677671904,249.55608442641625,253.48834228515625,6613200,0.0,0.0
2023-12-15 00:00:00-05:00,251.32016104243803,258.51453766334686,250.82739572645804,257.8148193359375,13739500,0.0,0.0
2023-12-18 00:00:00-05:00,256.06059161267876,261.7470928781329,255.92260287931452,259.7760314941406,7498500,0.0,0.0
2023-12-19 00:00:00-05:00,261.6288523259994,262.72277703422486,259.9238732821032,260.51519775390625,4665500,0.0,0.0
2023-12-20 00:00:00-05:00,257.87391558622335,261.08675465732813,256.3167605455267,256.48431396484375,4510500,0.0,0.0
2023-12-21 00:00:00-05:00,260.91923010516547,264.4769811858854,260.4165998676093,263.383056640625,5160700,0.0,0.0
2023-12-22 00:00:00-05:00,263.39296865040154,264.27007541427685,261.4613066466073,262.48626708984375,3110600,0.0,0.0
2023-12-26 00:00:00-05:00,261.6880232532066,262.6735541704523,260.791186509391,262.3680419921875,3218800,0.0,0.0
2023-12-27 00:00:00-05:00,262.09200512328,263.14653006321595,261.5598101882459,262.8607177734375,3387000,0.0,0.0
2023-12-28 00:00:00-05:00,262.64397580012695,263.0579119973112,261.4613267304708,261.7372741699219,2958700,0.0,0.0
2023-12-29 00:00:00-05:00,261.1755182892559,261.8062423408565,258.8496500386989,259.33258056640625,3706600,0.0,0.0
2024-01-02 00:00:00-05:00,256.77017466957835,256.78987445603593,250.09812768047314,252.42398071289062,4741400,0.0,0.0
2024-01-03 00:00:00-05:00,249.83204483287253,250.48249873623334,248.12708084800775,248.19606018066406,5097100,0.0,0.0
2024-01-04 00:00:00-05:00,248.18621112156836,248.98448862473882,246.22499951108347,247.60475158691406,4489800,0.0,0.0
2024-01-05 00:00:00-05:00,247.5752051748185,250.23613539482295,246.55024469549386,247.4864959716797,3676000,0.0,0.0
2024-01-08 00:00:00-05:00,248.56074272009394,257.7754471605404,247.75260020346903,257.0954284667969,6626000,0.0,0.0
2024-01-09 00:00:00-05:00,255.7451905386865,260.111083875691,255.03560730409382,257.5585632324219,4571800,0.0,0.0
2024-01-10 00:00:00-05:00,259.46071633742577,262.6045624008007,258.9482510827252,260.30828857421875,5128300,0.0,0.0
2024-01-11 00:00:00-05:00,264.12227002737114,269.01049466330994,261.26423655347196,267.453369140625,9012600,0.0,0.0
2024-01-12 00:00:00-05:00,267.3055383091222,271.2574964925461,267.1379848342871,267.9953918457031,4847600,0.0,0.0
2024-01-16 00:00:00-05:00,265.7976437126359,267.64058132259424,263.8462820853803,265.2950134277344,5858700,0.0,0.0
2024-01-17 00:00:00-05:00,264.4080958604861,267.96584800365275,260.30828367203924,267.51251220703125,4706500,0.0,0.0
2024-01-18 00:00:00-05:00,269.049933368581,271.70101387268966,268.20239123841304,270.4888000488281,4752400,0.0,0.0
2024-01-19 00:00:00-05:00,272.50912279903423,277.919677101256,271.5432918172044,276.8158874511719,7413600,0.0,0.0
2024-01-22 00:00:00-05:00,279.68378553298993,281.5858527001221,276.11616895911163,276.2442626953125,6735900,0.0,0.0
2024-01-23 00:00:00-05:00,276.7665720427195,277.6338438671056,271.7206596928472,272.76531982421875,6573800,0.0,0.0
2024-01-24 00:00:00-05:00,275.9289000064974,276.89470085712753,272.6864955376419,272.8737487792969,7037800,0.0,0.0
2024-01-25 00:00:00-05:00,274.57870911327865,275.8007877007181,272.85403029266166,274.9926452636719,4178000,0.0,0.0
2024-01-26 00:00:00-05:00,275.23904190944285,279.24029457009294,274.6575823438424,275.8894958496094,4877400,0.0,0.0
2024-01-29 00:00:00-05:00,277.3283646263471,283.9806976108192,276.934158316544,283.69488525390625,5762300,0.0,0.0
2024-01-30 00:00:00-05:00,283.4683048920184,285.1042900681978,282.3743497709012,283.5668640136719,4810900,0.0,0.0
2024-01-31 00:00:00-05:00,279.9400513433201,281.4972070703485,276.7568056572867,277.02288818359375,4557300,0.0,0.0
2024-02-01 00:00:00-05:00,277.92952519914957,280.92551690333653,277.28890617673125,279.693603515625,3218300,0.0,0.0
2024-02-02 00:00:00-05:00,281.0733976493681,283.99056041122645,279.06290638564855,281.5267333984375,3629600,0.0,0.0
2024-02-05 00:00:00-05:00,282.1081505590423,284.86762436816826,277.2888912099512,283.94122314453125,5274800,0.0,0.0
2024-02-06 00:00:00-05:00,283.77369918862905,284.46358267748843,277.83095054239953,281.6942138671875,4207200,0.0,0.0
2024-02-07 00:00:00-05:00,283.19227433533786,285.60680668953665,281.0733891833634,284.66070556640625,3621400,0.0,0.0
2024-02-08 00:00:00-05:00,285.11405775893894,288.86892782398604,284.79871075036823,287.7257385253906,4488400,0.0,0.0
2024-02-09 00:00:00-05:00,289.00691063933124,290.9681073310249,286.8387308223733,287.0851135253906,4376300,0.0,0.0
2024-02-12 00:00:00-05:00,286.6121084530737,286.7894967998605,282.84737313250844,283.1627502441406,3750000,0.0,0.0
2024-02-13 00:00:00-05:00,276.35268706872404,279.3289791693864,272.42042891727743,277.08197021484375,4956600,0.0,0.0
2024-02-14 00:00:00-05:00,280.8762402680692,285.27169862431504,280.521463664215,284.9661865234375,3850700,0.0,0.0
2024-02-15 00:00:00-05:00,287.12449590741045,287.7749497454081,283.8426920769768,287.7158203125,3986500,0.0,0.0
2024-02-16 00:00:00-05:00,287.7749936404157,287.8439880146685,283.7146115560075,285.5279846191406,4159400,0.0,0.0
2024-02-20 00:00:00-05:00,285.3111717091335,286.6416443281612,280.03857581951326,282.2461853027344,4295500,0.0,0.0
2024-02-21 00:00:00-05:00,276.0176374525924,279.46699549101214,274.33235801337634,279.447265625,3797200,0.0,0.0
2024-02-22 00:00:00-05:00,287.77497284179714,290.3669234709929,287.1836483892488,289.4010925292969,5264300,0.0,0.0
2024-02-23 00:00:00-05:00,293.6881878832286,293.6881878832286,286.86830129356775,288.56341552734375,4416800,0.0,0.0
2024-02-26 00:00:00-05:00,291.3130437627643,299.4338078802594,290.731584203479,296.0436096191406,8719300,0.0,0.0
2024-02-27 00:00:00-05:00,297.2163642108136,297.38391767957177,292.30844009560354,295.1664733886719,6178800,0.0,0.0
2024-02-28 00:00:00-05:00,295.2453333930914,296.52654160698506,292.31830542097134,295.4325866699219,12490800,0.0,0.0
2024-02-29 00:00:00-05:00,295.6592644593847,306.0467683720088,290.5246569878911,304.3516540527344,21737800,0.0,0.0
2024-03-01 00:00:00-05:00,302.5579640399541,314.09852160859805,302.183457513345,312.2950134277344,9450200,0.0,0.0
2024-03-04 00:00:00-05:00,310.0184689962013,313.0538909990323,309.0033733507463,310.08746337890625,9350000,0.0,0.0
2024-03-05 00:00:00-05:00,306.8056025570219,308.02765117096226,291.85511659759106,294.4273376464844,9015300,0.0,0.0
2024-03-06 00:00:00-05:00,300.24190557051793,301.4639840243908,298.35953842577004,299.3746337890625,8270000,0.0,0.0
2024-03-07 00:00:00-05:00,301.5724994270764,302.3313475034961,297.38399249058926,298.0443115234375,6788900,0.0,0.0
2024-03-08 00:00:00-05:00,297.8274624560866,304.4009369912113,297.8274624560866,300.8628845214844,4851600,0.0,0.0
2024-03-11 00:00:00-04:00,298.2610492337057,303.15910832974697,295.90561623666804,301.5724182128906,4895500,0.0,0.0
2024-03-12 00:00:00-04:00,302.2721353226627,304.56843886903255,299.47323153315745,302.1834411621094,4832000,0.0,0.0
2024-03-13 00:00:00-04:00,300.9795463710344,303.6735708571097,299.1144455463743,300.66375732421875,5548800,0.4,0.0
2024-03-14 00:00:00-04:00,300.9795330404188,305.4103368571343,298.0190786170704,299.3216857910156,4828800,0.0,0.0
2024-03-15 00:00:00-04:00,295.01916851897465,296.09479677186596,289.89757951496506,290.4501953125,11885100,0.0,0.0
2024-03-18 00:00:00-04:00,295.6704235223695,297.00263393185213,292.1178724688483,296.5487060546875,5240500,0.0,0.0
2024-03-19 00:00:00-04:00,294.24943419285455,297.7921078031773,292.71000025954714,297.4763488769531,3329900,0.0,0.0
2024-03-20 00:00:00-04:00,297.9894799181317,302.9728995622566,296.726353882444,302.0452880859375,4946600,0.0,0.0
2024-03-21 00:00:00-04:00,303.88077941152494,307.68988296367894,302.3117421880755,304.3248596191406,6083900,0.0,0.0
2024-03-22 00:00:00-04:00,305.24259890460394,306.14060703940856,302.6077811802607,303.7130126953125,3779000,0.0,0.0
2024-03-25 00:00:00-04:00,299.69666696814824,303.65378704370437,298.55195436613474,302.0255432128906,4141200,0.0,0.0
2024-03-26 00:00:00-04:00,303.4268887194023,303.9202978482528,300.87103304579324,301.7986145019531,3893900,0.0,0.0
2024-03-27 00:00:00-04:00,303.3874348863753,305.222902555695,294.69356766209825,297.4073181152344,3859900,0.0,0.0
2024-03-28 00:00:00-04:00,296.04546164753583,298.80854057679215,295.68034372995214,297.20989990234375,4892300,0.0,0.0
2024-04-01 00:00:00-04:00,297.71320216698984,299.5092186212168,296.03559908507617,298.27569580078125,2918100,0.0,0.0
2024-04-02 00:00:00-04:00,293.57841843052915,300.4466647621992,291.0028373493911,299.99273681640625,4746100,0.0,0.0
2024-04-03 00:00:00-04:00,299.9828477935144,303.11107466329474,299.1045952765141,300.72296142578125,3047400,0.0,0.0
2024-04-04 00:00:00-04:00,304.1965623023851,307.19646769425174,288.24957792207186,290.2626953125,8351000,0.0,0.0
2024-04-05 00:00:00-04:00,289.67066368938845,299.4204336980676,289.4338068095984,297.9303283691406,4918200,0.0,0.0
2024-04-08 00:00:00-04:00,297.13098522229717,299.49934303210983,295.5717955010856,297.752685546875,3142900,0.0,0.0
2024-04-09 00:00:00-04:00,299.3216750375154,301.57161911381615,295.30531811979336,298.3841857910156,2997700,0.0,0.0
2024-04-10 00:00:00-04:00,294.51588033652,296.95332230064713,294.2198168309622,295.6704406738281,3036400,0.0,0.0
2024-04-11 00:00:00-04:00,295.52242354749893,297.1210640831616,292.50276251006966,295.2066345214844,3468600,0.0,0.0
2024-04-12 00:00:00-04:00,292.9566817017874,293.9237742719633,289.63110955532386,290.4403076171875,3820000,0.0,0.0
2024-04-15 00:00:00-04:00,279.21030458693093,282.70364895513376,268.07899806352793,269.3026428222656,18365100,0.0,0.0
2024-04-16 00:00:00-04:00,271.15789823204324,276.8617061064903,268.84874730522216,273.75323486328125,7624300,0.0,0.0
2024-04-17 00:00:00-04:00,274.07884660998593,275.2926437018845,271.21708017277354,272.6775817871094,4199400,0.0,0.0
2024-04-18 00:00:00-04:00,272.67759559840124,272.68744330139475,266.1941931926905,268.3356018066406,5918200,0.0,0.0
2024-04-19 00:00:00-04:00,268.8980800261133,269.5493836479409,265.1876640953549,266.8060302734375,4913600,0.0,0.0
2024-04-22 00:00:00-04:00,275.707145905514,276.01305713224525,266.0067063266208,270.20068359375,6747200,0.0,0.0
2024-04-23 00:00:00-04:00,271.3256607983604,273.0525925507387,266.8454979913349,273.0328369140625,6285200,0.0,0.0
2024-04-24 00:00:00-04:00,274.335485626054,275.2630972312801,270.49674800853035,272.5493469238281,3938800,0.0,0.0
2024-04-25 00:00:00-04:00,268.0198119011514,269.97369253766385,265.7303865967594,269.5395202636719,4811900,0.0,0.0
2024-04-26 00:00:00-04:00,271.37494875074196,273.24989691905165,269.85524060545515,270.67431640625,3754600,0.0,0.0
2024-04-29 00:00:00-04:00,271.2664532816201,273.63481079736863,269.618453735134,272.105224609375,3576400,0.0,0.0
2024-04-30 00:00:00-04:00,270.8914199361629,270.99007764433424,264.8224651188509,265.39483642578125,5218000,0.0,0.0
2024-05-01 00:00:00-04:00,265.47383012544026,270.3881957659061,263.0363878860041,265.148193359375,3761000,0.0,0.0
2024-05-02 00:00:00-04:00,266.8652436617366,269.4803059182936,264.40807593401166,268.5428466796875,3859900,0.0,0.0
2024-05-03 00:00:00-04:00,273.1710224785436,274.0098239750641,269.74676210580594,270.05267333984375,4041600,0.0,0.0
2024-05-06 00:00:00-04:00,272.5295637821619,273.476900711468,270.44736196288,271.9966735839844,3744800,0.0,0.0
2024-05-07 00:00:00-04:00,271.95723822922366,275.2038787078951,270.4572853289372,273.5262756347656,3507700,0.0,0.0
2024-05-08 00:00:00-04:00,272.09544269581465,276.2499396423653,272.09544269581465,275.292724609375,3283300,0.0,0.0
2024-05-09 00:00:00-04:00,268.5823309540439,271.7204056982879,267.4968248778048,271.54278564453125,4709700,0.0,0.0
2024-05-10 00:00:00-04:00,272.4604861859731,275.95383072755305,271.3453769032584,273.0229797363281,2912300,0.0,0.0
2024-05-13 00:00:00-04:00,273.48678978022247,274.13806324164585,271.5624823892103,273.86175537109375,2998700,0.0,0.0
2024-05-14 00:00:00-04:00,273.3092007015553,275.18414953607027,271.41452634162863,273.15130615234375,3056800,0.0,0.0
2024-05-15 00:00:00-04:00,276.0524953059986,284.0062470607831,276.04264760305733,283.74969482421875,5828500,0.0,0.0
2024-05-16 00:00:00-04:00,285.6049064145492,286.1969731795363,280.8286803314652,280.9273681640625,3559200,0.0,0.0
2024-05-17 00:00:00-04:00,283.25626549243196,283.55229886548125,280.5129124794184,281.8450927734375,3478900,0.0,0.0
2024-05-20 00:00:00-04:00,282.2299860418786,283.9273144352739,281.3517034481528,283.285888671875,2799300,0.0,0.0
2024-05-21 00:00:00-04:00,283.0095890758634,283.4339136577968,279.55572550930765,280.01953125,3492100,0.0,0.0
2024-05-22 00:00:00-04:00,279.674136295084,283.30561986966666,279.10176490189974,280.0787353515625,3309200,0.0,0.0
2024-05-23 00:00:00-04:00,282.90099884341697,283.21678785545686,273.802534976689,274.8979187011719,5456600,0.0,0.0
2024-05-24 00:00:00-04:00,267.3586258092502,271.335501625045,264.99026834621174,268.7007141113281,8325100,0.0,0.0
2024-05-28 00:00:00-04:00,269.5000778863455,269.62836908100144,263.6383749027238,266.2731628417969,9294100,0.0,0.0
2024-05-29 00:00:00-04:00,264.4673038783234,269.27310417139495,264.24032482826146,268.0395812988281,13397900,0.0,0.0
2024-05-30 00:00:00-04:00,220.45517996710188,222.12290513515936,209.20545850454064,215.13623046875,66763300,0.0,0.0
2024-05-31 00:00:00-04:00,216.2217307350947,231.52727519503773,213.21193229247976,231.3496551513672,36807400,0.0,0.0
2024-06-03 00:00:00-04:00,231.52726401560057,237.81330572046122,227.17540752165044,233.5009002685547,19962700,0.0,0.0
2024-06-04 00:00:00-04:00,232.6127786024252,237.4185782381064,229.1391744522924,231.7641143798828,11197500,0.0,0.0
2024-06-05 00:00:00-04:00,232.5338265714086,233.7969525896041,228.49774398111757,233.41209411621094,10772100,0.0,0.0
2024-06-06 00:00:00-04:00,236.71795610534764,243.49739236302491,236.29361644673253,239.5599822998047,11693800,0.0,0.0
2024-06-07 00:00:00-04:00,239.13564053470157,240.71454051659524,237.1225231064012,238.66197204589844,6883800,0.0,0.0
2024-06-10 00:00:00-04:00,238.60277094560135,240.42839067686432,237.2606975632113,238.65211486816406,7656900,0.0,0.0
2024-06-11 00:00:00-04:00,237.98106599251642,240.53692135844818,233.1456480772849,237.8133087158203,7264400,0.0,0.0
2024-06-12 00:00:00-04:00,237.3889913034171,239.00737260038247,231.7937337390737,232.69174194335938,10260100,0.0,0.0
2024-06-13 00:00:00-04:00,232.41541091487227,232.5436870329685,225.6458379197619,226.01095581054688,13566700,0.0,0.0
2024-06-14 00:00:00-04:00,226.32674354083898,232.1489644694028,226.17871178714012,228.88259887695312,8833700,0.0,0.0
2024-06-17 00:00:00-04:00,227.24448813141547,228.78392207517126,224.767579932952,227.4418487548828,10563700,0.0,0.0
2024-06-18 00:00:00-04:00,227.4418634317489,229.22800203451135,226.20834063341562,228.75433349609375,7119800,0.0,0.0
2024-06-20 00:00:00-04:00,229.78062062789198,240.55667341184684,229.78062062789198,238.61264038085938,14809600,0.0,0.0
2024-06-21 00:00:00-04:00,237.3988470690393,242.13556209295544,237.02385135754685,241.82965087890625,15719600,0.0,0.0
2024-06-24 00:00:00-04:00,239.9843197854196,241.18823919061128,236.6488694604475,236.77716064453125,7545700,0.0,0.0
2024-06-25 00:00:00-04:00,238.59290647396847,239.89551374356222,236.70808007220072,238.5731658935547,6037800,0.0,0.0
2024-06-26 00:00:00-04:00,238.28699212803272,240.39878247522816,236.7376803252588,239.94483947753906,4524700,0.0,0.0
2024-06-27 00:00:00-04:00,241.77046907513937,255.19120317747297,241.22771603099144,249.51699829101562,12869000,0.0,0.0
2024-06-28 00:00:00-04:00,250.15838634540793,256.7503239729132,249.8425973282668,253.7109375,12619300,0.0,0.0
2024-07-01 00:00:00-04:00,254.7470863827549,256.0595713197595,251.17480968073374,252.83265686035156,5871700,0.0,0.0
2024-07-02 00:00:00-04:00,251.68798561487884,254.33266622814278,250.71103017343327,252.81295776367188,5130600,0.0,0.0
2024-07-03 00:00:00-04:00,253.59255389883302,257.77665346328695,253.55307273823388,257.5102233886719,4755700,0.0,0.0
2024-07-05 00:00:00-04:00,259.25686686998887,262.30613135491205,257.8753274761354,259.7206726074219,6562100,0.0,0.0
2024-07-08 00:00:00-04:00,257.9345214592256,259.37526746222983,253.79975118434692,253.9773712158203,6539300,0.0,0.0
2024-07-09 00:00:00-04:00,253.1076297146619,254.00703567835393,248.16585859251495,249.49024963378906,7014900,0.4,0.0
2024-07-10 00:00:00-04:00,248.27457994504454,251.8326612110013,243.24386052599937,249.6483917236328,8947700,0.0,0.0
2024-07-11 00:00:00-04:00,249.65828599160284,252.44543709434896,247.99784303331867,248.1955108642578,5341800,0.0,0.0
2024-07-12 00:00:00-04:00,248.68969059067106,252.3169488643161,246.78217413452154,251.0123291015625,4705500,0.0,0.0
2024-07-15 00:00:00-04:00,253.0384715082272,253.40418795638686,249.1838955500776,249.915283203125,4404300,0.0,0.0
2024-07-16 00:00:00-04:00,250.82455788465322,253.78962084183433,249.7274839872526,253.04835510253906,4780400,0.0,0.0
2024-07-17 00:00:00-04:00,251.041980923902,252.59370434412605,246.7031063450356,248.2943572998047,5625300,0.0,0.0
2024-07-18 00:00:00-04:00,249.20364700047577,249.5100344136185,242.85841434675018,244.4694366455078,6351600,0.0,0.0
2024-07-19 00:00:00-04:00,245.75429585163587,246.0903477823598,242.31482703771704,244.74618530273438,4468900,0.0,0.0
2024-07-22 00:00:00-04:00,245.85313298525824,252.60359468760936,245.11186725766447,251.12106323242188,5647600,0.0,0.0
2024-07-23 00:00:00-04:00,253.60182950899897,254.3332020485939,250.79490688002988,253.0780029296875,3905500,0.0,0.0
2024-07-24 00:00:00-04:00,250.6762941765257,252.92974066833654,246.0013676984269,246.87112426757812,5204100,0.0,0.0
2024-07-25 00:00:00-04:00,251.77335384722548,261.00456335671157,248.78851994632944,253.53260803222656,7155800,0.0,0.0
2024-07-26 00:00:00-04:00,255.16346651009073,261.40984334074926,254.07627064706742,259.65057373046875,6127300,0.0,0.0
2024-07-29 00:00:00-04:00,259.6505209081252,262.98126970374227,255.509314437478,255.57850646972656,5101400,0.0,0.0
2024-07-30 00:00:00-04:00,256.59651425922243,257.71335933848803,252.14892033008263,254.9261932373047,3944300,0.0,0.0
2024-07-31 00:00:00-04:00,253.2262227437691,258.7807685570745,252.37625260421925,255.7860565185547,4647700,0.0,0.0
2024-08-01 00:00:00-04:00,256.8732699161284,260.2929672605684,246.83160194860122,250.11293029785156,5527400,0.0,0.0
2024-08-02 00:00:00-04:00,244.90430501700178,245.11186605538944,238.3119836550009,241.12879943847656,6504500,0.0,0.0
2024-08-05 00:00:00-04:00,229.6144550505875,239.00381995335445,229.50573548531193,236.22653198242188,6899300,0.0,0.0
2024-08-06 00:00:00-04:00,238.28232138366022,241.010188752628,235.25795980596894,235.64341735839844,5673900,0.0,0.0
2024-08-07 00:00:00-04:00,239.78461490593676,243.65896158994738,236.86897300977265,237.24453735351562,4035500,0.0,0.0
2024-08-08 00:00:00-04:00,240.40728328125996,246.52518316825302,240.24914298832263,246.2187957763672,4474300,0.0,0.0
2024-08-09 00:00:00-04:00,245.80368247713503,250.0041877579824,245.55659393120283,249.58908081054688,2975300,0.0,0.0
2024-08-12 00:00:00-04:00,249.65830152895887,251.13093978002982,246.11999133491474,248.38331604003906,3679700,0.0,0.0
2024-08-13 00:00:00-04:00,250.05363685976766,252.80126059585027,250.05363685976766,251.635009765625,4031600,0.0,0.0
2024-08-14 00:00:00-04:00,252.4157956088572,254.7087696657944,250.90361478705617,252.34661865234375,4145200,0.0,0.0
2024-08-15 00:00:00-04:00,254.89657758757167,259.82848624156856,253.25590576799672,259.7296447753906,5167900,0.0,0.0
2024-08-16 00:00:00-04:00,258.7017110783647,260.53017237534624,256.65581065154475,259.84820556640625,3494900,0.0,0.0
2024-08-19 00:00:00-04:00,260.0360127146099,262.299352423046,258.5831307410274,262.2894592285156,4501300,0.0,0.0
2024-08-20 00:00:00-04:00,261.8644465333702,262.4080292560361,257.9900849581198,258.7906494140625,5731300,0.0,0.0
2024-08-21 00:00:00-04:00,258.05930115339845,259.08719802058465,256.16164771876066,258.0494079589844,4648200,0.0,0.0
2024-08-22 00:00:00-04:00,258.45462078318025,260.19413381013743,254.27387169950867,255.57850646972656,5111400,0.0,0.0
2024-08-23 00:00:00-04:00,258.93893529994017,262.50691003338295,257.6639799603797,260.925537109375,4711300,0.0,0.0
2024-08-26 00:00:00-04:00,260.8662520881328,264.18710825857147,260.174391971534,262.1906433105469,3818300,0.0,0.0
2024-08-27 00:00:00-04:00,256.6261696219771,261.3801510522447,256.37908106463607,261.1231994628906,5276400,0.0,0.0
2024-08-28 00:00:00-04:00,258.7807735959459,262.09176628386575,254.36282900139463,255.88490295410156,10981900,0.0,0.0
2024-08-29 00:00:00-04:00,267.8538968545344,268.782952269134,253.29542778983,254.01693725585938,14301700,0.0,0.0
2024-08-30 00:00:00-04:00,254.4419094949711,256.11223051798476,248.07690598811854,249.95477294921875,10507700,0.0,0.0
2024-09-03 00:00:00-04:00,249.67806643504494,250.73561280883195,243.76771175449338,245.17117309570312,6190400,0.0,0.0
2024-09-04 00:00:00-04:00,243.5996777833581,246.57461870259124,242.3049361044928,244.7955780029297,4706500,0.0,0.0
2024-09-05 00:00:00-04:00,243.11538466439274,245.60604170438174,242.14680168037634,243.25375366210938,4083600,0.0,0.0
2024-09-06 00:00:00-04:00,244.85489936694304,247.08857465261033,238.6282642694793,241.12879943847656,6259400,0.0,0.0
2024-09-09 00:00:00-04:00,243.62932153086834,246.4560152764173,241.91947290875214,242.89793395996094,4588800,0.0,0.0
2024-09-10 00:00:00-04:00,244.25199402689657,244.45953997687445,240.47647350044238,243.2932891845703,3544800,0.0,0.0
2024-09-11 00:00:00-04:00,241.95901336550693,247.10834589557754,239.19161831391563,246.66358947753906,4822200,0.0,0.0
2024-09-12 00:00:00-04:00,248.4623894704794,251.18036382388541,246.66359246784654,250.41932678222656,5219700,0.0,0.0
2024-09-13 00:00:00-04:00,249.59897369338853,253.83900675681332,249.51002543105048,251.6053466796875,4998900,0.0,0.0
2024-09-16 00:00:00-04:00,251.6053606434249,254.80761891402653,251.6053606434249,253.91810607910156,5367000,0.0,0.0
2024-09-17 00:00:00-04:00,255.70699822851486,256.34942242205483,251.79310898535604,252.21810913085938,5423400,0.0,0.0
2024-09-18 00:00:00-04:00,253.41591411410525,253.53469799032126,248.42679495108064,249.88194274902344,4436700,0.4,0.0
2024-09-19 00:00:00-04:00,258.0882307183834,266.81920676384544,255.4451690494209,263.3050231933594,11022800,0.0,0.0
2024-09-20 00:00:00-04:00,263.32486867651835,267.59136053565095,258.6822077553599,264.10687255859375,11463200,0.0,0.0
2024-09-23 00:00:00-04:00,264.5523830531971,265.3542045102345,259.5929442407897,261.5430603027344,6034000,0.0,0.0
2024-09-24 00:00:00-04:00,267.1062857575011,269.70974301107066,263.60204075286475,267.71014404296875,7154500,0.0,0.0
2024-09-25 00:00:00-04:00,267.72003136035636,274.25338536698206,266.6608249212146,271.3232727050781,7920000,0.0,0.0
2024-09-26 00:00:00-04:00,273.34273131055545,275.827404880323,269.9572397126669,272.9764709472656,5253400,0.0,0.0
2024-09-27 00:00:00-04:00,273.4714261220957,275.03546422351263,272.2835269038948,273.84759521484375,5220100,0.0,0.0
2024-09-30 00:00:00-04:00,271.18471097595324,272.9566206396465,266.4232664072393,270.9471130371094,5059700,0.0,0.0
2024-10-01 00:00:00-04:00,271.3728765846016,271.92722159166243,266.9677822936156,268.1358642578125,4369900,0.0,0.0
2024-10-02 00:00:00-04:00,270.95706740656146,279.15348775349554,268.11604206330475,276.658935546875,8512300,0.0,0.0
2024-10-03 00:00:00-04:00,276.1738303189839,278.28233466564626,274.9265694593265,278.074462890625,3868400,0.0,0.0
2024-10-04 00:00:00-04:00,280.99464983258116,284.9839992637379,278.6287906463189,284.84539794921875,6129900,0.0,0.0
2024-10-07 00:00:00-04:00,283.6872306779115,285.2612077051513,280.519549799149,281.6975402832031,4794700,0.0,0.0
2024-10-08 00:00:00-04:00,283.1131085643687,289.67619000552247,281.2322932556728,288.62689208984375,5211200,0.0,0.0
2024-10-09 00:00:00-04:00,287.8843924581649,288.62682175775194,284.18212447508,285.013671875,4851000,0.0,0.0
2024-10-10 00:00:00-04:00,285.01367884365607,287.3003587255321,281.74697171988583,287.240966796875,3965500,0.0,0.0
2024-10-11 00:00:00-04:00,286.29067557466414,287.3102774386329,283.41004579365796,285.19189453125,3597000,0.0,0.0
2024-10-14 00:00:00-04:00,286.99352766048446,289.49798834280335,285.340371539252,288.6961669921875,3642500,0.0,0.0
2024-10-15 00:00:00-04:00,290.4977970888517,290.61658097155936,285.0929189589246,285.43939208984375,3850800,0.0,0.0
2024-10-16 00:00:00-04:00,284.64745533794115,287.98346390021703,281.3609904104182,287.9240417480469,3497000,0.0,0.0
2024-10-17 00:00:00-04:00,289.01293489484925,290.379009949733,287.17172431446323,288.1715087890625,2830000,0.0,0.0
2024-10-18 00:00:00-04:00,289.0921229724051,291.73515476672304,287.2211863500974,289.9830322265625,3087900,0.0,0.0
2024-10-21 00:00:00-04:00,286.0828382132576,289.9632830826013,285.1325368979316,288.3497314453125,2712600,0.0,0.0
2024-10-22 00:00:00-04:00,286.82523533824155,288.9931316821507,284.74642690044135,285.4195556640625,3100100,0.0,0.0
2024-10-23 00:00:00-04:00,284.825667928788,285.3898913968191,279.7672324945926,281.5589599609375,3227100,0.0,0.0
2024-10-24 00:00:00-04:00,283.66742422228566,285.99370906305313,282.30134928559966,283.86541748046875,3210700,0.0,0.0
2024-10-25 00:00:00-04:00,287.07269742050494,291.40848989093246,285.9144942800983,287.5280456542969,3351200,0.0,0.0
2024-10-28 00:00:00-04:00,290.63642038995823,293.0814895255865,289.53760897280404,290.8046875,3867800,0.0,0.0
2024-10-29 00:00:00-04:00,291.03233153917876,297.56571645237256,289.8543411138054,295.87298583984375,4280700,0.0,0.0
2024-10-30 00:00:00-04:00,294.071361837474,296.51643069264003,293.3586283595846,293.4081115722656,2826500,0.0,0.0
2024-10-31 00:00:00-04:00,289.6464892462931,293.10125137139346,286.62725794978286,288.42889404296875,4301800,0.0,0.0
2024-11-01 00:00:00-04:00,287.3004185623987,293.9921623308558,287.072729315441,291.7450866699219,3527500,0.0,0.0
2024-11-04 00:00:00-05:00,294.98204412052564,297.1499404189445,289.96324425785167,295.0018615722656,5107900,0.0,0.0
2024-11-05 00:00:00-05:00,294.4376078541828,295.79377407851587,291.76484988992075,294.4870910644531,4456100,0.0,0.0
2024-11-06 00:00:00-05:00,301.92136945471776,305.4454328584754,300.01085787534254,303.80218505859375,5874900,0.0,0.0
2024-11-07 00:00:00-05:00,304.39611468945435,309.0387765465214,302.9112555934082,307.64300537109375,5722600,0.0,0.0
2024-11-08 00:00:00-05:00,306.9005338677321,319.55153042818847,306.3164929949405,318.7002258300781,8485000,0.0,0.0
2024-11-11 00:00:00-05:00,321.96691732284415,341.3987763824952,321.96691732284415,338.28057861328125,13954200,0.0,0.0
2024-11-12 00:00:00-05:00,335.86517991486113,345.33855638040427,335.09305452435694,337.7063903808594,7659700,0.0,0.0
2024-11-13 00:00:00-05:00,342.0124728052675,344.67532197122284,335.350395527581,338.2706298828125,6902900,0.0,0.0
2024-11-14 00:00:00-05:00,338.98333792508066,342.5074000872509,327.4806375880447,328.30224609375,7630600,0.0,0.0
2024-11-15 00:00:00-05:00,323.6299325965148,326.9263362011854,320.9076913382066,321.976806640625,7093000,0.0,0.0
2024-11-18 00:00:00-05:00,323.69921467783286,323.69921467783286,316.97774546178704,318.9971618652344,4250400,0.0,0.0
2024-11-19 00:00:00-05:00,315.7799768714438,321.42245249183026,312.8102592206152,320.1652526855469,5469900,0.0,0.0
2024-11-20 00:00:00-05:00,322.00651896348063,323.95663491776395,318.7596286152331,322.4123840332031,3763500,0.0,0.0
2024-11-21 00:00:00-05:00,328.0052885785308,339.47829302521336,325.2830476641631,332.39056396484375,8364200,0.0,0.0
2024-11-22 00:00:00-05:00,335.5286386026988,339.3496611234033,332.39062340442723,338.567626953125,5649400,0.0,0.0
2024-11-25 00:00:00-05:00,341.51757260377923,344.33881076719547,334.8753117518071,335.68701171875,7117200,0.0,0.0
2024-11-26 00:00:00-05:00,338.52801245688806,340.3395268648358,335.7166834763489,339.71588134765625,4492800,0.0,0.0
2024-11-27 00:00:00-05:00,333.06376972114714,333.9744965481618,325.5602954112408,326.67889404296875,7471500,0.0,0.0
2024-11-29 00:00:00-05:00,326.01559432852605,328.638838831884,323.94669469344257,326.6590270996094,3517600,0.0,0.0
2024-12-02 00:00:00-05:00,328.64875938271905,331.123524137107,326.777822727827,327.66876220703125,6063400,0.0,0.0
2024-12-03 00:00:00-05:00,324.0952137761867,329.440700058708,320.3830663286673,328.08453369140625,12632400,0.0,0.0
2024-12-04 00:00:00-05:00,363.10740984239925,365.2753063537819,353.0499614677853,364.1567077636719,24733100,0.0,0.0
2024-12-05 00:00:00-05:00,357.13822818773593,361.7611017584359,353.06972968088684,357.732177734375,10942100,0.0,0.0
2024-12-06 00:00:00-05:00,361.3057159986403,363.4439161974923,357.44508933801666,358.33599853515625,5738900,0.0,0.0
2024-12-09 00:00:00-05:00,358.04896089098133,358.04896089098133,347.2490843560058,348.0212097167969,6475000,0.0,0.0
2024-12-10 00:00:00-05:00,347.80347215175277,351.9016672004297,343.92302741754713,345.29901123046875,6033000,0.0,0.0
2024-12-11 00:00:00-05:00,349.92183965945185,356.5641302410619,348.32810560302215,351.26812744140625,7546600,0.0,0.0
2024-12-12 00:00:00-05:00,351.4166321525867,356.3661621829048,349.3576409521693,354.4160461425781,5422000,0.0,0.0
2024-12-13 00:00:00-05:00,360.32577280162064,361.1176854931957,348.9418541554156,350.73358154296875,5538000,0.0,0.0
2024-12-16 00:00:00-05:00,347.23920950009926,354.4556323668441,347.02142898173486,353.6241149902344,5482300,0.0,0.0
2024-12-17 00:00:00-05:00,353.29741137642515,353.624097242342,345.58603591946905,347.4272766113281,6911000,0.0,0.0
2024-12-18 00:00:00-05:00,351.32204912367956,351.5896177937052,332.234697651179,334.2068786621094,8400000,0.4,0.0
2024-12-19 00:00:00-05:00,338.63678478417256,340.4503661329926,332.42297390110474,333.2158203125,7423400,0.0,0.0
2024-12-20 00:00:00-05:00,329.7570761466943,343.34419188960686,328.17144386139785,340.56927490234375,14932300,0.0,0.0
2024-12-23 00:00:00-05:00,339.18182189143664,340.76748437566704,333.66174816703295,339.82598876953125,5330300,0.0,0.0
2024-12-24 00:00:00-05:00,339.92514230992987,341.85767343815496,337.7745821838743,341.3423156738281,1811000,0.0,0.0
2024-12-26 00:00:00-05:00,341.7882916867694,341.7882916867694,337.97279936922735,338.6566162109375,3483300,0.0,0.0
2024-12-27 00:00:00-05:00,337.29894655372715,339.2017178226658,332.26446915648546,335.4159851074219,3220400,0.0,0.0
2024-12-30 00:00:00-05:00,330.4805850777464,335.0789737325117,328.63724345649916,332.730224609375,3411100,0.0,0.0
2024-12-31 00:00:00-05:00,333.2554049496655,334.12752078860655,329.43002348994077,331.3327941894531,3026000,0.0,0.0
2025-01-02 00:00:00-05:00,333.2951452856116,335.8817636574054,324.87134356846485,327.69580078125,4807100,0.0,0.0
2025-01-03 00:00:00-05:00,329.12289415030926,330.45087808518434,326.31824676101087,329.91571044921875,4101200,0.0,0.0
2025-01-06 00:00:00-05:00,331.02562886919753,333.5825171026854,324.3460600431088,327.5669250488281,5785300,0.0,0.0
2025-01-07 00:00:00-05:00,327.5372257545711,328.5282612334049,320.0152700995029,322.01715087890625,4643100,0.0,0.0
2025-01-08 00:00:00-05:00,324.80194857024964,325.8524437272939,320.21344959961186,323.969482421875,3788200,0.0,0.0
2025-01-10 00:00:00-05:00,319.87648762026936,319.87648762026936,313.1869986190309,315.0006103515625,6540000,0.0,0.0
2025-01-13 00:00:00-05:00,311.7797265461635,317.67636872067754,310.98688012132214,316.20965576171875,4583000,0.0,0.0
2025-01-14 00:00:00-05:00,322.0865212084146,326.9822387503026,318.6178971338624,320.6396179199219,5935200,0.0,0.0
2025-01-15 00:00:00-05:00,326.92274370517436,328.55794597191095,317.9043160373561,318.2809143066406,6042700,0.0,0.0
2025-01-16 00:00:00-05:00,320.0449635344034,324.7821113744023,316.6853391263459,317.1313171386719,5047700,0.0,0.0
2025-01-17 00:00:00-05:00,325.7731935218428,326.61557975275986,320.17384894834106,321.6504821777344,6303600,0.0,0.0
2025-01-21 00:00:00-05:00,326.44708260091795,326.56600202003773,319.5594041288754,323.9100341796875,6397200,0.0,0.0
2025-01-22 00:00:00-05:00,328.2804699608011,332.2248016650757,324.3460582884166,329.63818359375,7259300,0.0,0.0
2025-01-23 00:00:00-05:00,329.35075237507493,332.4526977448702,326.64524532581396,331.6598815917969,4355900,0.0,0.0
2025-01-24 00:00:00-05:00,333.28519056990024,335.61412979226145,328.8156415133688,330.88690185546875,3299100,0.0,0.0
2025-01-27 00:00:00-05:00,329.38049131502635,349.9841245163171,327.5371800984598,343.9883728027344,15661100,0.0,0.0
2025-01-28 00:00:00-05:00,351.58961919113847,363.79918262009915,347.31825902182516,356.72320556640625,12099300,0.0,0.0
2025-01-29 00:00:00-05:00,355.5438763552298,356.9511297126064,348.3489495401329,350.8265380859375,6266700,0.0,0.0
2025-01-30 00:00:00-05:00,337.8439430733525,344.88030007189485,336.95201731162143,340.4900207519531,7591100,0.0,0.0
2025-01-31 00:00:00-05:00,344.8803212624721,346.36687437136203,337.05114760445167,338.6368103027344,5778000,0.0,0.0
2025-02-03 00:00:00-05:00,332.9581775424258,338.39895242268784,328.29040909457257,336.1988525390625,4549400,0.0,0.0
2025-02-04 00:00:00-05:00,342.5216446531023,343.81989858690304,335.6339668792129,341.054931640625,4965600,0.0,0.0
2025-02-05 00:00:00-05:00,342.62076381153867,344.91997322570484,335.83216519122925,344.8109436035156,4521000,0.0,0.0
2025-02-06 00:00:00-05:00,334.45464087523317,334.45464087523317,326.1497593048479,327.84442138671875,13240600,0.0,0.0
2025-02-07 00:00:00-05:00,329.0237283709712,330.8274199236125,320.8179570779852,322.9090270996094,7626100,0.0,0.0
2025-02-10 00:00:00-05:00,324.9803619277743,328.7760144389551,323.7217275351775,324.2668151855469,5981900,0.0,0.0
2025-02-11 00:00:00-05:00,321.115284027775,323.5136030375481,318.3800468504478,321.49188232421875,5455900,0.0,0.0
2025-02-12 00:00:00-05:00,316.6853620824243,324.06858819235845,314.12850396001033,323.19647216796875,5643400,0.0,0.0
2025-02-13 00:00:00-05:00,323.27573251273435,327.3885230296087,320.32243638014626,326.89300537109375,4312100,0.0,0.0
2025-02-14 00:00:00-05:00,325.0893344539646,325.5551222922706,319.727829419506,323.6127014160156,5879700,0.0,0.0
2025-02-18 00:00:00-05:00,325.6443385641021,326.2092360355426,320.1044539653139,326.0110168457031,5262100,0.0,0.0
2025-02-19 00:00:00-05:00,326.78395165647987,326.78395165647987,319.97554436969756,321.62066650390625,5012000,0.0,0.0
2025-02-20 00:00:00-05:00,319.3512206720901,321.5414305655505,315.35734943177806,315.57537841796875,6393100,0.0,0.0
2025-02-21 00:00:00-05:00,316.11060579374094,316.11060579374094,304.109149738577,307.0227966308594,7353200,0.0,0.0
2025-02-24 00:00:00-05:00,308.71743549983813,309.9264998520415,300.7990423862771,305.5560302734375,6652900,0.0,0.0
2025-02-25 00:00:00-05:00,303.5045871896013,305.6551472861904,297.92505312320634,303.1379089355469,7360100,0.0,0.0
2025-02-26 00:00:00-05:00,309.85712565064335,310.88781091453103,303.7028044069673,304.57489013671875,12638500,0.0,0.0
2025-02-27 00:00:00-05:00,293.6834411213289,302.186542204424,290.0463579626917,292.25634765625,16691400,0.0,0.0
2025-02-28 00:00:00-05:00,293.30682969241207,299.27288218050774,289.5309872227836,295.1799011230469,10863100,0.0,0.0
2025-03-03 00:00:00-05:00,298.3016542764285,300.35310480526164,288.4507600180125,290.4328308105469,6298200,0.0,0.0
2025-03-04 00:00:00-05:00,287.40028763035474,289.0354901146235,279.70984266947545,284.7641296386719,9096300,0.0,0.0
2025-03-05 00:00:00-05:00,284.64518205909917,290.0562267466786,283.05951940783797,289.35260009765625,6612600,0.0,0.0
2025-03-06 00:00:00-05:00,285.64616758998363,295.4078428830933,282.27662275922205,283.4856872558594,10396800,0.0,0.0
2025-03-07 00:00:00-05:00,280.6413823812792,285.72539855181265,272.70320981556785,280.35400390625,8248100,0.0,0.0
2025-03-10 00:00:00-04:00,274.4871045200955,275.8547383534974,268.29313262534305,270.4535827636719,10040200,0.0,0.0
2025-03-11 00:00:00-04:00,271.2662407940734,277.93592065898036,269.56165850845093,274.5663757324219,8313400,0.0,0.0
2025-03-12 00:00:00-04:00,279.3233318419241,283.3667429420005,276.58806447646066,282.0288391113281,7463900,0.0,0.0
2025-03-13 00:00:00-04:00,279.52152782838664,280.02696557015156,267.3318042724162,269.303955078125,9494500,0.0,0.0
2025-03-14 00:00:00-04:00,272.5347443289896,277.3809221179966,270.2355348637265,276.8952941894531,6976900,0.0,0.0
2025-03-17 00:00:00-04:00,274.88351051855705,280.19547650075367,273.6050662611771,278.23321533203125,4484300,0.0,0.0
2025-03-18 00:00:00-04:00,277.5097065445586,277.98541439821315,273.4662956424894,276.2312927246094,5881700,0.0,0.0
2025-03-19 00:00:00-04:00,275.0123653038781,279.69005431268084,274.80425630656407,276.88543701171875,5245400,0.0,0.0
2025-03-20 00:00:00-04:00,274.5762541040048,280.344087151083,274.5762541040048,276.5285949707031,5504700,0.0,0.0
2025-03-21 00:00:00-04:00,273.7338700057708,279.32332398776816,271.5932299856867,278.1043395996094,9804100,0.0,0.0
2025-03-24 00:00:00-04:00,281.1963542200387,284.18930026602726,280.6810267374437,283.3964538574219,6763800,0.0,0.0
2025-03-25 00:00:00-04:00,283.0496291533121,287.846267495092,283.0496291533121,286.0227355957031,4301700,0.0,0.0
2025-03-26 00:00:00-04:00,285.7551553566747,286.44889226280054,277.0736752176212,278.4710388183594,5070300,0.0,0.0
2025-03-27 00:00:00-04:00,278.0250871641483,278.3818454007545,273.53569788951364,275.3195495605469,3757200,0.0,0.0
2025-03-28 00:00:00-04:00,274.22940429918896,274.7249220122595,266.7768287824481,267.5498352050781,4973400,0.0,0.0
2025-03-31 00:00:00-04:00,262.17841157206,266.0434739540373,256.8664761709444,265.9542541503906,7585800,0.0,0.0
2025-04-01 00:00:00-04:00,266.44975697603,268.39220809086976,263.43703120525737,267.77777099609375,4598200,0.0,0.0
2025-04-02 00:00:00-04:00,263.5757493007438,271.1770036296428,263.3676403486561,269.1057434082031,5396900,0.0,0.0
2025-04-03 00:00:00-04:00,257.8079735812618,260.2161824391229,252.16896439264727,252.9419708251953,8872600,0.0,0.0
2025-04-04 00:00:00-04:00,245.4794728707878,248.0462510039967,237.38271522614775,238.6016845703125,9705000,0.0,0.0
2025-04-07 00:00:00-04:00,227.9381472027918,250.68240712753988,227.9381472027918,242.02076721191406,11965200,0.0,0.0
2025-04-08 00:00:00-04:00,251.6734226777943,255.08260180393856,238.1160664254029,241.80271911621094,9340300,0.0,0.0
2025-04-09 00:00:00-04:00,238.74042805414567,265.7659834750109,238.74042805414567,262.7928771972656,12491100,0.0,0.0
2025-04-10 00:00:00-04:00,258.07406589557706,259.3048709781,246.29199704152617,253.23020935058594,9692300,0.416,0.0
2025-04-11 00:00:00-04:00,252.38651092535923,254.5106583680793,245.84531453610123,253.11109924316406,6089000,0.0,0.0
2025-04-14 00:00:00-04:00,258.074070495185,258.074070495185,251.264884798597,252.66444396972656,6038100,0.0,0.0
2025-04-15 00:00:00-04:00,252.48577654008724,254.81837522432568,251.92000663001826,253.0416259765625,5227700,0.0,0.0
2025-04-16 00:00:00-04:00,250.0638336404224,254.70915950053566,244.8626583761,247.98931884765625,7190900,0.0,0.0
2025-04-17 00:00:00-04:00,247.91985335245417,249.69658740942216,244.97185217337696,245.42843627929688,5566900,0.0,0.0
2025-04-21 00:00:00-04:00,238.64902746661141,240.68384529096377,231.04577979142212,234.50991821289062,9240000,0.0,0.0
2025-04-22 00:00:00-04:00,236.46533097326102,242.41096610265356,233.85482273309714,241.5871124267578,7145300,0.0,0.0
2025-04-23 00:00:00-04:00,250.7388150786776,255.88045257709055,247.6518515140943,248.6245880126953,5818900,0.0,0.0
2025-04-24 00:00:00-04:00,256.28740629371157,263.0171825124178,255.09628312748092,262.7392578125,7857600,0.0,0.0
2025-04-25 00:00:00-04:00,262.7591165676478,267.03718828751244,262.2429793161094,265.8659362792969,5651700,0.0,0.0
2025-04-28 00:00:00-04:00,266.1636889740998,267.50369498874835,261.37938556370517,263.67230224609375,4977700,0.0,0.0
2025-04-29 00:00:00-04:00,263.43404672971883,266.59048364915094,263.2057698384419,265.7765808105469,3139800,0.0,0.0
2025-04-30 00:00:00-04:00,262.8385028376411,266.878361904675,261.0518483118115,266.71954345703125,4624100,0.0,0.0
2025-05-01 00:00:00-04:00,271.37478925137304,272.56591239348063,267.0073882161782,267.3349304199219,5208900,0.0,0.0
2025-05-02 00:00:00-04:00,272.4269253858212,274.27316316245447,270.233304472099,273.0423278808594,4323400,0.0,0.0
2025-05-05 00:00:00-04:00,271.34504352387904,274.1243210741358,270.2928977551068,270.61053466796875,4219600,0.0,0.0
2025-05-06 00:00:00-04:00,267.8213272155745,272.7644186930186,266.5508099722269,271.3350830078125,4681600,0.0,0.0
2025-05-07 00:00:00-04:00,271.6824991400905,276.7248862714701,271.6824991400905,276.1690368652344,4267600,0.0,0.0
2025-05-08 00:00:00-04:00,277.14177380870854,280.953325791343,276.3179352717122,277.6678466796875,4789900,0.0,0.0
2025-05-09 00:00:00-04:00,279.533907904024,280.38755324501017,271.8512512927506,273.3798522949219,4324200,0.0,0.0
2025-05-12 00:00:00-04:00,282.8888920118165,286.82948585957183,281.1320140084806,286.68060302734375,5937400,0.0,0.0
2025-05-13 00:00:00-04:00,288.84441555363225,290.5715167987081,286.78974182251295,287.0279846191406,6711600,0.0,0.0
2025-05-14 00:00:00-04:00,291.3259300335637,293.85702906375394,287.1173470749179,288.58636474609375,7926200,0.0,0.0
2025-05-15 00:00:00-04:00,287.42504408187136,289.8072602439233,285.8170489297744,288.6062316894531,4635600,0.0,0.0
2025-05-16 00:00:00-04:00,288.93376352034625,290.0057804441866,287.57391656513175,288.9933166503906,3846000,0.0,0.0
2025-05-19 00:00:00-04:00,285.96593990912356,287.7525945086945,284.7847522678827,285.4994201660156,5781200,0.0,0.0
2025-05-20 00:00:00-04:00,285.9560155817898,286.30342907084844,283.0973438763716,285.9262390136719,4032300,0.0,0.0
2025-05-21 00:00:00-04:00,282.3032836205739,285.49943321503997,279.02770964961684,280.1890563964844,5689800,0.0,0.0
2025-05-22 00:00:00-04:00,280.4074191241686,284.2289068236345,278.94830674042794,281.32061767578125,6642700,0.0,0.0
2025-05-23 00:00:00-04:00,276.9333250204136,278.66042638639397,269.63776362555006,271.1068115234375,8887800,0.0,0.0
2025-05-27 00:00:00-04:00,271.14653786178667,276.5164372502968,268.28786628506094,275.1367492675781,10958000,0.0,0.0
2025-05-28 00:00:00-04:00,275.6528692630961,276.7447271291104,271.55345717477724,273.9853210449219,12758600,0.0,0.0
2025-05-29 00:00:00-04:00,261.637459987625,265.8063607085615,252.6147975718107,264.94281005859375,28053100,0.0,0.0
2025-05-30 00:00:00-04:00,266.09418354547665,267.74189072720026,258.76887635484,263.4042663574219,12388500,0.0,0.0
2025-06-02 00:00:00-04:00,261.161021133045,261.83600711403915,257.22045764089535,259.68206787109375,9213500,0.0,0.0
2025-06-03 00:00:00-04:00,260.05931143842025,262.7889416157319,259.424037511767,262.5110168457031,7838500,0.0,0.0
2025-06-04 00:00:00-04:00,262.23304513366577,263.53333903477164,259.6820748455483,261.2206115722656,7372500,0.0,0.0
2025-06-05 00:00:00-04:00,261.7565481832337,266.759222644878,261.68708973284254,265.1611633300781,8642900,0.0,0.0
2025-06-06 00:00:00-04:00,267.9702143188662,272.86368836393075,266.2232417220396,272.4765930175781,7507000,0.0,0.0
2025-06-09 00:00:00-04:00,270.8288684403361,272.16887436749,267.66249595654665,270.2333068847656,5728300,0.0,0.0
2025-06-10 00:00:00-04:00,270.05470328715023,271.7222517539757,264.86343255873703,266.23321533203125,6309700,0.0,0.0
2025-06-11 00:00:00-04:00,266.51111887188137,267.5136471128804,263.4440113064391,263.9403076171875,6568100,0.0,0.0
2025-06-12 00:00:00-04:00,262.73927070331484,267.02724767078183,261.4488821613344,264.9328918457031,8054000,0.0,0.0
2025-06-13 00:00:00-04:00,261.5282567216814,263.7318130635726,256.08883945922946,256.4858703613281,7659300,0.0,0.0
2025-06-16 00:00:00-04:00,258.46121533976304,262.0246193274669,258.0343774776046,261.92535400390625,7177000,0.0,0.0
2025-06-17 00:00:00-04:00,261.89558204330854,268.4963172406424,260.15854487077206,260.81365966796875,9110100,0.0,0.0
2025-06-18 00:00:00-04:00,263.255276354665,263.5336417603326,255.9680492787089,257.9862060546875,7628000,0.416,0.0
2025-06-20 00:00:00-04:00,259.16926670332055,261.33654238673626,257.74761589315324,259.109619140625,12859200,0.0,0.0
2025-06-23 00:00:00-04:00,259.11958268034937,263.1956412405084,257.24059334855605,261.8734130859375,9283800,0.0,0.0
2025-06-24 00:00:00-04:00,264.15999390315983,271.78526493347414,263.8915798483668,269.5881652832031,9713900,0.0,0.0
2025-06-25 00:00:00-04:00,270.4132847653739,272.40161774158986,265.422579917311,266.1980285644531,6074300,0.0,0.0
2025-06-26 00:00:00-04:00,267.21208657027836,269.4290889195517,263.6132084802752,269.16064453125,6708000,0.0,0.0
2025-06-27 00:00:00-04:00,270.2741149298922,272.5706676680349,267.85829739468716,271.8250427246094,21741400,0.0,0.0
2025-06-30 00:00:00-04:00,272.85893751872624,274.7677506070595,268.82262383127994,271.0992736816406,8541900,0.0,0.0
2025-07-01 00:00:00-04:00,270.49281333968855,272.4016264069809,269.0612414636624,270.3238220214844,6256800,0.0,0.0
2025-07-02 00:00:00-04:00,269.9361098684708,270.12500395352515,264.100356660626,267.63958740234375,6115200,0.0,0.0
2025-07-03 00:00:00-04:00,268.12674895498185,273.1274058289055,267.74896078589074,270.56243896484375,5031800,0.0,0.0
2025-07-07 00:00:00-04:00,269.9261819762093,272.4016470896432,266.6454140082569,268.22613525390625,6283500,0.0,0.0
2025-07-08 00:00:00-04:00,269.21040874318754,275.1853299694128,268.1565944700938,272.0537109375,6661200,0.0,0.0
2025-07-09 00:00:00-04:00,272.75950443260615,273.95251635992315,267.7986233416278,269.339599609375,6373600,0.0,0.0
2025-07-10 00:00:00-04:00,269.3197121696511,269.9062667930616,261.67456897745586,262.4301452636719,7244600,0.0,0.0
2025-07-11 00:00:00-04:00,261.04824581597916,261.416112933818,255.75930269702965,256.5645751953125,7011200,0.0,0.0
2025-07-14 00:00:00-04:00,257.09147461358054,260.7003040263811,255.99788534613265,258.1651611328125,6533900,0.0,0.0
2025-07-15 00:00:00-04:00,259.47748626513425,260.2827587953442,255.72948905243405,256.0774230957031,5201500,0.0,0.0
2025-07-16 00:00:00-04:00,257.4195458155407,257.4692723483783,253.0352827176153,256.4452819824219,5649500,0.0,0.0
2025-07-17 00:00:00-04:00,256.4849939915466,258.68212370135814,255.15281458272406,258.3639831542969,5837400,0.0,0.0
2025-07-18 00:00:00-04:00,258.7815731149676,261.445962859441,257.60846372110285,260.8494567871094,6381200,0.0,0.0
2025-07-21 00:00:00-04:00,262.0821795284855,262.76815687115004,260.11374918827875,260.75,6714700,0.0,0.0
2025-07-22 00:00:00-04:00,261.46581351593323,264.33896952782175,260.4716469246179,262.0523681640625,5001400,0.0,0.0
2025-07-23 00:00:00-04:00,262.38045628026623,266.9138534429954,260.9687263919034,265.66119384765625,5620700,0.0,0.0
2025-07-24 00:00:00-04:00,266.41676263684434,267.7290394230367,264.0904165536856,266.1383972167969,5877100,0.0,0.0
2025-07-25 00:00:00-04:00,266.44657174356774,269.5185425690273,265.4524052496499,267.5401306152344,4015400,0.0,0.0
2025-07-28 00:00:00-04:00,267.92789800116356,268.76299430223855,265.03486956196264,268.67352294921875,4533700,0.0,0.0
2025-07-29 00:00:00-04:00,270.0156637451381,272.40165759779114,265.7506803920527,265.8302307128906,5137100,0.0,0.0
2025-07-30 00:00:00-04:00,265.31323958800505,266.20798347324717,261.7938812771915,263.2652587890625,3928200,0.0,0.0
2025-07-31 00:00:00-04:00,263.4541327262501,263.4939078828691,256.35576907773384,256.8230285644531,7340300,0.0,0.0
2025-08-01 00:00:00-04:00,253.50253636740894,254.49670292651433,248.67088628336552,249.27732849121094,7646900,0.0,0.0
2025-08-04 00:00:00-04:00,249.53580687134115,252.02122327444218,249.17790630250352,250.84811401367188,4403500,0.0,0.0
2025-08-05 00:00:00-04:00,251.53406822916847,251.81243364391432,245.56906905071017,246.04627990722656,6761000,0.0,0.0
2025-08-06 00:00:00-04:00,247.91530671566935,248.80011433479675,245.57902443449265,247.7164764404297,5834700,0.0,0.0
2025-08-07 00:00:00-04:00,249.2276094749663,251.53406793296992,235.5876434893715,239.47483825683594,10010200,0.0,0.0
2025-08-08 00:00:00-04:00,239.88244333453827,241.53276347002299,236.4426355213045,239.10699462890625,8812000,0.0,0.0
2025-08-11 00:00:00-04:00,237.5262826683076,240.4590711094968,230.21916724735615,231.3226776123047,10740100,0.0,0.0
2025-08-12 00:00:00-04:00,231.6408037902605,232.30689355160166,225.15883370275498,230.30862426757812,13178000,0.0,0.0
2025-08-13 00:00:00-04:00,231.65073936387623,235.96543366420656,228.2705792054236,235.6472930908203,10209200,0.0,0.0
2025-08-14 00:00:00-04:00,235.61748130133012,235.61748130133012,231.51156843951378,232.00865173339844,7544800,0.0,0.0
2025-08-15 00:00:00-04:00,234.7724403255538,243.07373763795155,233.26131799131312,241.0257568359375,12942800,0.0,0.0
2025-08-18 00:00:00-04:00,238.371302500479,243.09359330709148,238.0929370980924,242.5467987060547,8809200,0.0,0.0
2025-08-19 00:00:00-04:00,243.57080537129224,247.05038830516784,242.02984418090608,244.56497192382812,8642200,0.0,0.0
2025-08-20 00:00:00-04:00,244.2667194443616,246.12582121701215,243.02401125104495,245.01234436035156,8195100,0.0,0.0
2025-08-21 00:00:00-04:00,243.61056550412414,244.85327369553588,238.61986032965456,244.39596557617188,5646800,0.0,0.0
2025-08-22 00:00:00-04:00,244.34624600732266,248.07437045633557,242.68598973973553,246.8415985107422,6694300,0.0,0.0
2025-08-25 00:00:00-04:00,247.91530682646618,247.91530682646618,245.35035531632886,246.42405700683594,4957700,0.0,0.0
2025-08-26 00:00:00-04:00,245.26090095568475,247.37848070056089,241.43336858872294,242.31817626953125,8862300,0.0,0.0
2025-08-27 00:00:00-04:00,244.3164358736224,248.90948059705997,244.17725315987514,248.70071411132812,6506900,0.0,0.0
2025-08-28 00:00:00-04:00,251.00716732220815,254.15867347821353,248.82994014164643,253.0452117919922,8461200,0.0,0.0
2025-08-29 00:00:00-04:00,253.91014032118932,256.13709410757554,251.39490006897506,254.75518798828125,7363200,0.0,0.0
2025-09-02 00:00:00-04:00,253.33353717598126,253.50254367552807,247.29893870674914,251.3849639892578,9312500,0.0,0.0
2025-09-03 00:00:00-04:00,253.57211919355984,256.4949712936049,249.08843348981875,254.9540252685547,17417900,0.0,0.0
2025-09-04 00:00:00-04:00,238.65962346641524,243.78952658900343,233.2513549188597,242.58657836914062,30967500,0.0,0.0
2025-09-05 00:00:00-04:00,243.40179514981912,249.66504736882345,242.93453566370152,249.2971954345703,13029400,0.0,0.0
2025-09-08 00:00:00-04:00,249.3369748306306,251.46449064985578,245.85739189088432,250.79840087890625,12602200,0.0,0.0
2025-09-09 00:00:00-04:00,249.85394133950297,253.85047989567,249.744582413651,250.58961486816406,10901900,0.0,0.0
2025-09-10 00:00:00-04:00,251.27559155877046,252.50836352249323,240.31987210261696,241.1549835205078,11363600,0.0,0.0
2025-09-11 00:00:00-04:00,242.27838647978425,245.72814564007422,242.07955620269036,244.8433380126953,6944900,0.0,0.0
2025-09-12 00:00:00-04:00,244.66439995687796,246.1456984436469,239.84268600452347,241.3438720703125,8386400,0.0,0.0
2025-09-15 00:00:00-04:00,241.8310230076638,243.28251290370721,239.43507788511445,241.10528564453125,7244600,0.0,0.0
2025-09-16 00:00:00-04:00,241.1052828564127,241.26433797993545,235.85608453570973,237.91400146484375,8779800,0.0,0.0
2025-09-17 00:00:00-04:00,238.98556860342873,242.00313737225153,238.3979926165659,241.2163848876953,10124000,0.416,0.0
2025-09-18 00:00:00-04:00,243.15840545445482,246.2755551704246,241.95336245510958,243.2779083251953,9344400,0.0,0.0
2025-09-19 00:00:00-04:00,245.01076755380677,246.18591959908863,242.3517223973972,246.0763702392578,11813900,0.0,0.0
2025-09-22 00:00:00-04:00,244.2737827561779,249.45244767459488,242.1624845285308,248.6656951904297,7523800,0.0,0.0
2025-09-23 00:00:00-04:00,248.7155056015298,250.32885506809865,243.12851870500444,243.55674743652344,7669800,0.0,0.0
2025-09-24 00:00:00-04:00,244.66220315494616,247.81919726001365,242.01311144158052,244.8813018798828,6707100,0.0,0.0
2025-09-25 00:00:00-04:00,243.4969877269179,243.65633500605452,238.50754571897124,239.9615478515625,8145500,0.0,0.0
2025-09-26 00:00:00-04:00,239.70263112473512,243.52687482561674,239.36402953788692,242.43138122558594,4974600,0.0,0.0
2025-09-29 00:00:00-04:00,243.71609745102674,244.81159104935898,241.8736805437026,244.09454345703125,6373500,0.0,0.0
2025-09-30 00:00:00-04:00,244.0447510670564,244.2040983570095,234.84265022088266,236.02777099609375,10801100,0.0,0.0
2025-10-01 00:00:00-04:00,235.51986577524877,241.4753301008956,232.5520795212582,234.72314453125,10016600,0.0,0.0
2025-10-02 00:00:00-04:00,234.46419560147106,238.417910810692,232.64171612572034,237.90005493164062,7679200,0.0,0.0
2025-10-03 00:00:00-04:00,237.77058171689055,241.81392404684235,237.5216072857734,239.3739776611328,8849800,0.0,0.0
2025-10-06 00:00:00-04:00,238.348206431253,249.44250657688326,234.4442891386711,244.77174377441406,13922600,0.0,0.0
2025-10-07 00:00:00-04:00,245.4688718347781,246.34526671281057,236.57551226964753,238.75653076171875,8387400,0.0,0.0
2025-10-08 00:00:00-04:00,238.7565231524968,240.33004336236414,234.6832899577788,239.4436798095703,7120200,0.0,0.0
2025-10-09 00:00:00-04:00,238.2884552972221,244.95101357545096,236.17714176570942,244.32359313964844,7929100,0.0,0.0
2025-10-10 00:00:00-04:00,245.50870935395082,248.02832936128195,239.73249955836667,240.6885528564453,7988300,0.0,0.0
2025-10-13 00:00:00-04:00,241.8936069839442,248.32711321756653,241.3757358923854,247.7295684814453,8276500,0.0,0.0
2025-10-14 00:00:00-04:00,247.09219104812144,247.26149184186426,238.5673087502845,238.78640747070312,9123900,0.0,0.0
2025-10-15 00:00:00-04:00,239.8818762966772,240.33004242266787,234.93226346740383,235.60948181152344,8389200,0.0,0.0
2025-10-16 00:00:00-04:00,252.15135192862007,255.68677675857293,241.67450341952556,244.9908447265625,24869700,0.0,0.0
2025-10-17 00:00:00-04:00,245.55851329376827,249.7512342735308,241.1666006088499,242.08282470703125,10851200,0.0,0.0
2025-10-20 00:00:00-04:00,243.99494758136672,254.352278053282,243.2978221989444,253.23687744140625,9963900,0.0,0.0
2025-10-21 00:00:00-04:00,253.45595492467692,266.03414725582263,252.95800609378367,262.32940673828125,13354700,0.0,0.0
2025-10-22 00:00:00-04:00,261.12440842882614,261.32356974813916,255.45774766491434,255.58721923828125,9370000,0.0,0.0
2025-10-23 00:00:00-04:00,256.54326543594993,257.4993187621963,253.07753033877435,254.00372314453125,6110100,0.0,0.0
2025-10-24 00:00:00-04:00,256.3640088808192,257.43956506433716,252.95802524696958,253.7846221923828,5490800,0.0,0.0
2025-10-27 00:00:00-04:00,256.0253778447331,257.0412129915265,253.874250273607,254.4219970703125,4942400,0.0,0.0
2025-10-28 00:00:00-04:00,254.42199239349145,257.77816285567604,253.09744659896745,253.21694946289062,6435600,0.0,0.0
2025-10-29 00:00:00-04:00,250.9662296295384,252.52979637021275,248.0183656428028,250.42845153808594,7904200,0.0,0.0
2025-10-30 00:00:00-04:00,249.47237270281346,258.21635325290924,248.97442385510325,255.59713745117188,7767800,0.0,0.0
2025-10-31 00:00:00-04:00,253.75474887355597,260.7459553096397,251.59365258697179,259.34173583984375,6878300,0.0,0.0
2025-11-03 00:00:00-05:00,258.9334144831098,260.4870125386175,254.05352159632866,260.2679138183594,7054300,0.0,0.0
2025-11-04 00:00:00-05:00,257.09099710413506,258.1964594064631,252.42024943924005,253.39622497558594,6792200,0.0,0.0
2025-11-05 00:00:00-05:00,253.65515029867285,255.77640214276323,250.9761829576667,251.6434326171875,5241200,0.0,0.0
2025-11-06 00:00:00-05:00,249.5122085317898,249.5122085317898,233.51809355117896,238.2884521484375,11041800,0.0,0.0
2025-11-07 00:00:00-05:00,235.1812408745993,239.98147518682765,234.8227170869798,238.8959503173828,5741500,0.0,0.0
2025-11-10 00:00:00-05:00,239.0154530350192,240.91762132917594,234.1156380713445,240.71844482421875,6486600,0.0,0.0
2025-11-11 00:00:00-05:00,240.90766894888202,244.69208358425138,240.17071431098935,243.49700927734375,5762800,0.0,0.0
2025-11-12 00:00:00-05:00,244.73192254622668,247.41087477260695,242.68036038297123,245.01077270507812,4278200,0.0,0.0
2025-11-13 00:00:00-05:00,244.2439140797445,244.89124151462846,238.92582394014042,239.4436798095703,5542100,0.0,0.0
2025-11-14 00:00:00-05:00,237.33238719726674,244.17419978548932,236.44603881946762,242.6604461669922,5512900,0.0,0.0
2025-11-17 00:00:00-05:00,241.07696540308964,241.8338421903309,234.62353731577463,236.05763244628906,5280900,0.0,0.0
2025-11-18 00:00:00-05:00,235.27087944178848,236.81450872851548,229.32536892365562,232.5421142578125,8045100,0.0,0.0
2025-11-19 00:00:00-05:00,231.04828441075148,231.32713457279306,224.13675140259053,226.9451904296875,9710700,0.0,0.0
2025-11-20 00:00:00-05:00,228.3095531179468,230.1220942689338,222.38396470221582,224.44546508789062,7521100,0.0,0.0
2025-11-21 00:00:00-05:00,223.93755962084978,227.7418809700509,221.04946234106984,226.17832946777344,7479300,0.0,0.0
2025-11-24 00:00:00-05:00,226.40739753002381,227.90124419917868,224.11682959808087,225.88954162597656,8563300,0.0,0.0
2025-11-25 00:00:00-05:00,225.86961278651063,233.6674939941859,225.59076263214777,233.15957641601562,10233000,0.0,0.0
2025-11-26 00:00:00-05:00,229.5643694326447,231.86490584512586,225.07287635304297,227.21405029296875,8506600,0.0,0.0
2025-11-28 00:00:00-05:00,228.06057773851555,231.60597118812515,227.692100445126,229.59425354003906,3691500,0.0,0.0
2025-12-01 00:00:00-05:00,227.73193958947053,233.2890509292801,227.66223464809732,231.8748779296875,5634700,0.0,0.0
2025-12-02 00:00:00-05:00,232.06410742647535,235.67920607303358,230.66984140188313,233.74717712402344,7626200,0.0,0.0
2025-12-03 00:00:00-05:00,234.39449041574116,238.27848548550813,232.20351844827792,237.74070739746094,13782000,0.0,0.0
2025-12-04 00:00:00-05:00,242.6903161035208,247.94865481227382,236.62530267865807,246.44485473632812,20912100,0.0,0.0
2025-12-05 00:00:00-05:00,249.80101915380735,260.80569165642515,248.47647340390273,259.5010681152344,15852400,0.0,0.0
2025-12-08 00:00:00-05:00,260.80569773339437,263.1958461641941,255.28841589794504,258.46533203125,10805400,0.0,0.0
2025-12-09 00:00:00-05:00,258.93341399022086,261.1741839189824,257.93751624410464,259.94921875,8045900,0.0,0.0
2025-12-10 00:00:00-05:00,259.6803212512068,264.83906396309857,258.0868788774203,263.1161804199219,8894700,0.0,0.0
2025-12-11 00:00:00-05:00,262.41904949407825,266.8009933881776,259.7002377743795,261.2737731933594,7783800,0.0,0.0
2025-12-12 00:00:00-05:00,262.4389831832072,263.4050052865042,259.8397044554307,261.154296875,6006600,0.0,0.0
2025-12-15 00:00:00-05:00,260.13843611139066,261.20405397079736,252.05175145108907,253.53564453125,10271800,0.0,0.0
2025-12-16 00:00:00-05:00,252.95801776893774,254.81038811320366,251.0757717091347,253.86428833007812,6145300,0.0,0.0
2025-12-17 00:00:00-05:00,255.2784518346646,260.89532962189156,255.19879338889092,257.0810546875,6269000,0.0,0.0
2025-12-18 00:00:00-05:00,257.7753113533743,259.4211888717437,255.52093982359895,257.20672607421875,5654200,0.416,0.0
2025-12-19 00:00:00-05:00,260.029664773634,261.3862877614952,254.86259481484151,259.2615966796875,20732100,0.0,0.0
2025-12-22 00:00:00-05:00,259.9698123375785,263.9698181152344,257.76533426755947,263.9698181152344,5664200,0.0,0.0
2025-12-23 00:00:00-05:00,262.06457643793505,263.5807734355272,259.87005274535335,262.7727966308594,4745100,0.0,0.0
2025-12-24 00:00:00-05:00,262.57333205270294,265.63565019957264,261.8950053106858,264.5982666015625,2076600,0.0,0.0
2025-12-26 00:00:00-05:00,264.1393627842122,267.2416197622822,264.1393627842122,265.4161682128906,2456400,0.0,0.0
2025-12-29 00:00:00-05:00,264.0495989948868,268.4386158867702,264.0495989948868,265.5658264160156,4300100,0.0,0.0
2025-12-30 00:00:00-05:00,265.9947664939221,267.6107202065141,264.668067399992,265.2566223144531,3291800,0.0,0.0
2025-12-31 00:00:00-05:00,264.6281718494961,265.43614865310394,263.73042322787006,264.2491149902344,3367900,0.0,0.0
2026-01-02 00:00:00-05:00,264.3388886749725,264.7179455369111,251.85011880482824,252.98727416992188,9680600,0.0,0.0
2026-01-05 00:00:00-05:00,252.9872686328812,258.9423760046907,251.68053923202604,255.62069702148438,6421500,0.0,0.0
2026-01-06 00:00:00-05:00,254.56332313746586,262.892482396947,254.36382514228285,262.2441101074219,6103300,0.0,0.0
2026-01-07 00:00:00-05:00,262.84262639015986,267.16181061364534,262.84262639015986,265.4560852050781,5976200,0.0,0.0
2026-01-08 00:00:00-05:00,263.7403757556908,264.53839820162807,259.76033964386096,259.8800354003906,5243500,0.0,0.0
2026-01-09 00:00:00-05:00,259.3513517828845,260.37878092036664,255.87006837906054,259.29150390625,5174400,0.0,0.0
2026-01-12 00:00:00-05:00,258.35387262075534,260.9074837526564,255.13193476454603,258.75286865234375,4927700,0.0,0.0
2026-01-13 00:00:00-05:00,257.0172117490315,260.2591038794056,239.76036751858797,240.4586181640625,13661000,0.0,0.0
2026-01-14 00:00:00-05:00,238.58329416292764,241.63567295926623,235.8700939340521,238.9723358154297,10149300,0.0,0.0
2026-01-15 00:00:00-05:00,236.42870180297643,238.2441534676664,231.09204255526936,232.94740295410156,11489600,0.0,0.0
2026-01-16 00:00:00-05:00,232.36883809010013,232.36883809010013,225.87508458358042,226.5434112548828,13902600,0.0,0.0
2026-01-20 00:00:00-05:00,222.9823099415697,227.37134203727652,218.81274543240602,219.52098083496094,13050800,0.0,0.0
2026-01-21 00:00:00-05:00,219.60078121508738,222.83270380044326,218.41376271777347,221.0272216796875,12616600,0.0,0.0
2026-01-22 00:00:00-05:00,221.68556907928988,228.14939874534454,220.55838329222703,227.52096557617188,9483000,0.0,0.0
2026-01-23 00:00:00-05:00,226.21424315112648,230.27409689230103,226.084562595832,227.4810791015625,9408000,0.0,0.0
2026-01-26 00:00:00-05:00,228.8576216936821,230.37383393211957,227.02221569072847,228.82769775390625,7239600,0.0,0.0
2026-01-27 00:00:00-05:00,231.36136587786606,235.1518888025041,225.70551304056352,227.95986938476562,9838400,0.0,0.0
2026-01-28 00:00:00-05:00,228.8177215437313,231.28156065195455,227.10201134964737,227.39129638671875,8465900,0.0,0.0
2026-01-29 00:00:00-05:00,216.12946393842319,216.73794275889466,208.2591480064982,213.54592895507812,18555600,0.0,0.0
2026-01-30 00:00:00-05:00,213.62572108382403,215.0122527276515,210.50352488167195,211.7603759765625,11090400,0.0,0.0
2026-02-02 00:00:00-05:00,213.81524987641757,216.3489064366914,209.2765980837965,210.28407287597656,7950900,0.0,0.0
2026-02-03 00:00:00-05:00,204.488581549593,205.04718206875432,192.6282444285455,195.8900909423828,20194200,0.0,0.0
2026-02-04 00:00:00-05:00,192.8277319681121,200.16937100852354,186.81277669902488,198.94244384765625,23010000,0.0,0.0
2026-02-05 00:00:00-05:00,193.50605396236043,199.06215043466523,188.3190143508059,189.49607849121094,21956300,0.0,0.0
2026-02-06 00:00:00-05:00,191.15193513888434,194.11452693680988,186.65317673869706,190.8726348876953,13652600,0.0,0.0
2026-02-09 00:00:00-05:00,188.82774859992284,194.71302354057786,185.26664751883544,193.5459442138672,12112000,0.0,0.0
2026-02-10 00:00:00-05:00,191.421255750879,198.60330589119863,190.27413077551486,192.96739196777344,13393000,0.0,0.0
2026-02-11 00:00:00-05:00,192.66812893714805,193.1868359181489,181.35642329067295,184.53846740722656,16350200,0.0,0.0
2026-02-12 00:00:00-05:00,185.49608375552793,187.85019676410866,179.7903524842344,184.96739196777344,16849100,0.0,0.0
2026-02-13 00:00:00-05:00,185.97488798072564,192.9673945570117,183.84022727724403,189.2467041015625,14822900,0.0,0.0
2026-02-17 00:00:00-05:00,190.49357351235233,192.51850789587922,182.71302973459214,183.83023071289062,13692900,0.0,0.0
2026-02-18 00:00:00-05:00,183.42126875733624,187.67063560851238,181.40630390682867,187.32150268554688,9852900,0.0,0.0
2026-02-19 00:00:00-05:00,186.13448821053632,186.48360592024,182.77288512329625,184.82774353027344,9565100,0.0,0.0
2026-02-20 00:00:00-05:00,184.85767883258197,191.25167586879246,183.27163392937373,184.6980743408203,10816200,0.0,0.0
2026-02-23 00:00:00-05:00,180.81778770690732,182.01479100763024,174.13450532554185,177.71554565429688,15498600,0.0,0.0
2026-02-24 00:00:00-05:00,177.196838084735,188.19932015231703,175.84023028933072,184.95742797851562,15564700,0.0,0.0
2026-02-25 00:00:00-05:00,182.54346578466223,192.1195225370647,181.80530639984335,191.27163696289062,21875100,0.0,0.0
2026-02-26 00:00:00-05:00,196.26912050488014,200.53844160483254,190.85267449666222,198.9723663330078,26680500,0.0,0.0
2026-02-27 00:00:00-05:00,191.43124177696404,195.43123246694375,189.4462007919714,194.30404663085938,16346500,0.0,0.0
2026-03-02 00:00:00-05:00,192.01975362768917,195.4511739979618,190.2042868328992,192.4686279296875,9932700,0.0,0.0
2026-03-03 00:00:00-05:00,190.274132060556,198.17437204754034,189.1070527100527,195.5609130859375,13208900,0.0,0.0
2026-03-04 00:00:00-05:00,194.61327721210554,195.97985451184678,191.62076151056044,192.5983123779297,11583700,0.0,0.0
2026-03-05 00:00:00-05:00,193.87512757333457,203.91002829331285,193.75543180990664,200.88758850097656,15860900,0.0,0.0
2026-03-06 00:00:00-05:00,200.2890749323073,202.45367474586595,196.87760876152007,201.6057891845703,9657400,0.0,0.0
2026-03-09 00:00:00-04:00,198.0646454308295,203.16189800680186,195.38135379950296,198.2940673828125,10754800,0.0,0.0
2026-03-10 00:00:00-04:00,196.76788003492268,199.07212994665105,190.12450664106865,194.4237518310547,14467400,0.0,0.0
2026-03-11 00:00:00-04:00,195.91003221863537,199.0521830041587,190.81277959479434,193.6457061767578,9580000,0.0,0.0
2026-03-12 00:00:00-04:00,193.64569117387683,204.34891780907077,192.66812510973307,198.7828369140625,26309700,0.0,0.0
2026-03-13 00:00:00-04:00,199.2317180822067,200.49855400363384,191.2716304984915,192.34893798828125,14834700,0.0,0.0
2026-03-16 00:00:00-04:00,194.66314019652606,198.13446936744256,194.66314019652606,197.84518432617188,13419600,0.0,0.0
2026-03-17 00:00:00-04:00,197.7254979255844,201.87512354558928,193.96489875615978,194.82275390625,11559300,0.0,0.0
2026-03-18 00:00:00-04:00,192.9175062186935,195.66064561292413,192.1594077201115,193.85516357421875,10525100,0.0,0.0
2026-03-19 00:00:00-04:00,195.10204931886724,199.90004716370177,192.8177689803211,194.50355529785156,9254300,0.0,0.0
2026-03-20 00:00:00-04:00,192.72799358664898,195.1818479466855,189.52599507795117,194.892578125,20201100,0.0,0.0
2026-03-23 00:00:00-04:00,196.59830815872763,197.5559199060217,191.52101003524578,194.6930694580078,13976200,0.0,0.0
2026-03-24 00:00:00-04:00,191.66065855717017,191.66065855717017,181.83522573428624,182.56341552734375,18631400,0.0,0.0
2026-03-25 00:00:00-04:00,185.23671754568545,186.92250381404787,179.40132110218693,181.5060577392578,12565200,0.0,0.0
2026-03-26 00:00:00-04:00,180.72799962938814,187.0023163747792,179.08212200290018,185.1768798828125,10330700,0.0,0.0
2026-03-27 00:00:00-04:00,183.54097313819966,183.65069932879598,178.37390304819075,178.8626708984375,9902000,0.0,0.0
2026-03-30 00:00:00-04:00,179.65069645716662,185.92499760247125,179.13198948025172,184.56838989257812,11617700,0.0,0.0
2026-03-31 00:00:00-04:00,184.43871140340727,188.02973632874367,181.85517650417125,186.2042999267578,11041400,0.0,0.0
2026-04-01 00:00:00-04:00,186.3838541517522,188.50852989411632,182.55342258633885,185.77537536621094,11677700,0.0,0.0
2026-04-02 00:00:00-04:00,184.83772840842994,187.11203919201645,181.1270076097946,186.71302795410156,11635500,0.0,0.0
2026-04-06 00:00:00-04:00,187.0322290070217,187.67063173987012,183.14196473196435,184.56838989257812,14391000,0.0,0.0
2026-04-07 00:00:00-04:00,184.48859629898368,186.11453475668867,181.5659131692702,182.50357055664062,12344600,0.0,0.0
2026-04-08 00:00:00-04:00,186.03472553385433,186.30405620795747,175.34146824261524,175.92999267578125,13472100,0.0,0.0
2026-04-09 00:00:00-04:00,173.1699981689453,174.2899932861328,167.1199951171875,170.85000610351562,20855400,0.44,0.0
2026-04-10 00:00:00-04:00,171.25999450683594,171.25999450683594,163.52000427246094,164.9600067138672,18109300,0.0,0.0
2026-04-13 00:00:00-04:00,167.0500030517578,173.39999389648438,165.77000427246094,172.82000732421875,12390800,0.0,0.0
2026-04-14 00:00:00-04:00,175.2100067138672,177.5,170.5,171.30999755859375,13123600,0.0,0.0
2026-04-15 00:00:00-04:00,174.22000122070312,179.6199951171875,172.8800048828125,177.60000610351562,14340300,0.0,0.0
2026-04-16 00:00:00-04:00,184.0,184.5500030517578,178.57000732421875,181.22000122070312,11866700,0.0,0.0
2026-04-17 00:00:00-04:00,185.42999267578125,187.97999572753906,181.02999877929688,182.13999938964844,17225700,0.0,0.0
2026-04-20 00:00:00-04:00,182.5,189.0,182.1199951171875,186.27000427246094,14382300,0.0,0.0
2026-04-21 00:00:00-04:00,186.60000610351562,193.55999755859375,184.10000610351562,187.11000061035156,12073700,0.0,0.0
2026-04-22 00:00:00-04:00,188.1999969482422,191.14999389648438,187.02999877929688,189.8000030517578,14565900,0.0,0.0
2026-04-23 00:00:00-04:00,177.55999755859375,178.8699951171875,170.64999389648438,173.3000030517578,22719900,0.0,0.0
2026-04-24 00:00:00-04:00,175.6199951171875,178.4499969482422,174.39999389648438,178.16000366210938,10817600,0.0,0.0
2026-04-27 00:00:00-04:00,178.25999450683594,184.2899932861328,177.50999450683594,180.17999267578125,11907000,0.0,0.0
2026-04-28 00:00:00-04:00,182.42999267578125,184.4199981689453,181.32000732421875,181.32000732421875,8711700,0.0,0.0
2026-04-29 00:00:00-04:00,179.1999969482422,181.77999877929688,177.35000610351562,181.22000122070312,6882800,0.0,0.0
2026-04-30 00:00:00-04:00,178.3000030517578,178.69000244140625,173.0,176.52999877929688,14408300,0.0,0.0
2026-05-01 00:00:00-04:00,182.19000244140625,186.0399932861328,178.75,183.82000732421875,12324400,0.0,0.0
2026-05-04 00:00:00-04:00,184.24000549316406,190.30999755859375,183.97000122070312,185.47999572753906,8444700,0.0,0.0
2026-05-05 00:00:00-04:00,185.5500030517578,187.38999938964844,181.10000610351562,186.99000549316406,9740800,0.0,0.0
2026-05-06 00:00:00-04:00,185.52000427246094,187.10000610351562,179.5800018310547,181.19000244140625,11303400,0.0,0.0
2026-05-07 00:00:00-04:00,184.60000610351562,188.5800018310547,184.0,186.33999633789062,13955100,0.0,0.0
2026-05-08 00:00:00-04:00,179.67999267578125,181.8699951171875,176.8800048828125,181.82000732421875,15123900,0.0,0.0
2026-05-11 00:00:00-04:00,179.91000366210938,182.5,176.30999755859375,177.49000549316406,11145000,0.0,0.0
2026-05-12 00:00:00-04:00,177.5800018310547,177.5800018310547,170.5800018310547,171.30999755859375,10214000,0.0,0.0
2026-05-13 00:00:00-04:00,169.77999877929688,169.77999877929688,164.75,165.83999633789062,11951900,0.0,0.0
2026-05-14 00:00:00-04:00,166.0,169.35000610351562,164.3300018310547,167.5800018310547,9749400,0.0,0.0
2026-05-15 00:00:00-04:00,169.25,175.97000122070312,169.0,173.50999450683594,13776600,0.0,0.0
